Debit/Credit,Date,Description,Table Heading, Amount , Outstanding Balance ,,,In QB?,Date,Account
,,Opening Balance,,,"449,982.50",,,,,
Credit,6/1/2018,Bankcard-8566 Mtot Dep 518089424394518 CCD ID: 1592126793,Deposits And Additions,371.25,"450,353.75",,0,Y,6/1/2018,1000 Membership:NMA1200 New Affiliate
Debit,6/1/2018,06/01 Online Transfer To Chk ...7365 Transaction#: 7195928954,Electronic Withdrawals,"-6,675.00","443,678.75",,0,,,
Debit,6/1/2018,Card Purchase 05/31 Fedexoffice 00000828 800-4633339 TX Card 0698,Atm & Debit Card Withdrawals,-57.49,"443,621.26",,0,,,
Debit,6/1/2018,Card Purchase 05/31 Www.Maxflatow.Com Www.Maxflatow NY Card 0698,Atm & Debit Card Withdrawals,-830,"442,791.26",,0,,,
Credit,6/4/2018,Bankcard-8566 Mtot Dep 518089424394518 CCD ID: 1592126793,Deposits And Additions,163.75,"442,955.01",,0,,,
Debit,6/4/2018,Bankcard-8566 Mtot Disc 518089424394518 CCD ID: 1592126793,Electronic Withdrawals,-393.31,"442,561.70",,0,,,
Debit,6/4/2018,Card Purchase 06/02 Greenwich St Parking Ll New York NY Card 0698,Atm & Debit Card Withdrawals,-132,"442,429.70",,0,,,
Debit,6/4/2018,Card Purchase 06/04 Amazon Mktplace Pmts Amzn.Com/Bill WA Card 0698,Atm & Debit Card Withdrawals,-11.46,"442,418.24",,0,,,
Debit,6/4/2018,Card Purchase 06/01 Linode.Com 855-4546633 NJ Card 0698,Atm & Debit Card Withdrawals,-35,"442,383.24",,0,,,
Credit,6/4/2018,Bankcard-8566 Mtot Dep 518089424394518 CCD ID: 1592126793,Deposits And Additions,123.75,"442,506.99",,0,,,
Debit,6/5/2018,"Bluepay,Inc. 8667398324 100573263055 CCD ID: 0000000380",Electronic Withdrawals,-39.95,"442,467.04",,0,,,
Debit,6/5/2018,Card Purchase 06/04 Amazon.Com Amzn.Com/Bill WA Card 0698,Atm & Debit Card Withdrawals,-14.49,"442,452.55",,0,,,
Credit,6/5/2018,Bankcard-8566 Mtot Dep 518089424394518 CCD ID: 1592126793,Deposits And Additions,20,"442,472.55",,0,,,
Debit,6/5/2018,Service Charges For The Month of May,Fees,-34.95,"442,437.60",,0,,,
Credit,6/6/2018,Bankcard-8566 Mtot Dep 518089424394518 CCD ID: 1592126793,Deposits And Additions,220,"442,657.60",,0,,,
Debit,6/6/2018,Card Purchase With Pin 06/06 Staples 1106 New York NY Card 0698,Atm & Debit Card Withdrawals,-92.03,"442,565.57",,0,,,
Debit,6/7/2018,06/07 Online ACH Payment 5201627419 To Michele Cobb (_######6800),Electronic Withdrawals,"-11,353.16","431,212.41",,0,,,
Credit,6/7/2018,Remote Online Deposit 1,Deposits And Additions,"6,500.00","437,712.41",,0,,,
Credit,6/7/2018,Remote Online Deposit 1,Deposits And Additions,900,"438,612.41",,0,,,
Debit,6/7/2018,Card Purchase 06/06 Amazon.Com Amzn.Com/Bill WA Card 0698,Atm & Debit Card Withdrawals,-27.71,"438,584.70",,0,,,
Debit,6/7/2018,Card Purchase With Pin 06/07 Usps PO 35965800 201 V New York NY Card 0698,Atm & Debit Card Withdrawals,-37.62,"438,547.08",,0,,,
Credit,6/7/2018,Bankcard-8566 Mtot Dep 518089424394518 CCD ID: 1592126793,Deposits And Additions,505,"439,052.08",,0,,,
Debit,6/8/2018,Card Purchase With Pin 06/08 Usps PO 35965800 201 V New York NY Card 0698,Atm & Debit Card Withdrawals,-35.85,"439,016.23",,0,,,
Debit,6/8/2018,"Card Purchase 06/07 Sq *Graphic Executions, New York NY Card 0698",Atm & Debit Card Withdrawals,"-3,215.08","435,801.15",,0,,,
Credit,6/8/2018,Bankcard-8566 Mtot Dep 518089424394518 CCD ID: 1592126793,Deposits And Additions,163.75,"435,964.90",,0,,,
Debit,6/8/2018,"Card Purchase 06/07 Sq *Graphic Executions, New York NY Card 0698",Atm & Debit Card Withdrawals,"-1,277.10","434,687.80",,0,,,
Credit,6/11/2018,Bankcard-8566 Mtot Dep 518089424394518 CCD ID: 1592126793,Deposits And Additions,225,"434,912.80",,0,,,
Credit,6/11/2018,Bankcard-8566 Mtot Dep 518089424394518 CCD ID: 1592126793,Deposits And Additions,20,"434,932.80",,0,,,
Debit,6/11/2018,Recurring Card Purchase 06/09 Fedex 384343183 800-4633339 TN Card 0698,Atm & Debit Card Withdrawals,-37.92,"434,894.88",,0,,,
Credit,6/11/2018,Bankcard-8566 Mtot Dep 518089424394518 CCD ID: 1592126793,Deposits And Additions,20,"434,914.88",,0,,,
Debit,6/11/2018,"06/11 Online Payment 7222152934 To The Harry Walker Agency, Inc.",Electronic Withdrawals,-339.5,"434,575.38",,0,,,
Debit,6/11/2018,Card Purchase With Pin 06/11 Usps PO 35965800 201 V New York NY Card 0698,Atm & Debit Card Withdrawals,-27.45,"434,547.93",,0,,,
Debit,6/11/2018,06/11 Online Payment 7222151667 To Over The River Public Relations,Electronic Withdrawals,-152.5,"434,395.43",,0,,,
Debit,6/13/2018,Recurring Card Purchase 06/12 Fedex 384680479 800-4633339 TN Card 0698,Atm & Debit Card Withdrawals,-53.6,"434,341.83",,0,,,
Credit,6/13/2018,Bankcard-8566 Mtot Dep 518089424394518 CCD ID: 1592126793,Deposits And Additions,25,"434,366.83",,0,,,
Credit,6/14/2018,Bankcard-8566 Mtot Dep 518089424394518 CCD ID: 1592126793,Deposits And Additions,143.75,"434,510.58",,0,,,
Debit,6/14/2018,Recurring Card Purchase 06/14 Rackspace Email & App 210-312-4000 TX Card 0698,Atm & Debit Card Withdrawals,-10,"434,500.58",,0,,,
Debit,6/14/2018,Recurring Card Purchase 06/13 Fedex 170220862 800-4633339 TN Card 0698,Atm & Debit Card Withdrawals,-78.71,"434,421.87",,0,,,
Debit,6/14/2018,Recurring Card Purchase 06/13 Vbs*Vonage Business 866-901-0242 GA Card 0698,Atm & Debit Card Withdrawals,-88.6,"434,333.27",,0,,,
Credit,6/15/2018,Bankcard-8566 Mtot Dep 518089424394518 CCD ID: 1592126793,Deposits And Additions,223.75,"434,557.02",,0,,,
Debit,6/15/2018,Recurring Card Purchase 06/14 Fedex 170264100 800-4633339 TN Card 0698,Atm & Debit Card Withdrawals,-78.71,"434,478.31",,0,,,
Debit,6/18/2018,Card Purchase 06/17 Amazon Mktplace Pmts Amzn.Com/Bill WA Card 0698,Atm & Debit Card Withdrawals,-68.19,"434,410.12",,0,,,
Credit,6/18/2018,Bankcard-8566 Mtot Dep 518089424394518 CCD ID: 1592126793,Deposits And Additions,278.75,"434,688.87",,0,,,
Credit,6/18/2018,Bankcard-8566 Mtot Dep 518089424394518 CCD ID: 1592126793,Deposits And Additions,720,"435,408.87",,0,,,
Debit,6/18/2018,Recurring Card Purchase 06/15 Smk*Surveymonkey.Com 971-2445555 CA Card 0698,Atm & Debit Card Withdrawals,-29,"435,379.87",,0,,,
Credit,6/18/2018,Bankcard-8566 Mtot Dep 518089424394518 CCD ID: 1592126793,Deposits And Additions,20,"435,399.87",,0,,,
Credit,6/19/2018,Bankcard-8566 Mtot Dep 518089424394518 CCD ID: 1592126793,Deposits And Additions,123.75,"435,523.62",,0,,,
Debit,6/19/2018,Card Purchase 06/18 Javits Center Batch 212-2162319 NY Card 0698,Atm & Debit Card Withdrawals,-155.4,"435,368.22",,0,,,
Credit,6/20/2018,Bankcard-8566 Mtot Dep 518089424394518 CCD ID: 1592126793,Deposits And Additions,20,"435,388.22",,0,,,
Credit,6/21/2018,Bankcard-8566 Mtot Dep 518089424394518 CCD ID: 1592126793,Deposits And Additions,160,"435,548.22",,0,,,
Credit,6/22/2018,Bankcard-8566 Mtot Dep 518089424394518 CCD ID: 1592126793,Deposits And Additions,20,"435,568.22",,0,,,
Credit,6/25/2018,Bankcard-8566 Mtot Dep 518089424394518 CCD ID: 1592126793,Deposits And Additions,858.75,"436,426.97",,0,,,
Credit,6/25/2018,Bankcard-8566 Mtot Dep 518089424394518 CCD ID: 1592126793,Deposits And Additions,20,"436,446.97",,0,,,
Credit,6/25/2018,Bankcard-8566 Mtot Dep 518089424394518 CCD ID: 1592126793,Deposits And Additions,123.75,"436,570.72",,0,,,
Debit,6/26/2018,06/26 Online Payment 7171338554 To Over The River Public Relations,Electronic Withdrawals,"-3,000.00","433,570.72",,0,,,
Debit,6/26/2018,"06/26 Online Payment 7261238873 To Edison Media Research, Inc.",Electronic Withdrawals,"-30,000.00","403,570.72",,0,,,
Credit,6/26/2018,Bankcard-8566 Btot Dep 518089424394518 CCD ID: 1592126793,Deposits And Additions,40,"403,610.72",,0,,,
Debit,6/26/2018,Card Purchase 06/25 Zoom.US 888-799-9666 CA Card 0698,Atm & Debit Card Withdrawals,-59.87,"403,550.85",,0,,,
Debit,6/26/2018,06/26 Online Payment 7261234516 To Francesca Goldsmith,Electronic Withdrawals,-300,"403,250.85",,0,,,
Credit,6/27/2018,Bankcard-8566 Mtot Dep 518089424394518 CCD ID: 1592126793,Deposits And Additions,40,"403,290.85",,0,,,
Debit,6/28/2018,Recurring Card Purchase 06/27 Eig*Constantcontact.CO 855-2295506 MA Card 0698,Atm & Debit Card Withdrawals,-70.77,"403,220.08",,0,,,
Credit,6/28/2018,Bankcard-8566 Mtot Dep 518089424394518 CCD ID: 1592126793,Deposits And Additions,20,"403,240.08",,0,,,
Credit,6/29/2018,Bankcard-8566 Btot Dep 518089424394518 CCD ID: 1592126793,Deposits And Additions,163.75,"403,403.83",,0,,,
Debit,6/29/2018,Recurring Card Purchase 06/28 Google *Google Storag 855-836-3987 CA Card 0698,Atm & Debit Card Withdrawals,-9.99,"403,393.84",,0,,,
Credit,7/2/2018,Bankcard-8566 Btot ADJ 518089424394518 CCD ID: 1592126793,Deposits And Additions,5.94,"403,399.78",,0,,,
Debit,7/2/2018,Bankcard-8566 Mtot Disc 518089424394518 CCD ID: 1592126793,Electronic Withdrawals,-200.9,"403,198.88",,0,,,
Debit,7/2/2018,Card Purchase 07/01 Linode.Com 855-4546633 NJ Card 0698,Atm & Debit Card Withdrawals,-35,"403,163.88",,0,,,
Credit,7/3/2018,Bankcard-8566 Mtot Dep 518089424394518 CCD ID: 1592126793,Deposits And Additions,20,"403,183.88",,0,,,
Credit,7/3/2018,Bankcard-8566 Mtot Dep 518089424394518 CCD ID: 1592126793,Deposits And Additions,185,"403,368.88",,0,,,
Debit,7/3/2018,Bankcard-8566 Btot ADJ 518089424394518 CCD ID: 1592126793,Electronic Withdrawals,-11.88,"403,357.00",,0,,,
Debit,7/5/2018,"Bluepay,Inc. 8667398324 100585425005 CCD ID: 0000000380",Electronic Withdrawals,-39.95,"403,317.05",,0,,,
Debit,7/5/2018,Service Charges For The Month of June,Fees,-34.95,"403,282.10",,0,,,
Credit,7/5/2018,Bankcard-8566 Mtot Dep 518089424394518 CCD ID: 1592126793,Deposits And Additions,222.5,"403,504.60",,0,,,
Credit,7/5/2018,Bankcard-8566 Mtot Dep 518089424394518 CCD ID: 1592126793,Deposits And Additions,40,"403,544.60",,0,,,
Debit,7/9/2018,Card Purchase With Pin 07/09 Usps PO 23783006 5691 Rock Hall MD Card 0698,Atm & Debit Card Withdrawals,-26.44,"403,518.16",,0,,,
Credit,7/9/2018,Bankcard-8566 Mtot Dep 518089424394518 CCD ID: 1592126793,Deposits And Additions,123.75,"403,641.91",,0,,,
Credit,7/9/2018,Bankcard-8566 Mtot Dep 518089424394518 CCD ID: 1592126793,Deposits And Additions,205,"403,846.91",,0,,,
Debit,7/10/2018,07/10 Online Payment 7303432901 To Audiofile,Electronic Withdrawals,"-7,990.00","395,856.91",,0,,,
Credit,7/11/2018,Bankcard-8566 Mtot Dep 518089424394518 CCD ID: 1592126793,Deposits And Additions,247.5,"396,104.41",,0,,,
Debit,7/11/2018,Recurring Card Purchase 07/10 Fedex 387394185 800-4633339 TN Card 0698,Atm & Debit Card Withdrawals,-35.1,"396,069.31",,0,,,
Credit,7/12/2018,ATM Check Deposit 07/12 345 Hudson St New York NY Card 0698,Deposits And Additions,900,"396,969.31",,0,,,
Debit,7/12/2018,Card Purchase 07/11 Nyctaxi7L36 Manhasset NY Card 0698,Atm & Debit Card Withdrawals,-9.75,"396,959.56",,0,,,
Credit,7/12/2018,ATM Cash Deposit 07/12 345 Hudson St New York NY Card 0698,Deposits And Additions,40,"396,999.56",,0,,,
Debit,7/12/2018,Card Purchase 07/10 Taxi Svc Woodside Woodside NY Card 0698,Atm & Debit Card Withdrawals,-8.19,"396,991.37",,0,,,
Debit,7/12/2018,Card Purchase 07/10 Nyctaxi8N56 Long Island C NY Card 0698,Atm & Debit Card Withdrawals,-15.3,"396,976.07",,0,,,
Credit,7/13/2018,Bankcard-8566 Mtot Dep 518089424394518 CCD ID: 1592126793,Deposits And Additions,185,"397,161.07",,0,,,
Debit,7/13/2018,Card Purchase 07/11 Nyctaxi3C88 Fresh Meadows NY Card 0698,Atm & Debit Card Withdrawals,-11.4,"397,149.67",,0,,,
Debit,7/16/2018,Recurring Card Purchase 07/13 Google *Google Storag 855-836-3987 CA Card 0698,Atm & Debit Card Withdrawals,-19.99,"397,129.68",,0,,,
Debit,7/16/2018,Recurring Card Purchase 07/13 Web*Networksolutions 888-6429675 FL Card 0698,Atm & Debit Card Withdrawals,-75.98,"397,053.70",,0,,,
Credit,7/16/2018,Bankcard-8566 Mtot Dep 518089424394518 CCD ID: 1592126793,Deposits And Additions,300,"397,353.70",,0,,,
Debit,7/16/2018,Recurring Card Purchase 07/15 Smk*Surveymonkey.Com 971-2445555 CA Card 0698,Atm & Debit Card Withdrawals,-29,"397,324.70",,0,,,
Debit,7/16/2018,Card Purchase 07/13 Usps Postage Stamps. 310-482-5800 CA Card 0698,Atm & Debit Card Withdrawals,-50,"397,274.70",,0,,,
Debit,7/16/2018,Recurring Card Purchase 07/14 Rackspace Email & App 210-312-4000 TX Card 0698,Atm & Debit Card Withdrawals,-10,"397,264.70",,0,,,
Debit,7/16/2018,Recurring Card Purchase 07/13 Vbs*Vonage Business 866-901-0242 GA Card 0698,Atm & Debit Card Withdrawals,-84.99,"397,179.71",,0,,,
Credit,7/18/2018,Bankcard-8566 Mtot Dep 518089424394518 CCD ID: 1592126793,Deposits And Additions,865,"398,044.71",,0,,,
Credit,7/19/2018,Bankcard-8566 Mtot Dep 518089424394518 CCD ID: 1592126793,Deposits And Additions,"1,387.50","399,432.21",,0,,,
Debit,7/19/2018,Recurring Card Purchase 07/18 Fedex 388185936 800-4633339 TN Card 0698,Atm & Debit Card Withdrawals,-181.72,"399,250.49",,0,,,
Credit,7/20/2018,Bankcard-8566 Mtot Dep 518089424394518 CCD ID: 1592126793,Deposits And Additions,"1,100.00","400,350.49",,0,,,
Credit,7/23/2018,Bankcard-8566 Mtot Dep 518089424394518 CCD ID: 1592126793,Deposits And Additions,400,"400,750.49",,0,,,
Credit,7/23/2018,Bankcard-8566 Mtot Dep 518089424394518 CCD ID: 1592126793,Deposits And Additions,402.5,"401,152.99",,0,,,
Debit,7/24/2018,07/24 Online Payment 7338909319 To Suzanne Freeman,Electronic Withdrawals,-266.32,"400,886.67",,0,,,
Debit,7/24/2018,07/24 Online Payment 7339802063 To Bailey Duquette P.C.,Electronic Withdrawals,"-3,750.00","397,136.67",,0,,,
Debit,7/24/2018,"07/24 Online Payment 7338906640 To Graphic Executions, Inc.",Electronic Withdrawals,-194.89,"396,941.78",,0,,,
Debit,7/24/2018,Card Purchase 07/23 Www.Maxflatow.Com Www.Maxflatow NY Card 0698,Atm & Debit Card Withdrawals,-207.5,"396,734.28",,0,,,
Credit,7/24/2018,Bankcard-8566 Mtot Dep 518089424394518 CCD ID: 1592126793,Deposits And Additions,330,"397,064.28",,0,,,
Debit,7/24/2018,"07/24 Online Payment 7339800824 To Management Practice, Inc.",Electronic Withdrawals,"-14,500.00","382,564.28",,0,,,
Debit,7/24/2018,"07/24 Online Payment 7338907466 To Janet Benson Consulting, Inc.",Electronic Withdrawals,-35.38,"382,528.90",,0,,,
Credit,7/25/2018,Bankcard-8566 Mtot Dep 518089424394518 CCD ID: 1592126793,Deposits And Additions,502.5,"383,031.40",,0,,,
Debit,7/25/2018,Card Purchase 07/25 Greatamerican 800-847-4357 OH Card 0698,Atm & Debit Card Withdrawals,-917,"382,114.40",,0,,,
Debit,7/26/2018,Card Purchase 07/25 Zoom.US 888-799-9666 CA Card 0698,Atm & Debit Card Withdrawals,-59.87,"382,054.53",,0,,,
Credit,7/26/2018,Bankcard-8566 Mtot Dep 518089424394518 CCD ID: 1592126793,Deposits And Additions,282.5,"382,337.03",,0,,,
Debit,7/27/2018,07/27 Online Payment 7261086747 To Over The River Public Relations,Electronic Withdrawals,"-3,000.00","379,337.03",,0,,,
Credit,7/27/2018,Bankcard-8566 Mtot Dep 518089424394518 CCD ID: 1592126793,Deposits And Additions,882.5,"380,219.53",,0,,,
Credit,7/30/2018,Bankcard-8566 Mtot Dep 518089424394518 CCD ID: 1592126793,Deposits And Additions,400,"380,619.53",,0,,,
Debit,7/30/2018,07/29 Online Transfer To Chk ...7365 Transaction#: 7353955330,Electronic Withdrawals,"-6,675.00","373,944.53",,0,,,
Credit,7/30/2018,Bankcard-8566 Mtot Dep 518089424394518 CCD ID: 1592126793,Deposits And Additions,905,"374,849.53",,0,,,
Debit,7/30/2018,Recurring Card Purchase 07/28 Eig*Constantcontact.CO 855-2295506 MA Card 0698,Atm & Debit Card Withdrawals,-70.77,"374,778.76",,0,,,
Credit,7/30/2018,Bankcard-8566 Mtot Dep 518089424394518 CCD ID: 1592126793,Deposits And Additions,600,"375,378.76",,0,,,
Credit,8/1/2018,Bankcard-8566 Mtot Dep 518089424394518 CCD ID: 1592126793,Deposits And Additions,"1,022.50","376,401.26",,0,,,
Debit,8/2/2018,Bankcard-8566 Mtot Disc 518089424394518 CCD ID: 1592126793,Electronic Withdrawals,-442.64,"375,958.62",,0,,,
Debit,8/2/2018,Card Purchase 08/01 Linode.Com 855-4546633 NJ Card 0698,Atm & Debit Card Withdrawals,-48.2,"375,910.42",,0,,,
Credit,8/2/2018,Bankcard-8566 Mtot Dep 518089424394518 CCD ID: 1592126793,Deposits And Additions,"1,002.50","376,912.92",,0,,,
Debit,8/3/2018,Service Charges For The Month of July,Fees,-34.95,"376,877.97",,0,,,
Credit,8/3/2018,Fedwire Credit Via: The Bank of New York Mellon/021000018 B/O: Rakuten Kobo Inc,Deposits And Additions,"1,500.00","378,377.97",,0,,,
Debit,8/3/2018,"Bluepay,Inc. 8667398324 100597735339 CCD ID: 0000000380",Electronic Withdrawals,-39.95,"378,338.02",,0,,,
Credit,8/3/2018,Bankcard-8566 Mtot Dep 518089424394518 CCD ID: 1592126793,Deposits And Additions,"2,715.00","381,053.02",,0,,,
Credit,8/6/2018,Bankcard-8566 Mtot Dep 518089424394518 CCD ID: 1592126793,Deposits And Additions,100,"381,153.02",,0,,,
Credit,8/6/2018,Bankcard-8566 Mtot Dep 518089424394518 CCD ID: 1592126793,Deposits And Additions,82.5,"381,235.52",,0,,,
Debit,8/6/2018,Card Purchase 08/04 Intuit *Quickbooks 800-446-8848 CA Card 0698,Atm & Debit Card Withdrawals,-239.47,"380,996.05",,0,,,
Credit,8/6/2018,Bankcard-8566 Mtot Dep 518089424394518 CCD ID: 1592126793,Deposits And Additions,"1,582.50","382,578.55",,0,,,
Credit,8/7/2018,Bankcard-8566 Mtot Dep 518089424394518 CCD ID: 1592126793,Deposits And Additions,"1,000.00","383,578.55",,0,,,
Credit,8/8/2018,Bankcard-8566 Mtot Dep 518089424394518 CCD ID: 1592126793,Deposits And Additions,"1,467.50","385,046.05",,0,,,
Credit,8/9/2018,Bankcard-8566 Mtot Dep 518089424394518 CCD ID: 1592126793,Deposits And Additions,"15,852.50","400,898.55",,0,,,
Credit,8/10/2018,Bankcard-8566 Mtot Dep 518089424394518 CCD ID: 1592126793,Deposits And Additions,"45,882.50","446,781.05",,0,,,
Credit,8/13/2018,Bankcard-8566 Mtot Dep 518089424394518 CCD ID: 1592126793,Deposits And Additions,100,"446,881.05",,0,,,
Debit,8/13/2018,Recurring Card Purchase 08/13 Stamps.Com 855-608-2677 CA Card 0698,Atm & Debit Card Withdrawals,-15.99,"446,865.06",,0,,,
Credit,8/13/2018,Bankcard-8566 Mtot Dep 518089424394518 CCD ID: 1592126793,Deposits And Additions,"2,140.00","449,005.06",,0,,,
Credit,8/13/2018,Bankcard-8566 Mtot Dep 518089424394518 CCD ID: 1592126793,Deposits And Additions,40,"449,045.06",,0,,,
Debit,8/14/2018,Recurring Card Purchase 08/14 Rackspace Email & App 210-312-4000 TX Card 0698,Atm & Debit Card Withdrawals,-10,"449,035.06",,0,,,
Credit,8/14/2018,Bankcard-8566 Mtot Dep 518089424394518 CCD ID: 1592126793,Deposits And Additions,162.5,"449,197.56",,0,,,
Debit,8/14/2018,Recurring Card Purchase 08/13 Google *Google Storag 855-836-3987 CA Card 0698,Atm & Debit Card Withdrawals,-19.99,"449,177.57",,0,,,
Debit,8/14/2018,Recurring Card Purchase 08/13 Vbs*Vonage Business 866-901-0242 GA Card 0698,Atm & Debit Card Withdrawals,-84.99,"449,092.58",,0,,,
Credit,8/15/2018,Bankcard-8566 Mtot Dep 518089424394518 CCD ID: 1592126793,Deposits And Additions,962.5,"450,055.08",,0,,,
Debit,8/16/2018,Recurring Card Purchase 08/15 Smk*Surveymonkey.Com 971-2445555 CA Card 0698,Atm & Debit Card Withdrawals,-29,"450,026.08",,0,,,
Credit,8/16/2018,Bankcard-8566 Mtot Dep 518089424394518 CCD ID: 1592126793,Deposits And Additions,60,"450,086.08",,0,,,
Credit,8/17/2018,Bankcard-8566 Mtot Dep 518089424394518 CCD ID: 1592126793,Deposits And Additions,520,"450,606.08",,0,,,
Credit,8/20/2018,Bankcard-8566 Mtot Dep 518089424394518 CCD ID: 1592126793,Deposits And Additions,60,"450,666.08",,0,,,
Credit,8/20/2018,Bankcard-8566 Mtot Dep 518089424394518 CCD ID: 1592126793,Deposits And Additions,143.75,"450,809.83",,0,,,
Debit,8/21/2018,"Quickpay With Zelle Payment To Janet Benson, Inc. 7420425644",Electronic Withdrawals,-27.64,"450,782.19",,0,,,
Credit,8/21/2018,Bankcard-8566 Mtot Dep 518089424394518 CCD ID: 1592126793,Deposits And Additions,82.5,"450,864.69",,0,,,
Credit,8/22/2018,Bankcard-8566 Mtot Dep 518089424394518 CCD ID: 1592126793,Deposits And Additions,572.5,"451,437.19",,0,,,
Credit,8/23/2018,Bankcard-8566 Mtot Dep 518089424394518 CCD ID: 1592126793,Deposits And Additions,600,"452,037.19",,0,,,
Debit,8/24/2018,08/24 Online Payment 7346772260 To Over The River Public Relations,Electronic Withdrawals,"-3,000.00","449,037.19",,0,,,
Credit,8/24/2018,Bankcard-8566 Mtot Dep 518089424394518 CCD ID: 1592126793,Deposits And Additions,20,"449,057.19",,0,,,
Debit,8/27/2018,Card Purchase 08/25 Zoom.US 888-799-9666 CA Card 0698,Atm & Debit Card Withdrawals,-59.87,"448,997.32",,0,,,
Credit,8/27/2018,Bankcard-8566 Mtot Dep 518089424394518 CCD ID: 1592126793,Deposits And Additions,82.5,"449,079.82",,0,,,
Credit,8/27/2018,Bankcard-8566 Mtot Dep 518089424394518 CCD ID: 1592126793,Deposits And Additions,832.5,"449,912.32",,0,,,
Debit,8/27/2018,Recurring Card Purchase 08/25 Fedex 391854669 800-4633339 TN Card 0698,Atm & Debit Card Withdrawals,-220.9,"449,691.42",,0,,,
Credit,8/27/2018,Bankcard-8566 Mtot Dep 518089424394518 CCD ID: 1592126793,Deposits And Additions,592.5,"450,283.92",,0,,,
Credit,8/29/2018,Bankcard-8566 Mtot Dep 518089424394518 CCD ID: 1592126793,Deposits And Additions,150,"450,433.92",,0,,,
Debit,8/29/2018,Recurring Card Purchase 08/28 Eig*Constantcontact.CO 855-2295506 MA Card 0698,Atm & Debit Card Withdrawals,-70.77,"450,363.15",,0,,,
Credit,8/30/2018,Bankcard-8566 Mtot Dep 518089424394518 CCD ID: 1592126793,Deposits And Additions,40,"450,403.15",,0,,,
Debit,8/31/2018,08/31 Online Payment 7445450456 To The Refinery,Electronic Withdrawals,-718.75,"449,684.40",,0,,,
Debit,8/31/2018,Bankcard-8566 Mtot Dep 518089424394518 CCD ID: 1592126793,Electronic Withdrawals,-480,"449,204.40",,0,,,
Debit,8/31/2018,08/31 Online ACH Payment 5203737514 To Michele Cobb (_######6800),Electronic Withdrawals,"-8,827.80","440,376.60",,0,,,
Debit,9/4/2018,Bankcard-8566 Mtot Disc 518089424394518 CCD ID: 1592126793,Electronic Withdrawals,"-3,423.52","436,953.08",,0,,,
Debit,9/4/2018,Card Purchase 09/01 Linode.Com 855-4546633 NJ Card 0698,Atm & Debit Card Withdrawals,-55,"436,898.08",,0,,,
Credit,9/4/2018,Bankcard-8566 Mtot Dep 518089424394518 CCD ID: 1592126793,Deposits And Additions,632.5,"437,530.58",,0,,,
Credit,9/5/2018,Bankcard-8566 Mtot Dep 518089424394518 CCD ID: 1592126793,Deposits And Additions,205,"437,735.58",,0,,,
Debit,9/6/2018,"Bluepay,Inc. 8667398324 100612038723 CCD ID: 0000000380",Electronic Withdrawals,-39.95,"437,695.63",,0,,,
Credit,9/6/2018,Bankcard-8566 Mtot Dep 518089424394518 CCD ID: 1592126793,Deposits And Additions,20,"437,715.63",,0,,,
Debit,9/6/2018,Service Charges For The Month of August,Fees,-34.95,"437,680.68",,0,,,
Credit,9/7/2018,Bankcard-8566 Mtot Dep 518089424394518 CCD ID: 1592126793,Deposits And Additions,572.5,"438,253.18",,0,,,
Credit,9/10/2018,Bankcard-8566 Mtot Dep 518089424394518 CCD ID: 1592126793,Deposits And Additions,232.5,"438,485.68",,0,,,
Credit,9/11/2018,Remote Online Deposit 1,Deposits And Additions,"6,400.00","444,885.68",,0,,,
Credit,9/11/2018,Bankcard-8566 Mtot Dep 518089424394518 CCD ID: 1592126793,Deposits And Additions,200,"445,085.68",,0,,,
Credit,9/11/2018,Remote Online Deposit 1,Deposits And Additions,"3,100.00","448,185.68",,0,,,
Credit,9/11/2018,Remote Online Deposit 1,Deposits And Additions,"1,000.00","449,185.68",,0,,,
Credit,9/11/2018,Remote Online Deposit 1,Deposits And Additions,"5,800.00","454,985.68",,0,,,
Credit,9/11/2018,Remote Online Deposit 1,Deposits And Additions,"2,450.00","457,435.68",,0,,,
Credit,9/12/2018,Bankcard-8566 Mtot Dep 518089424394518 CCD ID: 1592126793,Deposits And Additions,460,"457,895.68",,0,,,
Debit,9/13/2018,Recurring Card Purchase 09/13 Stamps.Com 855-608-2677 CA Card 0698,Atm & Debit Card Withdrawals,-15.99,"457,879.69",,0,,,
Credit,9/13/2018,Bankcard-8566 Mtot Dep 518089424394518 CCD ID: 1592126793,Deposits And Additions,820,"458,699.69",,0,,,
Debit,9/14/2018,Recurring Card Purchase 09/13 Vbs*Vonage Business 866-901-0242 GA Card 0698,Atm & Debit Card Withdrawals,-84.99,"458,614.70",,0,,,
Debit,9/14/2018,Recurring Card Purchase 09/14 Rackspace Email & App 210-312-4000 TX Card 0698,Atm & Debit Card Withdrawals,-10,"458,604.70",,0,,,
Debit,9/14/2018,09/14 Online Transfer To Chk ...7365 Transaction#: 7490488264,Electronic Withdrawals,"-6,675.00","451,929.70",,0,,,
Credit,9/14/2018,Bankcard-8566 Mtot Dep 518089424394518 CCD ID: 1592126793,Deposits And Additions,252.5,"452,182.20",,0,,,
Debit,9/17/2018,Recurring Card Purchase 09/15 Smk*Surveymonkey.Com 971-2445555 CA Card 0698,Atm & Debit Card Withdrawals,-29,"452,153.20",,0,,,
Credit,9/17/2018,Bankcard-8566 Mtot Dep 518089424394518 CCD ID: 1592126793,Deposits And Additions,300,"452,453.20",,0,,,
Credit,9/18/2018,Online Transfer From Chk ...7365 Transaction#: 7498630704,Deposits And Additions,"6,675.00","459,128.20",,0,,,
Credit,9/18/2018,Bankcard-8566 Mtot Dep 518089424394518 CCD ID: 1592126793,Deposits And Additions,205,"459,333.20",,0,,,
Debit,9/18/2018,09/18 Online ACH Payment 5204242400 To Michele Cobb (_######6800),Electronic Withdrawals,"-5,738.08","453,595.12",,0,,,
Credit,9/19/2018,Bankcard-8566 Mtot Dep 518089424394518 CCD ID: 1592126793,Deposits And Additions,837.5,"454,432.62",,0,,,
Credit,9/20/2018,Bankcard-8566 Mtot Dep 518089424394518 CCD ID: 1592126793,Deposits And Additions,570,"455,002.62",,0,,,
Credit,9/21/2018,Penguin Random H ACH Paymnt 0000066372 CCD ID: 1462905685,Deposits And Additions,900,"455,902.62",,0,,,
Credit,9/21/2018,Bankcard-8566 Mtot Dep 518089424394518 CCD ID: 1592126793,Deposits And Additions,560,"456,462.62",,0,,,
Credit,9/24/2018,Bankcard-8566 Mtot Dep 518089424394518 CCD ID: 1592126793,Deposits And Additions,122.5,"456,585.12",,0,,,
Credit,9/24/2018,Bankcard-8566 Mtot Dep 518089424394518 CCD ID: 1592126793,Deposits And Additions,200,"456,785.12",,0,,,
Credit,9/24/2018,Bankcard-8566 Mtot Dep 518089424394518 CCD ID: 1592126793,Deposits And Additions,240,"457,025.12",,0,,,
Credit,9/25/2018,Bankcard-8566 Mtot Dep 518089424394518 CCD ID: 1592126793,Deposits And Additions,240,"457,265.12",,0,,,
Debit,9/26/2018,09/26 Online Payment 7426336669 To Over The River Public Relations,Electronic Withdrawals,"-3,000.00","454,265.12",,0,,,
Debit,9/26/2018,Recurring Card Purchase 09/25 Fedex 400249483 800-4633339 TN Card 0698,Atm & Debit Card Withdrawals,-58.24,"454,206.88",,0,,,
Debit,9/26/2018,Card Purchase 09/25 Zoom.US 888-799-9666 CA Card 0698,Atm & Debit Card Withdrawals,-59.87,"454,147.01",,0,,,
Credit,9/26/2018,Bankcard-8566 Mtot Dep 518089424394518 CCD ID: 1592126793,Deposits And Additions,632.5,"454,779.51",,0,,,
Credit,9/27/2018,Bankcard-8566 Mtot Dep 518089424394518 CCD ID: 1592126793,Deposits And Additions,947.5,"455,727.01",,0,,,
Debit,9/28/2018,Recurring Card Purchase 09/27 Eig*Constantcontact.CO 855-2295506 MA Card 0698,Atm & Debit Card Withdrawals,-70.77,"455,656.24",,0,,,
Credit,9/28/2018,Bankcard-8566 Mtot Dep 518089424394518 CCD ID: 1592126793,Deposits And Additions,"1,120.00","456,776.24",,0,,,
Credit,10/1/2018,Bankcard-8566 Mtot Dep 518089424394518 CCD ID: 1592126793,Deposits And Additions,570,"457,346.24",,0,,,
Credit,10/1/2018,Bankcard-8566 Mtot Dep 518089424394518 CCD ID: 1592126793,Deposits And Additions,"1,562.50","458,908.74",,0,,,
Credit,10/1/2018,Bankcard-8566 Mtot Dep 518089424394518 CCD ID: 1592126793,Deposits And Additions,"4,820.00","463,728.74",,0,,,
Credit,10/1/2018,Fedwire Credit Via: Wells Fargo Bank/121000248 B/O: Volume Svcs America Inc Greenville,Deposits And Additions,"2,448.71","466,177.45",,0,,,
Debit,10/2/2018,Bankcard-8566 Mtot Disc 518089424394518 CCD ID: 1592126793,Electronic Withdrawals,-720.79,"465,456.66",,0,,,
Debit,10/2/2018,Card Purchase 10/01 Linode.Com 855-4546633 NJ Card 0698,Atm & Debit Card Withdrawals,-55,"465,401.66",,0,,,
Credit,10/2/2018,Bankcard-8566 Mtot Dep 518089424394518 CCD ID: 1592126793,Deposits And Additions,850,"466,251.66",,0,,,
Credit,10/3/2018,Bankcard-8566 Mtot Dep 518089424394518 CCD ID: 1592126793,Deposits And Additions,"4,336.25","470,587.91",,0,,,
Debit,10/3/2018,Service Charges For The Month of September,Fees,-34.95,"470,552.96",,0,,,
Credit,10/4/2018,Bankcard-8566 Mtot Dep 518089424394518 CCD ID: 1592126793,Deposits And Additions,456.25,"471,009.21",,0,,,
Debit,10/4/2018,"Bluepay,Inc. 8667398324 100624214879 CCD ID: 0000000380",Electronic Withdrawals,-39.95,"470,969.26",,0,,,
Debit,10/5/2018,Recurring Card Purchase 10/04 Web*Networksolutions 888-6429675 FL Card 0698,Atm & Debit Card Withdrawals,-69.97,"470,899.29",,0,,,
Credit,10/5/2018,Bankcard-8566 Mtot Dep 518089424394518 CCD ID: 1592126793,Deposits And Additions,"1,540.00","472,439.29",,0,,,
Credit,10/9/2018,Bankcard-8566 Mtot Dep 518089424394518 CCD ID: 1592126793,Deposits And Additions,246.25,"472,685.54",,0,,,
Credit,10/9/2018,Bankcard-8566 Mtot Dep 518089424394518 CCD ID: 1592126793,Deposits And Additions,20,"472,705.54",,0,,,
Debit,10/9/2018,Recurring Card Purchase 10/06 Fedex 451051899 800-4633339 TN Card 0698,Atm & Debit Card Withdrawals,-644.52,"472,061.02",,0,,,
Credit,10/9/2018,Bankcard-8566 Mtot Dep 518089424394518 CCD ID: 1592126793,Deposits And Additions,962.5,"473,023.52",,0,,,
Debit,10/9/2018,10/09 Online Payment 7560060573 To Bailey Duquette P.C.,Electronic Withdrawals,"-3,750.00","469,273.52",,0,,,
Debit,10/9/2018,10/09 Online ACH Payment 5204992627 To Michele Cobb (_######6800),Electronic Withdrawals,"-1,614.69","467,658.83",,0,,,
Credit,10/10/2018,Remote Online Deposit 1,Deposits And Additions,"1,350.00","469,008.83",,0,,,
Credit,10/10/2018,Bankcard-8566 Mtot Dep 518089424394518 CCD ID: 1592126793,Deposits And Additions,595,"469,603.83",,0,,,
Debit,10/10/2018,Recurring Card Purchase 10/10 Google *Google Storag 855-836-3987 CA Card 0698,Atm & Debit Card Withdrawals,-9.99,"469,593.84",,0,,,
Debit,10/10/2018,Recurring Card Purchase 10/09 Fedex 451396791 800-4633339 TN Card 0698,Atm & Debit Card Withdrawals,-35.94,"469,557.90",,0,,,
Credit,10/10/2018,Remote Online Deposit 1,Deposits And Additions,300,"469,857.90",,0,,,
Credit,10/11/2018,Bankcard-8566 Mtot Dep 518089424394518 CCD ID: 1592126793,Deposits And Additions,"1,040.00","470,897.90",,0,,,
Credit,10/12/2018,Bankcard-8566 Mtot Dep 518089424394518 CCD ID: 1592126793,Deposits And Additions,226.25,"471,124.15",,0,,,
Debit,10/15/2018,Recurring Card Purchase 10/13 Vbs*Vonage Business 866-901-0242 GA Card 0698,Atm & Debit Card Withdrawals,-87.85,"471,036.30",,0,,,
Debit,10/15/2018,Card Purchase 10/13 Frames 212-268-6909 NY Card 0698,Atm & Debit Card Withdrawals,"-1,638.13","469,398.17",,0,,,
Credit,10/15/2018,Bankcard-8566 Mtot Dep 518089424394518 CCD ID: 1592126793,Deposits And Additions,226.25,"469,624.42",,0,,,
Debit,10/15/2018,Recurring Card Purchase 10/13 Stamps.Com 855-608-2677 CA Card 0698,Atm & Debit Card Withdrawals,-15.99,"469,608.43",,0,,,
Credit,10/15/2018,Bankcard-8566 Mtot Dep 518089424394518 CCD ID: 1592126793,Deposits And Additions,826.25,"470,434.68",,0,,,
Credit,10/15/2018,Bankcard-8566 Mtot Dep 518089424394518 CCD ID: 1592126793,Deposits And Additions,432.5,"470,867.18",,0,,,
Debit,10/15/2018,Recurring Card Purchase 10/14 Rackspace Email & App 210-312-4000 TX Card 0698,Atm & Debit Card Withdrawals,-13.46,"470,853.72",,0,,,
Debit,10/16/2018,Card Purchase 10/15 Paypal *UPS US Ship 402-935-7733 GA Card 0698,Atm & Debit Card Withdrawals,-26.56,"470,827.16",,0,,,
Debit,10/16/2018,Card Purchase 10/15 Paypal *UPS US Ship 402-935-7733 GA Card 0698,Atm & Debit Card Withdrawals,-43.65,"470,783.51",,0,,,
Debit,10/16/2018,Recurring Card Purchase 10/15 Smk*Surveymonkey.Com 971-2445555 CA Card 0698,Atm & Debit Card Withdrawals,-29,"470,754.51",,0,,,
Credit,10/17/2018,Bankcard-8566 Mtot Dep 518089424394518 CCD ID: 1592126793,Deposits And Additions,200,"470,954.51",,0,,,
Debit,10/18/2018,Recurring Card Purchase 10/17 Fedex 452204972 800-4633339 TN Card 0698,Atm & Debit Card Withdrawals,-25.88,"470,928.63",,0,,,
Credit,10/19/2018,Bankcard-8566 Mtot Dep 518089424394518 CCD ID: 1592126793,Deposits And Additions,206.25,"471,134.88",,0,,,
Debit,10/22/2018,Recurring Card Purchase 10/20 Web*Networksolutions 888-6429675 FL Card 0698,Atm & Debit Card Withdrawals,-69.99,"471,064.89",,0,,,
Credit,10/22/2018,Bankcard-8566 Mtot Dep 518089424394518 CCD ID: 1592126793,Deposits And Additions,165,"471,229.89",,0,,,
Credit,10/22/2018,Bankcard-8566 Mtot Dep 518089424394518 CCD ID: 1592126793,Deposits And Additions,412.5,"471,642.39",,0,,,
Debit,10/24/2018,10/24 Online Payment 7519472693 To Over The River Public Relations,Electronic Withdrawals,"-6,000.00","465,642.39",,0,,,
Credit,10/24/2018,Bankcard-8566 Mtot Dep 518089424394518 CCD ID: 1592126793,Deposits And Additions,30,"465,672.39",,0,,,
Credit,10/25/2018,Bankcard-8566 Mtot Dep 518089424394518 CCD ID: 1592126793,Deposits And Additions,435,"466,107.39",,0,,,
Debit,10/26/2018,Card Purchase 10/25 Zoom.US 888-799-9666 CA Card 0698,Atm & Debit Card Withdrawals,-59.87,"466,047.52",,0,,,
Credit,10/26/2018,Bankcard-8566 Mtot Dep 518089424394518 CCD ID: 1592126793,Deposits And Additions,266.25,"466,313.77",,0,,,
Credit,10/29/2018,Bankcard-8566 Mtot Dep 518089424394518 CCD ID: 1592126793,Deposits And Additions,375,"466,688.77",,0,,,
Debit,10/29/2018,Recurring Card Purchase 10/28 Eig*Constantcontact.CO 855-2295506 MA Card 0698,Atm & Debit Card Withdrawals,-70.77,"466,618.00",,0,,,
Debit,10/29/2018,Recurring Card Purchase 10/26 Vimeo Plus 000-000-0000 NY Card 0698,Atm & Debit Card Withdrawals,-91.46,"466,526.54",,0,,,
Debit,10/29/2018,Recurring Card Purchase 10/28 Web*Networksolutions 888-6429675 FL Card 0698,Atm & Debit Card Withdrawals,-39.99,"466,486.55",,0,,,
Debit,10/31/2018,10/31 Online Domestic Wire Transfer Via: Capital One NA/021407912 A/C: Guastavinos Inc,Electronic Withdrawals,"-23,389.62","443,096.93",,0,,,
Credit,10/31/2018,Bankcard-8566 Mtot Dep 518089424394518 CCD ID: 1592126793,Deposits And Additions,30,"443,126.93",,0,,,
Debit,10/31/2018,"10/30 Online Payment 7619931720 To Edison Media Research, Inc.",Electronic Withdrawals,"-16,000.00","427,126.93",,0,,,
Credit,11/1/2018,Bankcard-8566 Mtot Dep 518089424394518 CCD ID: 1592126793,Deposits And Additions,170,"427,296.93",,0,,,
Debit,11/1/2018,Recurring Card Purchase 10/31 Fedex 453598631 800-4633339 TN Card 0698,Atm & Debit Card Withdrawals,-175.38,"427,121.55",,0,,,
Debit,11/2/2018,Card Purchase 11/01 Linode.Com 855-4546633 NJ Card 0698,Atm & Debit Card Withdrawals,-55,"427,066.55",,0,,,
Credit,11/2/2018,Bankcard-8566 Mtot Dep 518089424394518 CCD ID: 1592126793,Deposits And Additions,30,"427,096.55",,0,,,
Debit,11/2/2018,Bankcard-8566 Mtot Disc 518089424394518 CCD ID: 1592126793,Electronic Withdrawals,-613.51,"426,483.04",,0,,,
Credit,11/5/2018,Remote Online Deposit 1,Deposits And Additions,"3,900.00","430,383.04",,0,,,
Debit,11/5/2018,Service Charges For The Month of October,Fees,-34.95,"430,348.09",,0,,,
Credit,11/5/2018,Bankcard-8566 Mtot Dep 518089424394518 CCD ID: 1592126793,Deposits And Additions,281.25,"430,629.34",,0,,,
Credit,11/5/2018,Remote Online Deposit 1,Deposits And Additions,"2,700.00","433,329.34",,0,,,
Credit,11/5/2018,Bankcard-8566 Mtot Dep 518089424394518 CCD ID: 1592126793,Deposits And Additions,618.75,"433,948.09",,0,,,
Credit,11/8/2018,Bankcard-8566 Mtot Dep 518089424394518 CCD ID: 1592126793,Deposits And Additions,165,"434,113.09",,0,,,
Credit,11/9/2018,Bankcard-8566 Mtot Dep 518089424394518 CCD ID: 1592126793,Deposits And Additions,236.25,"434,349.34",,0,,,
Debit,11/9/2018,11/09 Online Transfer To Chk ...7365 Transaction#: 7650405896,Electronic Withdrawals,"-6,675.00","427,674.34",,0,,,
Debit,11/9/2018,11/09 Online ACH Payment 5206214693 To Michele Cobb (_######6800),Electronic Withdrawals,"-7,455.91","420,218.43",,0,,,
Credit,11/13/2018,Bankcard-8566 Mtot Dep 518089424394518 CCD ID: 1592126793,Deposits And Additions,330,"420,548.43",,0,,,
Debit,11/13/2018,Recurring Card Purchase 11/10 Google *Google Storag 855-836-3987 CA Card 0698,Atm & Debit Card Withdrawals,-9.99,"420,538.44",,0,,,
Debit,11/13/2018,Recurring Card Purchase 11/13 Stamps.Com 855-608-2677 CA Card 0698,Atm & Debit Card Withdrawals,-15.99,"420,522.45",,0,,,
Credit,11/13/2018,Bankcard-8566 Mtot Dep 518089424394518 CCD ID: 1592126793,Deposits And Additions,206.25,"420,728.70",,0,,,
Credit,11/13/2018,Bankcard-8566 Mtot Dep 518089424394518 CCD ID: 1592126793,Deposits And Additions,30,"420,758.70",,0,,,
Debit,11/14/2018,Recurring Card Purchase 11/13 Vbs*Vonage Business 866-901-0242 GA Card 0698,Atm & Debit Card Withdrawals,-88.39,"420,670.31",,0,,,
Debit,11/14/2018,Recurring Card Purchase 11/14 Rackspace Email & App 210-312-4000 TX Card 0698,Atm & Debit Card Withdrawals,-12,"420,658.31",,0,,,
Credit,11/14/2018,Bankcard-8566 Mtot Dep 518089424394518 CCD ID: 1592126793,Deposits And Additions,"25,340.00","445,998.31",,0,,,
Credit,11/15/2018,Bankcard-8566 Mtot Dep 518089424394518 CCD ID: 1592126793,Deposits And Additions,"3,135.00","449,133.31",,0,,,
Credit,11/16/2018,Bankcard-8566 Mtot Dep 518089424394518 CCD ID: 1592126793,Deposits And Additions,"6,716.25","455,849.56",,0,,,
Debit,11/16/2018,Recurring Card Purchase 11/15 Smk*Surveymonkey.Com 971-2445555 CA Card 0698,Atm & Debit Card Withdrawals,-33,"455,816.56",,0,,,
Credit,11/19/2018,Bankcard-8566 Mtot Dep 518089424394518 CCD ID: 1592126793,Deposits And Additions,"2,550.00","458,366.56",,0,,,
Credit,11/19/2018,Bankcard-8566 Mtot Dep 518089424394518 CCD ID: 1592126793,Deposits And Additions,165,"458,531.56",,0,,,
Credit,11/19/2018,Bankcard-8566 Mtot Dep 518089424394518 CCD ID: 1592126793,Deposits And Additions,"1,530.00","460,061.56",,0,,,
Credit,11/20/2018,Bankcard-8566 Mtot Dep 518089424394518 CCD ID: 1592126793,Deposits And Additions,495,"460,556.56",,0,,,
Credit,11/21/2018,Bankcard-8566 Mtot Dep 518089424394518 CCD ID: 1592126793,Deposits And Additions,"1,125.00","461,681.56",,0,,,
Debit,11/21/2018,Yourmembership.C 7278270046 3240000705 CCD ID: 1900278160,Electronic Withdrawals,"-6,995.00","454,686.56",,0,,,
Credit,11/23/2018,Bankcard-8566 Mtot Dep 518089424394518 CCD ID: 1592126793,Deposits And Additions,"1,470.00","456,156.56",,0,,,
Credit,11/23/2018,Bankcard-8566 Mtot Dep 518089424394518 CCD ID: 1592126793,Deposits And Additions,"1,031.25","457,187.81",,0,,,
Debit,11/23/2018,Recurring Card Purchase 11/22 Fedex 460287218 800-4633339 TN Card 0698,Atm & Debit Card Withdrawals,-195.49,"456,992.32",,0,,,
Credit,11/26/2018,Bankcard-8566 Mtot Dep 518089424394518 CCD ID: 1592126793,Deposits And Additions,165,"457,157.32",,0,,,
Debit,11/26/2018,11/26 Online Payment 7601566176 To Over The River Public Relations,Electronic Withdrawals,"-3,000.00","454,157.32",,0,,,
Credit,11/26/2018,Bankcard-8566 Mtot Dep 518089424394518 CCD ID: 1592126793,Deposits And Additions,536.25,"454,693.57",,0,,,
Credit,11/26/2018,Remote Online Deposit 1,Deposits And Additions,"2,300.00","456,993.57",,0,,,
Credit,11/26/2018,Bankcard-8566 Mtot Dep 518089424394518 CCD ID: 1592126793,Deposits And Additions,630,"457,623.57",,0,,,
Debit,11/26/2018,Card Purchase 11/25 Zoom.US 888-799-9666 CA Card 0698,Atm & Debit Card Withdrawals,-59.87,"457,563.70",,0,,,
Debit,11/27/2018,11/27 Online Payment 7700792056 To Your Membership,Electronic Withdrawals,"-6,995.00","450,568.70",,0,,,
Credit,11/27/2018,Bankcard-8566 Mtot Dep 518089424394518 CCD ID: 1592126793,Deposits And Additions,495,"451,063.70",,0,,,
Debit,11/27/2018,"11/27 Online Payment 7700769500 To Simon & Schuster, Inc",Electronic Withdrawals,"-20,000.00","431,063.70",,0,,,
Debit,11/27/2018,11/27 Online Payment 7700798791 To Stripes,Electronic Withdrawals,"-1,956.52","429,107.18",,0,,,
Debit,11/28/2018,11/28 Online Payment 7702660517 To Bernstein & Associates,Electronic Withdrawals,"-1,250.00","427,857.18",,0,,,
Debit,11/28/2018,11/28 Online Payment 7702676234 To L Marques,Electronic Withdrawals,-750,"427,107.18",,0,,,
Debit,11/28/2018,11/28 Online ACH Payment 5207025663 To Reed Expo (_#####6760),Electronic Withdrawals,"-6,000.00","421,107.18",,0,,,
Debit,11/28/2018,Recurring Card Purchase 11/27 Eig*Constantcontact.CO 855-2295506 MA Card 0698,Atm & Debit Card Withdrawals,-70.77,"421,036.41",,0,,,
Credit,11/28/2018,Bankcard-8566 Mtot Dep 518089424394518 CCD ID: 1592126793,Deposits And Additions,825,"421,861.41",,0,,,
Debit,11/28/2018,"Quickpay With Zelle Payment To Janet Benson, Inc. 7702656056",Electronic Withdrawals,-443.6,"421,417.81",,0,,,
Debit,11/28/2018,11/28 Online Payment 7702682249 To Aurrit Communications Group,Electronic Withdrawals,"-5,110.00","416,307.81",,0,,,
Credit,11/29/2018,Bankcard-8566 Mtot Dep 518089424394518 CCD ID: 1592126793,Deposits And Additions,"3,071.25","419,379.06",,0,,,
Debit,11/29/2018,11/29 Online ACH Payment 5207138464 To Michele Cobb (_######6800),Electronic Withdrawals,"-13,043.47","406,335.59",,0,,,
Debit,11/30/2018,Card Purchase 11/29 Usps Postage Stamps. 310-482-5800 CA Card 0698,Atm & Debit Card Withdrawals,-10,"406,325.59",,0,,,
Credit,11/30/2018,Bankcard-8566 Mtot Dep 518089424394518 CCD ID: 1592126793,Deposits And Additions,"3,495.00","409,820.59",,0,,,
Debit,11/30/2018,Card Purchase 11/29 Usps Postage Stamps. 310-482-5800 CA Card 0698,Atm & Debit Card Withdrawals,-10,"409,810.59",,0,,,
Debit,12/3/2018,Bankcard-8566 Mtot Disc 518089424394518 CCD ID: 1592126793,Electronic Withdrawals,"-2,436.11","407,374.48",,0,,,
Debit,12/3/2018,Card Purchase 12/01 Linode.Com 855-4546633 NJ Card 0698,Atm & Debit Card Withdrawals,-55,"407,319.48",,0,,,
Credit,12/3/2018,Bankcard-8566 Mtot Dep 518089424394518 CCD ID: 1592126793,Deposits And Additions,"2,561.25","409,880.73",,0,,,
Credit,12/3/2018,Bankcard-8566 Mtot Dep 518089424394518 CCD ID: 1592126793,Deposits And Additions,"1,571.25","411,451.98",,0,,,
Credit,12/3/2018,Bankcard-8566 Mtot Dep 518089424394518 CCD ID: 1592126793,Deposits And Additions,195,"411,646.98",,0,,,
Credit,12/4/2018,Bankcard-8566 Mtot Dep 518089424394518 CCD ID: 1592126793,Deposits And Additions,60,"411,706.98",,0,,,
Debit,12/5/2018,Service Charges For The Month of November,Fees,-34.95,"411,672.03",,0,,,
Credit,12/5/2018,Bankcard-8566 Mtot Dep 518089424394518 CCD ID: 1592126793,Deposits And Additions,630,"412,302.03",,0,,,
Debit,12/5/2018,Card Purchase With Pin 12/05 Nst Modell's #3 171 New York NY Card 0698,Atm & Debit Card Withdrawals,-6.99,"412,295.04",,0,,,
Credit,12/6/2018,Bankcard-8566 Mtot Dep 518089424394518 CCD ID: 1592126793,Deposits And Additions,"1,001.25","413,296.29",,0,,,
Debit,12/6/2018,Card Purchase 12/05 Teresa's New York NY Card 0698,Atm & Debit Card Withdrawals,-92.22,"413,204.07",,0,,,
Debit,12/6/2018,Recurring Card Purchase 12/05 Fedex 461452541 800-4633339 TN Card 0698,Atm & Debit Card Withdrawals,-25.47,"413,178.60",,0,,,
Credit,12/7/2018,Bankcard-8566 Mtot Dep 518089424394518 CCD ID: 1592126793,Deposits And Additions,"1,005.00","414,183.60",,0,,,
Credit,12/10/2018,Bankcard-8566 Mtot Dep 518089424394518 CCD ID: 1592126793,Deposits And Additions,495,"414,678.60",,0,,,
Credit,12/10/2018,Bankcard-8566 Mtot Dep 518089424394518 CCD ID: 1592126793,Deposits And Additions,390,"415,068.60",,0,,,
Credit,12/10/2018,Bankcard-8566 Mtot Dep 518089424394518 CCD ID: 1592126793,Deposits And Additions,330,"415,398.60",,0,,,
Debit,12/10/2018,Recurring Card Purchase 12/10 Google *Google Storag 855-836-3987 CA Card 0698,Atm & Debit Card Withdrawals,-9.99,"415,388.61",,0,,,
Credit,12/11/2018,Bankcard-8566 Mtot Dep 518089424394518 CCD ID: 1592126793,Deposits And Additions,330,"415,718.61",,0,,,
Credit,12/11/2018,Fedwire Credit Via: The Bank of New York Mellon/021000018 B/O: Rakuten Kobo Inc,Deposits And Additions,300,"416,018.61",,0,,,
Credit,12/12/2018,Online Transfer From Chk ...7365 Transaction#: 7747656421,Deposits And Additions,671.72,"416,690.33",,0,,,
Credit,12/12/2018,Bankcard-8566 Mtot Dep 518089424394518 CCD ID: 1592126793,Deposits And Additions,"3,165.00","419,855.33",,0,,,
Debit,12/13/2018,Recurring Card Purchase 12/13 Fedex 462370952 800-4633339 TN Card 0698,Atm & Debit Card Withdrawals,-113.74,"419,741.59",,0,,,
Debit,12/13/2018,Recurring Card Purchase 12/12 Fedex 462263251 800-4633339 TN Card 0698,Atm & Debit Card Withdrawals,-671.72,"419,069.87",,0,,,
Debit,12/13/2018,Recurring Card Purchase 12/13 Stamps.Com 855-608-2677 CA Card 0698,Atm & Debit Card Withdrawals,-15.99,"419,053.88",,0,,,
Credit,12/13/2018,Bankcard-8566 Mtot Dep 518089424394518 CCD ID: 1592126793,Deposits And Additions,"15,347.50","434,401.38",,0,,,
Debit,12/14/2018,Recurring Card Purchase 12/13 Vbs*Vonage Business 866-901-0242 GA Card 0698,Atm & Debit Card Withdrawals,-88.39,"434,312.99",,0,,,
Credit,12/14/2018,Bankcard-8566 Mtot Dep 518089424394518 CCD ID: 1592126793,Deposits And Additions,"1,215.00","435,527.99",,0,,,
Debit,12/14/2018,Recurring Card Purchase 12/14 Rackspace Email & App 210-312-4000 TX Card 0698,Atm & Debit Card Withdrawals,-12,"435,515.99",,0,,,
Credit,12/14/2018,Credit Return: Online Payment 7700792056 To Your Membership,Deposits And Additions,"6,995.00","442,510.99",,0,,,
Credit,12/14/2018,Credit Return: Online Payment 7426336669 To Over The River Public Relations,Deposits And Additions,"3,000.00","445,510.99",,0,,,
Debit,12/17/2018,Recurring Card Purchase 12/15 Smk*Surveymonkey.Com 971-2445555 CA Card 0698,Atm & Debit Card Withdrawals,-33,"445,477.99",,0,,,
Debit,12/17/2018,Card Purchase 12/14 Audio Publishers Asso 917-653-0998 NY Card 0698,Atm & Debit Card Withdrawals,-400,"445,077.99",,0,,,
Credit,12/17/2018,Bankcard-8566 Mtot Dep 518089424394518 CCD ID: 1592126793,Deposits And Additions,"12,660.00","457,737.99",,0,,,
Credit,12/17/2018,Bankcard-8566 Mtot Dep 518089424394518 CCD ID: 1592126793,Deposits And Additions,"2,490.00","460,227.99",,0,,,
Credit,12/17/2018,Bankcard-8566 Mtot Dep 518089424394518 CCD ID: 1592126793,Deposits And Additions,165,"460,392.99",,0,,,
Debit,12/17/2018,Card Purchase 12/14 Audio Publishers Asso 917-653-0998 NY Card 0698,Atm & Debit Card Withdrawals,"-4,000.00","456,392.99",,0,,,
Credit,12/18/2018,Bankcard-8566 Mtot Dep 518089424394518 CCD ID: 1592126793,Deposits And Additions,"1,072.50","457,465.49",,0,,,
Credit,12/19/2018,Bankcard-8566 Mtot Dep 518089424394518 CCD ID: 1592126793,Deposits And Additions,990,"458,455.49",,0,,,
Credit,12/20/2018,Bankcard-8566 Mtot Dep 518089424394518 CCD ID: 1592126793,Deposits And Additions,330,"458,785.49",,0,,,
Credit,12/21/2018,Bankcard-8566 Mtot Dep 518089424394518 CCD ID: 1592126793,Deposits And Additions,"10,931.25","469,716.74",,0,,,
Credit,12/24/2018,Bankcard-8566 Mtot Dep 518089424394518 CCD ID: 1592126793,Deposits And Additions,"14,870.00","484,586.74",,0,,,
Credit,12/24/2018,Bankcard-8566 Mtot Dep 518089424394518 CCD ID: 1592126793,Deposits And Additions,"2,525.00","487,111.74",,0,,,
Credit,12/24/2018,Bankcard-8566 Mtot Dep 518089424394518 CCD ID: 1592126793,Deposits And Additions,330,"487,441.74",,0,,,
Debit,12/26/2018,12/26 Online Payment 7696380522 To Over The River Public Relations,Electronic Withdrawals,"-3,000.00","484,441.74",,0,,,
Debit,12/26/2018,Card Purchase 12/25 Zoom.US 888-799-9666 CA Card 0698,Atm & Debit Card Withdrawals,-59.87,"484,381.87",,0,,,
Credit,12/26/2018,Bankcard-8566 Mtot Dep 518089424394518 CCD ID: 1592126793,Deposits And Additions,330,"484,711.87",,0,,,
Credit,12/26/2018,Bankcard-8566 Mtot Dep 518089424394518 CCD ID: 1592126793,Deposits And Additions,795,"485,506.87",,0,,,
Debit,12/26/2018,Recurring Card Purchase 12/25 Fedex 464424621 800-4633339 TN Card 0698,Atm & Debit Card Withdrawals,-28.75,"485,478.12",,0,,,
Debit,12/28/2018,12/28 Online Payment 7794462231 To Sharon Grover,Electronic Withdrawals,-500,"484,978.12",,0,,,
Debit,12/28/2018,12/28 Online Payment 7794473016 To Francisca Goldsmith,Electronic Withdrawals,-500,"484,478.12",,0,,,
Debit,12/28/2018,12/28 Online ACH Payment 5209028456 To Michele Cobb (_######6800),Electronic Withdrawals,"-18,471.00","466,007.12",,0,,,
Debit,12/28/2018,12/28 Online Payment 7794458628 To Stripes,Electronic Withdrawals,"-1,956.52","464,050.60",,0,,,
Debit,12/28/2018,12/28 Online Transfer To Chk ...7365 Transaction#: 7794479362,Electronic Withdrawals,"-6,675.00","457,375.60",,0,,,
Debit,12/28/2018,Recurring Card Purchase 12/27 Fedex 464528242 800-4633339 TN Card 0698,Atm & Debit Card Withdrawals,-103.62,"457,271.98",,0,,,
Credit,12/28/2018,Bankcard-8566 Mtot Dep 518089424394518 CCD ID: 1592126793,Deposits And Additions,330,"457,601.98",,0,,,
Debit,12/28/2018,12/28 Online ACH Payment 5209028421 To Tmg (_#####2950),Electronic Withdrawals,"-30,000.00","427,601.98",,0,,,
Credit,12/31/2018,Bankcard-8566 Mtot Dep 518089424394518 CCD ID: 1592126793,Deposits And Additions,"3,661.25","431,263.23",,0,,,
Debit,12/31/2018,Recurring Card Purchase 12/28 Eig*Constantcontact.CO 855-2295506 MA Card 0698,Atm & Debit Card Withdrawals,-70.77,"431,192.46",,0,,,
Credit,12/31/2018,Bankcard-8566 Mtot Dep 518089424394518 CCD ID: 1592126793,Deposits And Additions,960,"432,152.46",,0,,,
Credit,12/31/2018,Remote Online Deposit 1,Deposits And Additions,165,"432,317.46",,0,,,
Debit,12/31/2018,Recurring Card Purchase 12/29 Fedex 464674122 800-4633339 TN Card 0698,Atm & Debit Card Withdrawals,-100.27,"432,217.19",,0,,,
Credit,12/31/2018,Bankcard-8566 Mtot Dep 518089424394518 CCD ID: 1592126793,Deposits And Additions,30,"432,247.19",,0,,,
Credit,1/2/2019,Bankcard-8566 Mtot Dep 518089424394518 CCD ID: 1592126793,Deposits And Additions,"1,085.00","433,332.19",,0,,,
Debit,1/2/2019,Card Purchase 01/01 Linode.Com 855-4546633 NJ Card 0698,Atm & Debit Card Withdrawals,-55,"433,277.19",,0,,,
Debit,1/2/2019,Bankcard-8566 Mtot Disc 518089424394518 CCD ID: 1592126793,Electronic Withdrawals,"-3,486.45","429,790.74",,0,,,
Credit,1/2/2019,Bankcard-8566 Mtot Dep 518089424394518 CCD ID: 1592126793,Deposits And Additions,"2,565.00","432,355.74",,0,,,
Credit,1/3/2019,Bankcard-8566 Mtot Dep 518089424394518 CCD ID: 1592126793,Deposits And Additions,"1,390.00","433,745.74",,0,,,
Debit,1/4/2019,Service Charges For The Month of December,Fees,-34.95,"433,710.79",,0,,,
Debit,1/4/2019,Card Purchase 01/03 Chargerbacklostfound 800-5154860 NV Card 0698,Atm & Debit Card Withdrawals,-33.79,"433,677.00",,0,,,
Credit,1/4/2019,Bankcard-8566 Mtot Dep 518089424394518 CCD ID: 1592126793,Deposits And Additions,"8,710.00","442,387.00",,0,,,
Credit,1/7/2019,Bankcard-8566 Mtot Dep 518089424394518 CCD ID: 1592126793,Deposits And Additions,"25,380.00","467,767.00",,0,,,
Credit,1/7/2019,Bankcard-8566 Mtot Dep 518089424394518 CCD ID: 1592126793,Deposits And Additions,"12,335.00","480,102.00",,0,,,
Credit,1/7/2019,Bankcard-8566 Mtot Dep 518089424394518 CCD ID: 1592126793,Deposits And Additions,"4,045.00","484,147.00",,0,,,
Credit,1/8/2019,Bankcard-8566 Mtot Dep 518089424394518 CCD ID: 1592126793,Deposits And Additions,"2,015.00","486,162.00",,0,,,
Credit,1/9/2019,Bankcard-8566 Mtot Dep 518089424394518 CCD ID: 1592126793,Deposits And Additions,"7,480.00","493,642.00",,0,,,
Debit,1/10/2019,Recurring Card Purchase 01/10 Google *Google Storag 855-836-3987 CA Card 0698,Atm & Debit Card Withdrawals,-9.99,"493,632.01",,0,,,
Credit,1/10/2019,ATM Check Deposit 01/10 345 Hudson St New York NY Card 0698,Deposits And Additions,"9,800.00","503,432.01",,0,,,
Credit,1/10/2019,Bankcard-8566 Mtot Dep 518089424394518 CCD ID: 1592126793,Deposits And Additions,"10,145.00","513,577.01",,0,,,
Debit,1/11/2019,01/11 Online International Wire Transfer A/C: Lloyds Bank Plc London United Kingdom Ec2V,Electronic Withdrawals,"-8,720.00","504,857.01",,0,,,
Debit,1/11/2019,Card Purchase 01/11 Sq *Paradis To Go New York NY Card 0698,Atm & Debit Card Withdrawals,-6.77,"504,850.24",,0,,,
Credit,1/11/2019,Card Purchase Return 01/10 Frames NY NY Card 0698,Deposits And Additions,327.63,"505,177.87",,0,,,
Credit,1/11/2019,Bankcard-8566 Mtot Dep 518089424394518 CCD ID: 1592126793,Deposits And Additions,"13,150.00","518,327.87",,0,,,
Credit,1/14/2019,Bankcard-8566 Mtot Dep 518089424394518 CCD ID: 1592126793,Deposits And Additions,"6,335.00","524,662.87",,0,,,
Credit,1/14/2019,Bankcard-8566 Mtot Dep 518089424394518 CCD ID: 1592126793,Deposits And Additions,"6,760.00","531,422.87",,0,,,
Debit,1/14/2019,Recurring Card Purchase 01/14 Rackspace Email & App 210-312-4000 TX Card 0698,Atm & Debit Card Withdrawals,-12,"531,410.87",,0,,,
Credit,1/14/2019,Bankcard-8566 Mtot Dep 518089424394518 CCD ID: 1592126793,Deposits And Additions,"1,395.00","532,805.87",,0,,,
Debit,1/14/2019,Recurring Card Purchase 01/13 Vbs*Vonage Business 866-901-0242 GA Card 0698,Atm & Debit Card Withdrawals,-88.39,"532,717.48",,0,,,
Debit,1/14/2019,Recurring Card Purchase 01/13 Stamps.Com 855-608-2677 CA Card 0698,Atm & Debit Card Withdrawals,-15.99,"532,701.49",,0,,,
Credit,1/15/2019,Bankcard-8566 Mtot Dep 518089424394518 CCD ID: 1592126793,Deposits And Additions,"8,010.00","540,711.49",,0,,,
Debit,1/15/2019,Card Purchase 01/14 Zoom.US 888-799-9666 CA Card 0698,Atm & Debit Card Withdrawals,-19.31,"540,692.18",,0,,,
Credit,1/16/2019,Bankcard-8566 Mtot Dep 518089424394518 CCD ID: 1592126793,Deposits And Additions,"4,765.00","545,457.18",,0,,,
Debit,1/16/2019,Recurring Card Purchase 01/15 Fedex 466367088 800-4633339 TN Card 0698,Atm & Debit Card Withdrawals,-25.99,"545,431.19",,0,,,
Debit,1/16/2019,Card Purchase 01/16 Sq *Paradis To Go New York NY Card 0698,Atm & Debit Card Withdrawals,-6.93,"545,424.26",,0,,,
Debit,1/16/2019,Recurring Card Purchase 01/15 Smk*Surveymonkey.Com 971-2445555 CA Card 0698,Atm & Debit Card Withdrawals,-33,"545,391.26",,0,,,
Credit,1/16/2019,Remote Online Deposit 1,Deposits And Additions,"5,000.00","550,391.26",,0,,,
Debit,1/16/2019,Card Purchase 01/16 Sq *City of Saints Coff New York NY Card 0698,Atm & Debit Card Withdrawals,-9,"550,382.26",,0,,,
Credit,1/16/2019,Remote Online Deposit 1,Deposits And Additions,"5,000.00","555,382.26",,0,,,
Debit,1/16/2019,Card Purchase 01/14 Nyctaxi6H31 Long Is City NY Card 0698,Atm & Debit Card Withdrawals,-11.6,"555,370.66",,0,,,
Credit,1/17/2019,Bankcard-8566 Mtot Dep 518089424394518 CCD ID: 1592126793,Deposits And Additions,"3,050.00","558,420.66",,0,,,
Credit,1/18/2019,Bankcard-8566 Mtot Dep 518089424394518 CCD ID: 1592126793,Deposits And Additions,"2,635.00","561,055.66",,0,,,
Credit,1/18/2019,Remote Online Deposit 1,Deposits And Additions,"5,000.00","566,055.66",,0,,,
Credit,1/22/2019,Bankcard-8566 Mtot Dep 518089424394518 CCD ID: 1592126793,Deposits And Additions,"1,320.00","567,375.66",,0,,,
Debit,1/22/2019,Card Purchase 01/21 Zoom.US 888-799-9666 CA Card 0698,Atm & Debit Card Withdrawals,-19.66,"567,356.00",,0,,,
Credit,1/22/2019,Bankcard-8566 Mtot Dep 518089424394518 CCD ID: 1592126793,Deposits And Additions,655,"568,011.00",,0,,,
Credit,1/22/2019,Bankcard-8566 Mtot Dep 518089424394518 CCD ID: 1592126793,Deposits And Additions,"3,600.00","571,611.00",,0,,,
Credit,1/22/2019,Bankcard-8566 Mtot Dep 518089424394518 CCD ID: 1592126793,Deposits And Additions,"4,425.00","576,036.00",,0,,,
Credit,1/23/2019,Bankcard-8566 Mtot Dep 518089424394518 CCD ID: 1592126793,Deposits And Additions,"4,940.00","580,976.00",,0,,,
Debit,1/23/2019,01/23 Online Transfer To Chk ...7365 Transaction#: 7872164571,Electronic Withdrawals,"-7,350.00","573,626.00",,0,,,
Debit,1/24/2019,01/23 Online Payment 7872170674 To Bailey Duquette P.C.,Electronic Withdrawals,"-3,750.00","569,876.00",,0,,,
Debit,1/24/2019,01/23 Online Payment 7872170684 To The Refinery,Electronic Withdrawals,-62.5,"569,813.50",,0,,,
Debit,1/24/2019,01/23 Online ACH Payment 5210579579 To Michele Cobb (_######6800),Electronic Withdrawals,"-4,896.30","564,917.20",,0,,,
Debit,1/24/2019,01/23 Online ACH Payment 5210579575 To Reed Expo (_#####6760),Electronic Withdrawals,"-6,000.00","558,917.20",,0,,,
Debit,1/24/2019,01/23 Online Payment 7872173904 To Gabra Zackman,Electronic Withdrawals,-331.5,"558,585.70",,0,,,
Credit,1/24/2019,Bankcard-8566 Mtot Dep 518089424394518 CCD ID: 1592126793,Deposits And Additions,"1,890.00","560,475.70",,0,,,
Credit,1/25/2019,Fedwire Credit Via: The Bank of New York Mellon/021000018 B/O: Rakuten Kobo Inc,Deposits And Additions,"1,500.00","561,975.70",,0,,,
Credit,1/25/2019,Bankcard-8566 Mtot Dep 518089424394518 CCD ID: 1592126793,Deposits And Additions,"1,700.00","563,675.70",,0,,,
Credit,1/28/2019,Bankcard-8566 Btot Dep 518089424394518 CCD ID: 1592126793,Deposits And Additions,"1,060.00","564,735.70",,0,,,
Debit,1/28/2019,"Card Purchase 01/27 Sq *Graphic Executions, New York NY Card 0698",Atm & Debit Card Withdrawals,-327.71,"564,407.99",,0,,,
Credit,1/28/2019,Bankcard-8566 Mtot Dep 518089424394518 CCD ID: 1592126793,Deposits And Additions,"2,490.00","566,897.99",,0,,,
Debit,1/28/2019,Card Purchase 01/25 Zoom.US 888-799-9666 CA Card 0698,Atm & Debit Card Withdrawals,-59.87,"566,838.12",,0,,,
Credit,1/28/2019,Bankcard-8566 Mtot Dep 518089424394518 CCD ID: 1592126793,Deposits And Additions,295,"567,133.12",,0,,,
Debit,1/29/2019,Recurring Card Purchase 01/28 Eig*Constantcontact.CO 855-2295506 MA Card 0698,Atm & Debit Card Withdrawals,-70.77,"567,062.35",,0,,,
Debit,1/29/2019,01/29 Online Transfer To Chk ...7365 Transaction#: 7887914593,Electronic Withdrawals,"-7,350.00","559,712.35",,0,,,
Credit,1/29/2019,Bankcard-8566 Btot Dep 518089424394518 CCD ID: 1592126793,Deposits And Additions,"11,650.00","571,362.35",,0,,,
Credit,1/30/2019,Bankcard-8566 Mtot Dep 518089424394518 CCD ID: 1592126793,Deposits And Additions,"3,225.00","574,587.35",,0,,,
Credit,1/31/2019,Bankcard-8566 Mtot Dep 518089424394518 CCD ID: 1592126793,Deposits And Additions,"2,800.00","577,387.35",,0,,,
Debit,2/1/2019,Card Purchase 01/30 Taxi Svc Long Isalnd C Astoria NY Card 0698,Atm & Debit Card Withdrawals,-28.99,"577,358.36",,0,,,
Credit,2/1/2019,Bankcard-8566 Mtot Dep 518089424394518 CCD ID: 1592126793,Deposits And Additions,"4,030.00","581,388.36",,0,,,
Debit,2/1/2019,Card Purchase 01/31 Adoro Lei New York NY Card 0698,Atm & Debit Card Withdrawals,-72.97,"581,315.39",,0,,,
Debit,2/1/2019,Card Purchase 01/30 Taxi Svc Brooklyn Brooklyn NY Card 0698,Atm & Debit Card Withdrawals,-23.14,"581,292.25",,0,,,
Debit,2/4/2019,Bankcard-8566 Mtot Disc 518089424394518 CCD ID: 1592126793,Electronic Withdrawals,"-6,651.14","574,641.11",,0,,,
Debit,2/4/2019,Recurring Card Purchase 02/02 Fedex 468085754 800-4633339 TN Card 0698,Atm & Debit Card Withdrawals,-41.08,"574,600.03",,0,,,
Credit,2/4/2019,Bankcard-8566 Mtot Dep 518089424394518 CCD ID: 1592126793,Deposits And Additions,"11,075.00","585,675.03",,0,,,
Credit,2/4/2019,Bankcard-8566 Mtot Dep 518089424394518 CCD ID: 1592126793,Deposits And Additions,"1,055.00","586,730.03",,0,,,
Debit,2/4/2019,Card Purchase 02/01 Linode.Com 855-4546633 NJ Card 0698,Atm & Debit Card Withdrawals,-55,"586,675.03",,0,,,
Credit,2/4/2019,Bankcard-8566 Mtot Dep 518089424394518 CCD ID: 1592126793,Deposits And Additions,"5,195.00","591,870.03",,0,,,
Debit,2/5/2019,Service Charges For The Month of January,Fees,-34.95,"591,835.08",,0,,,
Debit,2/5/2019,Card Purchase 02/05 Quality Logo Products 866-312-5646 IL Card 0698,Atm & Debit Card Withdrawals,-138.96,"591,696.12",,0,,,
Credit,2/5/2019,Bankcard-8566 Mtot Dep 518089424394518 CCD ID: 1592126793,Deposits And Additions,"1,045.00","592,741.12",,0,,,
Debit,2/6/2019,Card Purchase 02/05 Parking Booths New York NY Card 0698,Atm & Debit Card Withdrawals,-22,"592,719.12",,0,,,
Credit,2/6/2019,Bankcard-8566 Mtot Dep 518089424394518 CCD ID: 1592126793,Deposits And Additions,"10,955.00","603,674.12",,0,,,
Credit,2/7/2019,Bankcard-8566 Mtot Dep 518089424394518 CCD ID: 1592126793,Deposits And Additions,"1,965.00","605,639.12",,0,,,
Credit,2/8/2019,Bankcard-8566 Mtot Dep 518089424394518 CCD ID: 1592126793,Deposits And Additions,"3,130.00","608,769.12",,0,,,
Credit,2/11/2019,Bankcard-8566 Mtot Dep 518089424394518 CCD ID: 1592126793,Deposits And Additions,415,"609,184.12",,0,,,
Credit,2/11/2019,Bankcard-8566 Mtot Dep 518089424394518 CCD ID: 1592126793,Deposits And Additions,635,"609,819.12",,0,,,
Debit,2/11/2019,Recurring Card Purchase 02/10 Google *Google Storag 855-836-3987 CA Card 0698,Atm & Debit Card Withdrawals,-9.99,"609,809.13",,0,,,
Credit,2/11/2019,Bankcard-8566 Mtot Dep 518089424394518 CCD ID: 1592126793,Deposits And Additions,"4,380.00","614,189.13",,0,,,
Debit,2/13/2019,Recurring Card Purchase 02/13 Stamps.Com 855-608-2677 CA Card 0698,Atm & Debit Card Withdrawals,-15.99,"614,173.14",,0,,,
Credit,2/13/2019,Bankcard-8566 Mtot Dep 518089424394518 CCD ID: 1592126793,Deposits And Additions,"2,775.00","616,948.14",,0,,,
Debit,2/14/2019,Recurring Card Purchase 02/13 Vbs*Vonage Business 866-901-0242 GA Card 0698,Atm & Debit Card Withdrawals,-88.39,"616,859.75",,0,,,
Debit,2/14/2019,Recurring Card Purchase 02/13 Dropbox*Lgqj7J6Syhkz Dropbox.Com CA Card 0698,Atm & Debit Card Withdrawals,-99,"616,760.75",,0,,,
Credit,2/14/2019,Bankcard-8566 Mtot Dep 518089424394518 CCD ID: 1592126793,Deposits And Additions,"2,392.50","619,153.25",,0,,,
Debit,2/14/2019,Recurring Card Purchase 02/14 Rackspace Email & App 210-312-4000 TX Card 0698,Atm & Debit Card Withdrawals,-12,"619,141.25",,0,,,
Credit,2/15/2019,Bankcard-8566 Mtot Dep 518089424394518 CCD ID: 1592126793,Deposits And Additions,"2,950.00","622,091.25",,0,,,
Debit,2/19/2019,Recurring Card Purchase 02/15 Smk*Surveymonkey.Com 971-2445555 CA Card 0698,Atm & Debit Card Withdrawals,-33,"622,058.25",,0,,,
Credit,2/19/2019,Bankcard-8566 Mtot Dep 518089424394518 CCD ID: 1592126793,Deposits And Additions,165,"622,223.25",,0,,,
Debit,2/19/2019,Card Purchase 02/19 Amzn Mktp US*MI0K09G Amzn.Com/Bill WA Card 0698,Atm & Debit Card Withdrawals,-177.71,"622,045.54",,0,,,
Debit,2/19/2019,Card Purchase 02/16 Amzn Mktp US*MI30F6E Amzn.Com/Bill WA Card 0698,Atm & Debit Card Withdrawals,-216.7,"621,828.84",,0,,,
Credit,2/19/2019,Bankcard-8566 Mtot Dep 518089424394518 CCD ID: 1592126793,Deposits And Additions,165,"621,993.84",,0,,,
Credit,2/19/2019,Bankcard-8566 Mtot Dep 518089424394518 CCD ID: 1592126793,Deposits And Additions,380,"622,373.84",,0,,,
Credit,2/20/2019,Bankcard-8566 Mtot Dep 518089424394518 CCD ID: 1592126793,Deposits And Additions,"1,775.00","624,148.84",,0,,,
Credit,2/21/2019,Bankcard-8566 Mtot Dep 518089424394518 CCD ID: 1592126793,Deposits And Additions,"3,370.00","627,518.84",,0,,,
Debit,2/21/2019,"02/21 Online Domestic Wire Transfer A/C: Gala-Productions LLC New York, NY 100658277",Electronic Withdrawals,"-12,500.00","615,018.84",,0,,,
Debit,2/21/2019,02/21 Online Domestic Wire Transfer Via: Capital One NA/021407912 A/C: Guastavinos Inc,Electronic Withdrawals,"-23,389.62","591,629.22",,0,,,
Debit,2/22/2019,Recurring Card Purchase 02/22 Adobe *Acropro Subs 800-833-6687 CA Card 0698,Atm & Debit Card Withdrawals,-195.84,"591,433.38",,0,,,
Credit,2/22/2019,Bankcard-8566 Mtot Dep 518089424394518 CCD ID: 1592126793,Deposits And Additions,"2,125.00","593,558.38",,0,,,
Credit,2/22/2019,Remote Online Deposit 1,Deposits And Additions,"2,000.00","595,558.38",,0,,,
Credit,2/22/2019,Remote Online Deposit 1,Deposits And Additions,"4,800.00","600,358.38",,0,,,
Debit,2/25/2019,Card Purchase 02/23 Amzn Mktp US*MI13Q8H Amzn.Com/Bill WA Card 0698,Atm & Debit Card Withdrawals,-22.6,"600,335.78",,0,,,
Debit,2/25/2019,Card Purchase 02/25 Amzn Mktp US*MI43348 Amzn.Com/Bill WA Card 0698,Atm & Debit Card Withdrawals,-17.57,"600,318.21",,0,,,
Credit,2/25/2019,Bankcard-8566 Mtot Dep 518089424394518 CCD ID: 1592126793,Deposits And Additions,"2,175.00","602,493.21",,0,,,
Credit,2/25/2019,Bankcard-8566 Mtot Dep 518089424394518 CCD ID: 1592126793,Deposits And Additions,"4,950.00","607,443.21",,0,,,
Debit,2/25/2019,Card Purchase 02/23 Amazon.Com*MI4Gn8H20 Amzn.Com/Bill WA Card 0698,Atm & Debit Card Withdrawals,-35.91,"607,407.30",,0,,,
Credit,2/25/2019,Bankcard-8566 Mtot Dep 518089424394518 CCD ID: 1592126793,Deposits And Additions,275,"607,682.30",,0,,,
Debit,2/25/2019,Card Purchase 02/23 Amazon.Com*MI7Xg55P0 Amzn.Com/Bill WA Card 0698,Atm & Debit Card Withdrawals,-119.7,"607,562.60",,0,,,
Debit,2/25/2019,Recurring Card Purchase 02/23 Fedex 470208863 800-4633339 TN Card 0698,Atm & Debit Card Withdrawals,-16.26,"607,546.34",,0,,,
Debit,2/25/2019,Bankcard-8566 Mtot Dep 518089424394518 CCD ID: 1592126793,Electronic Withdrawals,-400,"607,146.34",,0,,,
Debit,2/25/2019,Card Purchase With Pin 02/25 Target T-1886 100 14th Jersey City NJ Card 0698,Atm & Debit Card Withdrawals,-31.8,"607,114.54",,0,,,
Debit,2/26/2019,Recurring Card Purchase 02/25 Eig*Constantcontact.CO 855-2295506 MA Card 0698,Atm & Debit Card Withdrawals,-70.77,"607,043.77",,0,,,
Debit,2/26/2019,Card Purchase 02/25 Zoom.US 888-799-9666 CA Card 0698,Atm & Debit Card Withdrawals,-59.87,"606,983.90",,0,,,
Credit,2/26/2019,Bankcard-8566 Mtot Dep 518089424394518 CCD ID: 1592126793,Deposits And Additions,340,"607,323.90",,0,,,
Credit,2/27/2019,Bankcard-8566 Mtot Dep 518089424394518 CCD ID: 1592126793,Deposits And Additions,"3,520.00","610,843.90",,0,,,
Debit,2/27/2019,"02/27 Online Domestic Wire Transfer A/C: Gala-Productions LLC New York, NY 100658277",Electronic Withdrawals,"-17,996.21","592,847.69",,0,,,
Debit,2/27/2019,Recurring Card Purchase 02/26 Fedex 470557215 800-4633339 TN Card 0698,Atm & Debit Card Withdrawals,-20.81,"592,826.88",,0,,,
Debit,2/28/2019,Card Purchase 02/27 Amzn Mktp US*MI7Gc5G Amzn.Com/Bill WA Card 0698,Atm & Debit Card Withdrawals,-26.9,"592,799.98",,0,,,
Credit,2/28/2019,Bankcard-8566 Mtot Dep 518089424394518 CCD ID: 1592126793,Deposits And Additions,"2,945.00","595,744.98",,0,,,
Debit,2/28/2019,Card Purchase 02/27 Nyctaxi8A29 Long Island C NY Card 0698,Atm & Debit Card Withdrawals,-13.35,"595,731.63",,0,,,
Debit,2/28/2019,Card Purchase With Pin 02/28 Nnt Hudson Square P282 New York NY Card 0698,Atm & Debit Card Withdrawals,-3.8,"595,727.83",,0,,,
Debit,3/1/2019,Card Purchase 02/27 Strand Book Store New York NY Card 0698,Atm & Debit Card Withdrawals,-93.63,"595,634.20",,0,,,
Debit,3/1/2019,Card Purchase 02/27 Taxi Svc Long Island Long Island C NY Card 0698,Atm & Debit Card Withdrawals,-15.34,"595,618.86",,0,,,
Debit,3/1/2019,Card Purchase 02/28 Cristaux Internation Elk Grove Vil IL Card 0698,Atm & Debit Card Withdrawals,-568.09,"595,050.77",,0,,,
Debit,3/1/2019,Card Purchase 02/27 Taxi Svc Long Island Long Island C NY Card 0698,Atm & Debit Card Withdrawals,-14.04,"595,036.73",,0,,,
Debit,3/1/2019,Card Purchase 02/26 Amzn Mktp US*MI7Q40P Amzn.Com/Bill WA Card 0698,Atm & Debit Card Withdrawals,-58.84,"594,977.89",,0,,,
Debit,3/1/2019,Card Purchase 02/28 Max Delivery 212-967-0457 NY Card 0698,Atm & Debit Card Withdrawals,-28.23,"594,949.66",,0,,,
Credit,3/1/2019,Bankcard-8566 Mtot Dep 518089424394518 CCD ID: 1592126793,Deposits And Additions,"2,115.00","597,064.66",,0,,,
Debit,3/4/2019,Card Purchase With Pin 03/04 Michaels Stores 1191 New York NY Card 0698,Atm & Debit Card Withdrawals,-12.87,"597,051.79",,0,,,
Debit,3/4/2019,Card Purchase With Pin 03/02 Staples 1168 Jersey City NJ Card 0698,Atm & Debit Card Withdrawals,-36.51,"597,015.28",,0,,,
Debit,3/4/2019,Card Purchase 03/02 Nycdot Parking Meters Long Is City NY Card 0698,Atm & Debit Card Withdrawals,-10.5,"597,004.78",,0,,,
Debit,3/4/2019,Card Purchase 03/01 Linode.Com 855-4546633 NJ Card 0698,Atm & Debit Card Withdrawals,-55,"596,949.78",,0,,,
Debit,3/4/2019,ATM Withdrawal 03/04 360 E 57th St New York NY Card 0698,Atm & Debit Card Withdrawals,"-1,040.00","595,909.78",,0,,,
Debit,3/4/2019,03/01 Online ACH Payment 5213305958 To Michele Cobb (_######6800),Electronic Withdrawals,"-25,968.59","569,941.19",,0,,,
Debit,3/4/2019,Card Purchase 03/01 Nyctaxi8L16 Long Island C NY Card 0698,Atm & Debit Card Withdrawals,-14.75,"569,926.44",,0,,,
Debit,3/4/2019,Card Purchase 03/02 Ggmc - 711 New York NY Card 0698,Atm & Debit Card Withdrawals,-23,"569,903.44",,0,,,
Debit,3/4/2019,Card Purchase 02/28 Jn Natural New York NY Card 0698,Atm & Debit Card Withdrawals,-6.51,"569,896.93",,0,,,
Debit,3/4/2019,03/02 Online Payment 7993274513 To Francisca Goldsmith,Electronic Withdrawals,-300,"569,596.93",,0,,,
Debit,3/4/2019,Bankcard-8566 Mtot Disc 518089424394518 CCD ID: 1592126793,Electronic Withdrawals,"-3,058.03","566,538.90",,0,,,
Credit,3/4/2019,Bankcard-8566 Mtot Dep 518089424394518 CCD ID: 1592126793,Deposits And Additions,"1,930.00","568,468.90",,0,,,
Credit,3/4/2019,Bankcard-8566 Mtot Dep 518089424394518 CCD ID: 1592126793,Deposits And Additions,715,"569,183.90",,0,,,
Debit,3/4/2019,03/02 Online Transfer To Chk ...7365 Transaction#: 7993253891,Electronic Withdrawals,"-7,350.00","561,833.90",,0,,,
Debit,3/4/2019,03/02 Online ACH Payment 5213317960 To Tmg (_#####2950),Electronic Withdrawals,"-45,000.00","516,833.90",,0,,,
Credit,3/4/2019,Bankcard-8566 Mtot Dep 518089424394518 CCD ID: 1592126793,Deposits And Additions,"5,155.00","521,988.90",,0,,,
Debit,3/5/2019,Card Purchase 03/05 Uber *Czews 800-592-8996 CA Card 0698,Atm & Debit Card Withdrawals,-25.08,"521,963.82",,0,,,
Debit,3/5/2019,Card Purchase 03/04 Uber *Kzyac 800-592-8996 CA Card 0698,Atm & Debit Card Withdrawals,-46.21,"521,917.61",,0,,,
Debit,3/5/2019,03/05 Online Transfer To Chk ...7365 Transaction#: 8004196094,Electronic Withdrawals,"-6,000.00","515,917.61",,0,,,
Debit,3/5/2019,Service Charges For The Month of February,Fees,-34.95,"515,882.66",,0,,,
Debit,3/5/2019,03/05 Online ACH Payment 5213317971 To Tmg (_#####2950),Electronic Withdrawals,"-48,000.00","467,882.66",,0,,,
Credit,3/5/2019,Bankcard-8566 Mtot Dep 518089424394518 CCD ID: 1592126793,Deposits And Additions,955,"468,837.66",,0,,,
Debit,3/6/2019,Card Purchase 03/05 Uber * 800-592-8996 CA Card 0698,Atm & Debit Card Withdrawals,-36.56,"468,801.10",,0,,,
Debit,3/6/2019,Card Purchase 03/04 Taxi Svc Woodside Woodside NY Card 0698,Atm & Debit Card Withdrawals,-11.62,"468,789.48",,0,,,
Credit,3/6/2019,Bankcard-8566 Mtot Dep 518089424394518 CCD ID: 1592126793,Deposits And Additions,"1,090.00","469,879.48",,0,,,
Debit,3/6/2019,Card Purchase 03/05 Seamlsscafedaniellos Seamless.Com NY Card 0698,Atm & Debit Card Withdrawals,-28.78,"469,850.70",,0,,,
Debit,3/7/2019,Card Purchase 03/06 Uber *Vumn5 800-592-8996 CA Card 0698,Atm & Debit Card Withdrawals,-61.73,"469,788.97",,0,,,
Credit,3/7/2019,Bankcard-8566 Mtot Dep 518089424394518 CCD ID: 1592126793,Deposits And Additions,"1,710.00","471,498.97",,0,,,
Credit,3/8/2019,Penguin Random H ACH Paymnt 0000066372 CCD ID: 1462905685,Deposits And Additions,900,"472,398.97",,0,,,
Credit,3/8/2019,Bankcard-8566 Mtot Dep 518089424394518 CCD ID: 1592126793,Deposits And Additions,"1,915.00","474,313.97",,0,,,
Debit,3/8/2019,Recurring Card Purchase 03/07 Fedex 471520502 800-4633339 TN Card 0698,Atm & Debit Card Withdrawals,-21.77,"474,292.20",,0,,,
Credit,3/11/2019,Bankcard-8566 Mtot Dep 518089424394518 CCD ID: 1592126793,Deposits And Additions,730,"475,022.20",,0,,,
Credit,3/11/2019,Bankcard-8566 Mtot Dep 518089424394518 CCD ID: 1592126793,Deposits And Additions,"3,085.00","478,107.20",,0,,,
Debit,3/11/2019,Card Purchase 03/09 Uber * 800-592-8996 CA Card 0698,Atm & Debit Card Withdrawals,-5,"478,102.20",,0,,,
Debit,3/11/2019,Recurring Card Purchase 03/10 Google *Google Storag 855-836-3987 CA Card 0698,Atm & Debit Card Withdrawals,-9.99,"478,092.21",,0,,,
Credit,3/11/2019,Bankcard-8566 Mtot Dep 518089424394518 CCD ID: 1592126793,Deposits And Additions,"3,490.00","481,582.21",,0,,,
Debit,3/11/2019,Card Purchase 03/08 Uber * 800-592-8996 CA Card 0698,Atm & Debit Card Withdrawals,-39.17,"481,543.04",,0,,,
Credit,3/12/2019,Bankcard-8566 Mtot Dep 518089424394518 CCD ID: 1592126793,Deposits And Additions,"2,230.00","483,773.04",,0,,,
Debit,3/13/2019,Card Purchase 03/12 Uber * 800-592-8996 CA Card 0698,Atm & Debit Card Withdrawals,-7.46,"483,765.58",,0,,,
Debit,3/13/2019,Card Purchase 03/13 Uber * 800-592-8996 CA Card 0698,Atm & Debit Card Withdrawals,-4.82,"483,760.76",,0,,,
Credit,3/13/2019,Bankcard-8566 Mtot Dep 518089424394518 CCD ID: 1592126793,Deposits And Additions,"9,085.00","492,845.76",,0,,,
Debit,3/13/2019,Recurring Card Purchase 03/13 Stamps.Com 855-608-2677 CA Card 0698,Atm & Debit Card Withdrawals,-15.99,"492,829.77",,0,,,
Debit,3/14/2019,Recurring Card Purchase 03/14 Rackspace Email & App 210-312-4000 TX Card 0698,Atm & Debit Card Withdrawals,-12,"492,817.77",,0,,,
Debit,3/14/2019,Card Purchase 03/14 Uber * 800-592-8996 CA Card 0698,Atm & Debit Card Withdrawals,-11.6,"492,806.17",,0,,,
Credit,3/14/2019,Bankcard-8566 Mtot Dep 518089424394518 CCD ID: 1592126793,Deposits And Additions,"5,745.00","498,551.17",,0,,,
Debit,3/14/2019,Bankcard-8566 Mtot Dep 518089424394518 CCD ID: 1592126793,Electronic Withdrawals,-225,"498,326.17",,0,,,
Debit,3/14/2019,Recurring Card Purchase 03/13 Vbs*Vonage Business 866-901-0242 GA Card 0698,Atm & Debit Card Withdrawals,-88.39,"498,237.78",,0,,,
Credit,3/15/2019,Bankcard-8566 Mtot Dep 518089424394518 CCD ID: 1592126793,Deposits And Additions,"20,810.00","519,047.78",,0,,,
Credit,3/18/2019,Bankcard-8566 Mtot Dep 518089424394518 CCD ID: 1592126793,Deposits And Additions,"2,385.00","521,432.78",,0,,,
Credit,3/18/2019,Bankcard-8566 Mtot Dep 518089424394518 CCD ID: 1592126793,Deposits And Additions,"3,565.00","524,997.78",,0,,,
Debit,3/18/2019,Recurring Card Purchase 03/15 Smk*Surveymonkey.Com 971-2445555 CA Card 0698,Atm & Debit Card Withdrawals,-33,"524,964.78",,0,,,
Debit,3/18/2019,"Quickpay With Zelle Payment To Janet Benson, Inc. 8041576303",Electronic Withdrawals,-721,"524,243.78",,0,,,
Debit,3/18/2019,"Quickpay With Zelle Payment To Janet Benson, Inc. 8041577544",Electronic Withdrawals,-492.19,"523,751.59",,0,,,
Credit,3/18/2019,Bankcard-8566 Mtot Dep 518089424394518 CCD ID: 1592126793,Deposits And Additions,725,"524,476.59",,0,,,
Debit,3/18/2019,Card Purchase 03/16 Www.Maxflatow.Com Www.Maxflatow NY Card 0698,Atm & Debit Card Withdrawals,"-1,245.00","523,231.59",,0,,,
Debit,3/19/2019,Bankcard-8566 Mtot Dep 518089424394518 CCD ID: 1592126793,Electronic Withdrawals,-687.5,"522,544.09",,0,,,
Credit,3/20/2019,Bankcard-8566 Mtot Dep 518089424394518 CCD ID: 1592126793,Deposits And Additions,"3,280.00","525,824.09",,0,,,
Debit,3/20/2019,Bankcard-8566 Mtot Dep 518089424394518 CCD ID: 1592126793,Electronic Withdrawals,-300,"525,524.09",,0,,,
Debit,3/20/2019,03/20 Online Domestic Wire Transfer Via: Capital One NA/021407912 A/C: Guastavinos Inc,Electronic Withdrawals,"-18,225.57","507,298.52",,0,,,
Debit,3/20/2019,"03/20 Online Payment 8049044484 To Graphic Executions, Inc.",Electronic Withdrawals,"-3,609.21","503,689.31",,0,,,
Debit,3/20/2019,03/20 Online Payment 8049054735 To Audiofile,Electronic Withdrawals,"-5,100.00","498,589.31",,0,,,
Debit,3/20/2019,03/20 Online Transfer To Chk ...7365 Transaction#: 8049040246,Electronic Withdrawals,"-7,350.00","491,239.31",,0,,,
Debit,3/20/2019,03/20 Online ACH Payment 5214574201 To Michele Cobb (_######6800),Electronic Withdrawals,"-4,578.84","486,660.47",,0,,,
Credit,3/21/2019,Bankcard-8566 Mtot Dep 518089424394518 CCD ID: 1592126793,Deposits And Additions,605,"487,265.47",,0,,,
Credit,3/22/2019,Bankcard-8566 Mtot Dep 518089424394518 CCD ID: 1592126793,Deposits And Additions,"2,110.00","489,375.47",,0,,,
Credit,3/25/2019,Bankcard-8566 Mtot Dep 518089424394518 CCD ID: 1592126793,Deposits And Additions,"2,795.00","492,170.47",,0,,,
Credit,3/25/2019,Bankcard-8566 Mtot Dep 518089424394518 CCD ID: 1592126793,Deposits And Additions,875,"493,045.47",,0,,,
Credit,3/26/2019,Bankcard-8566 Mtot Dep 518089424394518 CCD ID: 1592126793,Deposits And Additions,375,"493,420.47",,0,,,
Debit,3/26/2019,Card Purchase 03/25 Zoom.US 888-799-9666 CA Card 0698,Atm & Debit Card Withdrawals,-59.87,"493,360.60",,0,,,
Debit,3/27/2019,03/27 Online Transfer To Chk ...7365 Transaction#: 8071277841,Electronic Withdrawals,"-7,350.00","486,010.60",,0,,,
Debit,3/27/2019,Card Purchase 03/27 Uber * 800-592-8996 CA Card 0698,Atm & Debit Card Withdrawals,-14.48,"485,996.12",,0,,,
Credit,3/27/2019,Bankcard-8566 Mtot Dep 518089424394518 CCD ID: 1592126793,Deposits And Additions,"1,080.00","487,076.12",,0,,,
Debit,3/27/2019,Card Purchase 03/27 Uber * 800-592-8996 CA Card 0698,Atm & Debit Card Withdrawals,-8.09,"487,068.03",,0,,,
Debit,3/27/2019,Card Purchase 03/27 Uber * 800-592-8996 CA Card 0698,Atm & Debit Card Withdrawals,-11.05,"487,056.98",,0,,,
Credit,3/28/2019,Bankcard-8566 Mtot Dep 518089424394518 CCD ID: 1592126793,Deposits And Additions,"2,320.00","489,376.98",,0,,,
Debit,3/29/2019,Recurring Card Purchase 03/28 Fedex 179968692 800-4633339 TN Card 0698,Atm & Debit Card Withdrawals,-190.01,"489,186.97",,0,,,
Credit,3/29/2019,Bankcard-8566 Mtot Dep 518089424394518 CCD ID: 1592126793,Deposits And Additions,"1,330.00","490,516.97",,0,,,
Debit,3/29/2019,Recurring Card Purchase 03/28 Eig*Constantcontact.CO 855-2295506 MA Card 0698,Atm & Debit Card Withdrawals,-70.77,"490,446.20",,0,,,
Debit,3/29/2019,Recurring Card Purchase 03/28 Fedex 179982371 800-4633339 TN Card 0698,Atm & Debit Card Withdrawals,-62.78,"490,383.42",,0,,,
Credit,4/1/2019,Bankcard-8566 Mtot Dep 518089424394518 CCD ID: 1592126793,Deposits And Additions,620,"491,003.42",,0,,,
Debit,4/1/2019,Recurring Card Purchase 03/31 Microsoft*Office 365 H Msbill.Info WA Card 0698,Atm & Debit Card Withdrawals,-108.86,"490,894.56",,0,,,
Credit,4/1/2019,Bankcard-8566 Mtot Dep 518089424394518 CCD ID: 1592126793,Deposits And Additions,580,"491,474.56",,0,,,
Debit,4/1/2019,04/01 Online Transfer To Chk ...7365 Transaction#: 8090496262,Electronic Withdrawals,"-7,350.00","484,124.56",,0,,,
Credit,4/1/2019,Bankcard-8566 Mtot Dep 518089424394518 CCD ID: 1592126793,Deposits And Additions,475,"484,599.56",,0,,,
Debit,4/2/2019,04/02 Online ACH Payment 5215595154 To Asl (_######7193),Electronic Withdrawals,"-1,000.00","483,599.56",,0,,,
Debit,4/2/2019,Bankcard-8566 Mtot Disc 518089424394518 CCD ID: 1592126793,Electronic Withdrawals,"-3,460.12","480,139.44",,0,,,
Debit,4/2/2019,Card Purchase 04/01 Linode.Com 855-4546633 NJ Card 0698,Atm & Debit Card Withdrawals,-55,"480,084.44",,0,,,
Credit,4/3/2019,Bankcard-8566 Mtot Dep 518089424394518 CCD ID: 1592126793,Deposits And Additions,"1,285.00","481,369.44",,0,,,
Debit,4/3/2019,Service Charges For The Month of March,Fees,-34.95,"481,334.49",,0,,,
Credit,4/3/2019,Online Transfer From Chk ...7365 Transaction#: 8095239363,Deposits And Additions,"4,500.00","485,834.49",,0,,,
Debit,4/3/2019,Card Purchase 04/03 Uber * 800-592-8996 CA Card 0698,Atm & Debit Card Withdrawals,-6.9,"485,827.59",,0,,,
Credit,4/4/2019,Bankcard-8566 Mtot Dep 518089424394518 CCD ID: 1592126793,Deposits And Additions,"1,013.75","486,841.34",,0,,,
Debit,4/5/2019,Recurring Card Purchase 04/04 Fedex 180221860 800-4633339 TN Card 0698,Atm & Debit Card Withdrawals,-203.97,"486,637.37",,0,,,
Credit,4/5/2019,Bankcard-8566 Mtot Dep 518089424394518 CCD ID: 1592126793,Deposits And Additions,"1,685.00","488,322.37",,0,,,
Debit,4/8/2019,Card Purchase 04/07 Uber * 800-592-8996 CA Card 0698,Atm & Debit Card Withdrawals,-5.06,"488,317.31",,0,,,
Credit,4/8/2019,Bankcard-8566 Mtot Dep 518089424394518 CCD ID: 1592126793,Deposits And Additions,452.5,"488,769.81",,0,,,
Credit,4/8/2019,Bankcard-8566 Mtot Dep 518089424394518 CCD ID: 1592126793,Deposits And Additions,105,"488,874.81",,0,,,
Credit,4/9/2019,Bankcard-8566 Mtot Dep 518089424394518 CCD ID: 1592126793,Deposits And Additions,183.75,"489,058.56",,0,,,
Debit,4/10/2019,Card Purchase 04/09 Uber * 800-592-8996 CA Card 0698,Atm & Debit Card Withdrawals,-5,"489,053.56",,0,,,
Debit,4/10/2019,Recurring Card Purchase 04/10 Google *Google Storag 855-836-3987 CA Card 0698,Atm & Debit Card Withdrawals,-9.99,"489,043.57",,0,,,
Credit,4/10/2019,Bankcard-8566 Mtot Dep 518089424394518 CCD ID: 1592126793,Deposits And Additions,592.5,"489,636.07",,0,,,
Debit,4/10/2019,Card Purchase 04/09 Nyulmc A Parking Corp 212-7367171 NY Card 0698,Atm & Debit Card Withdrawals,-32,"489,604.07",,0,,,
Debit,4/11/2019,Quickpay With Zelle Payment To Brandon V. Fletcher Animation 8121528957,Electronic Withdrawals,"-5,000.00","484,604.07",,0,,,
Credit,4/11/2019,Bankcard-8566 Mtot Dep 518089424394518 CCD ID: 1592126793,Deposits And Additions,515,"485,119.07",,0,,,
Debit,4/11/2019,Bankcard-8566 Mtot Dep 518089424394518 CCD ID: 1592126793,Electronic Withdrawals,"-1,045.00","484,074.07",,0,,,
Credit,4/12/2019,Bankcard-8566 Mtot Dep 518089424394518 CCD ID: 1592126793,Deposits And Additions,"1,937.50","486,011.57",,0,,,
Credit,4/15/2019,Bankcard-8566 Mtot Dep 518089424394518 CCD ID: 1592126793,Deposits And Additions,245,"486,256.57",,0,,,
Credit,4/15/2019,Bankcard-8566 Mtot Dep 518089424394518 CCD ID: 1592126793,Deposits And Additions,60,"486,316.57",,0,,,
Debit,4/15/2019,Recurring Card Purchase 04/14 Rackspace Email & App 210-312-4000 TX Card 0698,Atm & Debit Card Withdrawals,-12,"486,304.57",,0,,,
Debit,4/15/2019,Card Purchase 04/14 Uber * 800-592-8996 CA Card 0698,Atm & Debit Card Withdrawals,-11.1,"486,293.47",,0,,,
Debit,4/15/2019,Card Purchase 04/14 Uber * 800-592-8996 CA Card 0698,Atm & Debit Card Withdrawals,-10.76,"486,282.71",,0,,,
Debit,4/15/2019,Recurring Card Purchase 04/13 Stamps.Com 855-608-2677 CA Card 0698,Atm & Debit Card Withdrawals,-17.99,"486,264.72",,0,,,
Debit,4/15/2019,04/13 Online Transfer To Chk ...7365 Transaction#: 8128556593,Electronic Withdrawals,"-7,350.00","478,914.72",,0,,,
Debit,4/15/2019,Recurring Card Purchase 04/13 Vbs*Vonage Business 866-901-0242 GA Card 0698,Atm & Debit Card Withdrawals,-88.39,"478,826.33",,0,,,
Debit,4/15/2019,04/15 Online Transfer To Chk ...7365 Transaction#: 8133828903,Electronic Withdrawals,"-7,350.00","471,476.33",,0,,,
Credit,4/15/2019,Bankcard-8566 Mtot Dep 518089424394518 CCD ID: 1592126793,Deposits And Additions,123.75,"471,600.08",,0,,,
Debit,4/15/2019,Quickpay With Zelle Payment To Brandon V. Fletcher Animation 8121531077,Electronic Withdrawals,"-4,600.00","467,000.08",,0,,,
Debit,4/16/2019,Recurring Card Purchase 04/15 Smk*Surveymonkey.Com 971-2445555 CA Card 0698,Atm & Debit Card Withdrawals,-33,"466,967.08",,0,,,
Credit,4/17/2019,Bankcard-8566 Mtot Dep 518089424394518 CCD ID: 1592126793,Deposits And Additions,622.5,"467,589.58",,0,,,
Debit,4/18/2019,Granite Insuranc Portal Ndo1048093H CCD ID: 9Ic3292432,Electronic Withdrawals,"-1,263.33","466,326.25",,0,,,
Credit,4/19/2019,Bankcard-8566 Mtot Dep 518089424394518 CCD ID: 1592126793,Deposits And Additions,623.75,"466,950.00",,0,,,
Debit,4/22/2019,Bankcard-8566 Mtot Dep 518089424394518 CCD ID: 1592126793,Electronic Withdrawals,-81.25,"466,868.75",,0,,,
Credit,4/22/2019,Bankcard-8566 Mtot Dep 518089424394518 CCD ID: 1592126793,Deposits And Additions,375,"467,243.75",,0,,,
Debit,4/24/2019,Card Purchase 04/24 Amzn Mktp US*Mz1J37Q Amzn.Com/Bill WA Card 0698,Atm & Debit Card Withdrawals,-26.99,"467,216.76",,0,,,
Credit,4/24/2019,Bankcard-8566 Mtot Dep 518089424394518 CCD ID: 1592126793,Deposits And Additions,"1,623.75","468,840.51",,0,,,
Debit,4/24/2019,Card Purchase 04/24 Amzn Mktp US*Mz2Yo4H Amzn.Com/Bill WA Card 0698,Atm & Debit Card Withdrawals,-71.92,"468,768.59",,0,,,
Credit,4/25/2019,Bankcard-8566 Mtot Dep 518089424394518 CCD ID: 1592126793,Deposits And Additions,"2,353.75","471,122.34",,0,,,
Debit,4/25/2019,Card Purchase 04/25 Uber *Trip 800-592-8996 CA Card 0698,Atm & Debit Card Withdrawals,-9.17,"471,113.17",,0,,,
Debit,4/25/2019,Card Purchase 04/25 Uber *Trip 800-592-8996 CA Card 0698,Atm & Debit Card Withdrawals,-8.85,"471,104.32",,0,,,
Credit,4/26/2019,Bankcard-8566 Mtot Dep 518089424394518 CCD ID: 1592126793,Deposits And Additions,738.75,"471,843.07",,0,,,
Credit,4/26/2019,Online Transfer From Chk ...7365 Transaction#: 8167583327,Deposits And Additions,"2,318.75","474,161.82",,0,,,
Debit,4/26/2019,Card Purchase 04/25 Zoom.US 888-799-9666 CA Card 0698,Atm & Debit Card Withdrawals,-59.87,"474,101.95",,0,,,
Debit,4/26/2019,"04/26 Online Domestic Wire Transfer Via: TD Bank, NA/036001808 A/C: Big Barn Records",Electronic Withdrawals,"-2,318.75","471,783.20",,0,,,
Debit,4/29/2019,Card Purchase 04/27 Uber *Trip 800-592-8996 CA Card 0698,Atm & Debit Card Withdrawals,-54.29,"471,728.91",,0,,,
Debit,4/29/2019,Card Purchase 04/26 Amzn Mktp US*Mz6D64M Amzn.Com/Bill WA Card 0698,Atm & Debit Card Withdrawals,-98.84,"471,630.07",,0,,,
Debit,4/29/2019,Recurring Card Purchase 04/27 Eig*Constantcontact.CO 855-2295506 MA Card 0698,Atm & Debit Card Withdrawals,-70.77,"471,559.30",,0,,,
Credit,4/29/2019,Bankcard-8566 Mtot Dep 518089424394518 CCD ID: 1592126793,Deposits And Additions,468.75,"472,028.05",,0,,,
Credit,4/29/2019,Bankcard-8566 Mtot Dep 518089424394518 CCD ID: 1592126793,Deposits And Additions,"2,000.00","474,028.05",,0,,,
Credit,4/29/2019,Bankcard-8566 Mtot Dep 518089424394518 CCD ID: 1592126793,Deposits And Additions,538.75,"474,566.80",,0,,,
Debit,4/30/2019,04/30 Online Transfer To Mma ...5639 Transaction#: 8180741662,Electronic Withdrawals,"-250,000.00","224,566.80",,0,,,
Debit,4/30/2019,04/30 Online Transfer To Chk ...7365 Transaction#: 8180729078,Electronic Withdrawals,"-6,675.00","217,891.80",,0,,,
Debit,4/30/2019,04/30 Online Payment 8180734168 To Bailey Duquette P.C.,Electronic Withdrawals,"-3,750.00","214,141.80",,0,,,
Debit,4/30/2019,04/30 Online ACH Payment 5217648140 To Michele Cobb (_######6800),Electronic Withdrawals,"-7,935.17","206,206.63",,0,,,
Debit,4/30/2019,04/30 Online ACH Payment 5217648172 To Michele Cobb (_######6800),Electronic Withdrawals,"-4,167.00","202,039.63",,0,,,
Credit,4/30/2019,Bankcard-8566 Mtot Dep 518089424394518 CCD ID: 1592126793,Deposits And Additions,163.75,"202,203.38",,0,,,
Debit,5/1/2019,Card Purchase 05/01 Uber *Trip 800-592-8996 CA Card 0698,Atm & Debit Card Withdrawals,-5,"202,198.38",,0,,,
Debit,5/1/2019,Card Purchase 05/01 Uber *Trip 800-592-8996 CA Card 0698,Atm & Debit Card Withdrawals,-6.45,"202,191.93",,0,,,
Credit,5/1/2019,Bankcard-8566 Mtot Dep 518089424394518 CCD ID: 1592126793,Deposits And Additions,"1,310.00","203,501.93",,0,,,
Debit,5/2/2019,Card Purchase 05/01 Linode.Com 855-4546633 NJ Card 0698,Atm & Debit Card Withdrawals,-55,"203,446.93",,0,,,
Debit,5/2/2019,Bankcard-8566 Mtot Disc 518089424394518 CCD ID: 1592126793,Electronic Withdrawals,-899.61,"202,547.32",,0,,,
Credit,5/2/2019,Bankcard-8566 Mtot Dep 518089424394518 CCD ID: 1592126793,Deposits And Additions,225,"202,772.32",,0,,,
Debit,5/3/2019,Service Charges For The Month of April,Fees,-34.95,"202,737.37",,0,,,
Credit,5/3/2019,Bankcard-8566 Mtot Dep 518089424394518 CCD ID: 1592126793,Deposits And Additions,"1,268.75","204,006.12",,0,,,
Credit,5/6/2019,Bankcard-8566 Mtot Dep 518089424394518 CCD ID: 1592126793,Deposits And Additions,"1,990.00","205,996.12",,0,,,
Credit,5/6/2019,Bankcard-8566 Mtot Dep 518089424394518 CCD ID: 1592126793,Deposits And Additions,750,"206,746.12",,0,,,
Credit,5/6/2019,Bankcard-8566 Mtot Dep 518089424394518 CCD ID: 1592126793,Deposits And Additions,395,"207,141.12",,0,,,
Credit,5/7/2019,Bankcard-8566 Mtot Dep 518089424394518 CCD ID: 1592126793,Deposits And Additions,40,"207,181.12",,0,,,
Debit,5/8/2019,Card Purchase 05/08 Uber *Trip 800-592-8996 CA Card 0698,Atm & Debit Card Withdrawals,-10.32,"207,170.80",,0,,,
Credit,5/8/2019,Bankcard-8566 Mtot Dep 518089424394518 CCD ID: 1592126793,Deposits And Additions,600,"207,770.80",,0,,,
Debit,5/8/2019,05/08 Online Domestic Wire Transfer Via: Bk of Nyc/021000018 A/C: Affinity Nonprofits,Electronic Withdrawals,-626.49,"207,144.31",,0,,,
Debit,5/9/2019,"Quickpay With Zelle Payment To Janet Benson, Inc. 8215397935",Electronic Withdrawals,-162.4,"206,981.91",,0,,,
Credit,5/9/2019,Bankcard-8566 Mtot Dep 518089424394518 CCD ID: 1592126793,Deposits And Additions,455,"207,436.91",,0,,,
Credit,5/10/2019,Bankcard-8566 Mtot Dep 518089424394518 CCD ID: 1592126793,Deposits And Additions,690,"208,126.91",,0,,,
Debit,5/10/2019,Recurring Card Purchase 05/10 Google *Google Storag 855-836-3987 CA Card 0698,Atm & Debit Card Withdrawals,-9.99,"208,116.92",,0,,,
Credit,5/13/2019,Bankcard-8566 Mtot Dep 518089424394518 CCD ID: 1592126793,Deposits And Additions,498.75,"208,615.67",,0,,,
Credit,5/13/2019,Bankcard-8566 Mtot Dep 518089424394518 CCD ID: 1592126793,Deposits And Additions,748.75,"209,364.42",,0,,,
Credit,5/13/2019,Bankcard-8566 Mtot Dep 518089424394518 CCD ID: 1592126793,Deposits And Additions,123.75,"209,488.17",,0,,,
Debit,5/13/2019,Recurring Card Purchase 05/12 Fedex 478169353 Memphis TN Card 0698,Atm & Debit Card Withdrawals,-14.61,"209,473.56",,0,,,
Debit,5/13/2019,Card Purchase 05/12 Amzn Mktp US*MN3OK43 Amzn.Com/Bill WA Card 0698,Atm & Debit Card Withdrawals,-39.12,"209,434.44",,0,,,
Debit,5/13/2019,Card Purchase 05/11 Uber *Trip 800-592-8996 CA Card 0698,Atm & Debit Card Withdrawals,-31.15,"209,403.29",,0,,,
Debit,5/13/2019,Card Purchase 05/11 Uber *Trip 800-592-8996 CA Card 0698,Atm & Debit Card Withdrawals,-17.42,"209,385.87",,0,,,
Debit,5/13/2019,Card Purchase 05/11 Uber *Trip 800-592-8996 CA Card 0698,Atm & Debit Card Withdrawals,-48.42,"209,337.45",,0,,,
Debit,5/13/2019,Card Purchase 05/10 4Imprint 877-4467746 WI Card 0698,Atm & Debit Card Withdrawals,"-1,209.53","208,127.92",,0,,,
Debit,5/13/2019,Recurring Card Purchase 05/11 Web*Networksolutions 888-6429675 FL Card 0698,Atm & Debit Card Withdrawals,-47.97,"208,079.95",,0,,,
Debit,5/14/2019,Card Purchase 05/13 Amazon.Com*MN9926T60 Amzn.Com/Bill WA Card 0698,Atm & Debit Card Withdrawals,-50.55,"208,029.40",,0,,,
Debit,5/14/2019,Card Purchase 05/14 Amazon.Com*MN3Ur2PC1 Amzn.Com/Bill WA Card 0698,Atm & Debit Card Withdrawals,-69.8,"207,959.60",,0,,,
Debit,5/14/2019,Card Purchase 05/13 Amzn Mktp US*MN9Jv4J Amzn.Com/Bill WA Card 0698,Atm & Debit Card Withdrawals,-17.99,"207,941.61",,0,,,
Debit,5/14/2019,Card Purchase 05/14 Uber *Trip 800-592-8996 CA Card 0698,Atm & Debit Card Withdrawals,-12.6,"207,929.01",,0,,,
Credit,5/14/2019,Bankcard-8566 Mtot Dep 518089424394518 CCD ID: 1592126793,Deposits And Additions,40,"207,969.01",,0,,,
Debit,5/14/2019,Recurring Card Purchase 05/13 Stamps.Com 855-608-2677 CA Card 0698,Atm & Debit Card Withdrawals,-15.99,"207,953.02",,0,,,
Debit,5/14/2019,Recurring Card Purchase 05/13 Vbs*Vonage Business 866-901-0242 GA Card 0698,Atm & Debit Card Withdrawals,-85.62,"207,867.40",,0,,,
Debit,5/14/2019,Recurring Card Purchase 05/14 Rackspace Email & App 210-312-4000 TX Card 0698,Atm & Debit Card Withdrawals,-14.4,"207,853.00",,0,,,
Debit,5/14/2019,Card Purchase 05/14 Amazon.Com*MN2Rz7Ti2 Amzn.Com/Bill WA Card 0698,Atm & Debit Card Withdrawals,-56.6,"207,796.40",,0,,,
Credit,5/15/2019,Bankcard-8566 Mtot Dep 518089424394518 CCD ID: 1592126793,Deposits And Additions,"1,020.00","208,816.40",,0,,,
Debit,5/15/2019,Card Purchase 05/15 Uber *Trip 800-592-8996 CA Card 0698,Atm & Debit Card Withdrawals,-20.81,"208,795.59",,0,,,
Debit,5/15/2019,Card Purchase 05/15 Uber *Trip 800-592-8996 CA Card 0698,Atm & Debit Card Withdrawals,-7.84,"208,787.75",,0,,,
Debit,5/15/2019,Card Purchase 05/15 Amzn Mktp US*MN4Lj8X Amzn.Com/Bill WA Card 0698,Atm & Debit Card Withdrawals,-11.97,"208,775.78",,0,,,
Debit,5/16/2019,Recurring Card Purchase 05/15 Fedex 478561352 Memphis TN Card 0698,Atm & Debit Card Withdrawals,-53.24,"208,722.54",,0,,,
Credit,5/16/2019,Bankcard-8566 Mtot Dep 518089424394518 CCD ID: 1592126793,Deposits And Additions,495,"209,217.54",,0,,,
Debit,5/16/2019,Recurring Card Purchase 05/15 Smk*Surveymonkey.Com 971-2445555 CA Card 0698,Atm & Debit Card Withdrawals,-33,"209,184.54",,0,,,
Credit,5/17/2019,Bankcard-8566 Mtot Dep 518089424394518 CCD ID: 1592126793,Deposits And Additions,307.5,"209,492.04",,0,,,
Debit,5/17/2019,Recurring Card Purchase 05/16 Fedex 478665733 Memphis TN Card 0698,Atm & Debit Card Withdrawals,-38.45,"209,453.59",,0,,,
Debit,5/17/2019,Recurring Card Purchase 05/16 Fedex 181633103 Memphis TN Card 0698,Atm & Debit Card Withdrawals,-83.55,"209,370.04",,0,,,
Credit,5/20/2019,Bankcard-8566 Mtot Dep 518089424394518 CCD ID: 1592126793,Deposits And Additions,60,"209,430.04",,0,,,
Credit,5/20/2019,Bankcard-8566 Mtot Dep 518089424394518 CCD ID: 1592126793,Deposits And Additions,597.5,"210,027.54",,0,,,
Debit,5/20/2019,Card Purchase 05/20 Uber *Trip 800-592-8996 CA Card 0698,Atm & Debit Card Withdrawals,-31.63,"209,995.91",,0,,,
Debit,5/20/2019,Card Purchase 05/18 Uber *Trip 800-592-8996 CA Card 0698,Atm & Debit Card Withdrawals,-20.77,"209,975.14",,0,,,
Credit,5/20/2019,Bankcard-8566 Mtot Dep 518089424394518 CCD ID: 1592126793,Deposits And Additions,143.75,"210,118.89",,0,,,
Debit,5/20/2019,Card Purchase 05/18 Uber *Trip 800-592-8996 CA Card 0698,Atm & Debit Card Withdrawals,-20.22,"210,098.67",,0,,,
Debit,5/21/2019,"05/21 Online Domestic Wire Transfer Via: TD Bank, NA/036001808 A/C: Big Barn Records",Electronic Withdrawals,"-2,278.75","207,819.92",,0,,,
Credit,5/21/2019,Bankcard-8566 Mtot Dep 518089424394518 CCD ID: 1592126793,Deposits And Additions,415,"208,234.92",,0,,,
Debit,5/21/2019,Card Purchase 05/21 Amzn Mktp US*MN1Xf4D Amzn.Com/Bill WA Card 0698,Atm & Debit Card Withdrawals,-63.98,"208,170.94",,0,,,
Debit,5/21/2019,05/21 Online Domestic Wire Transfer Via: Wells Fargo NA/121000248 A/C: Centerplate,Electronic Withdrawals,"-77,933.71","130,237.23",,0,,,
Credit,5/22/2019,Bankcard-8566 Btot ADJ 518089424394518 CCD ID: 1592126793,Deposits And Additions,10,"130,247.23",,0,,,
Debit,5/22/2019,ATM Withdrawal 05/22 345 Hudson St New York NY Card 0698,Atm & Debit Card Withdrawals,-500,"129,747.23",,0,,,
Credit,5/22/2019,Bankcard-8566 Mtot Dep 518089424394518 CCD ID: 1592126793,Deposits And Additions,475,"130,222.23",,0,,,
Debit,5/22/2019,Recurring Card Purchase 05/21 Fedex 479158360 Memphis TN Card 0698,Atm & Debit Card Withdrawals,-74.82,"130,147.41",,0,,,
Credit,5/22/2019,Card Purchase Return 05/21 Amzn Mktp US Amzn.Com/Bill WA Card 0698,Deposits And Additions,31,"130,178.41",,0,,,
Credit,5/23/2019,Bankcard-8566 Mtot Dep 518089424394518 CCD ID: 1592126793,Deposits And Additions,"1,345.00","131,523.41",,0,,,
Credit,5/24/2019,Bankcard-8566 Mtot Dep 518089424394518 CCD ID: 1592126793,Deposits And Additions,"1,095.00","132,618.41",,0,,,
Credit,5/28/2019,Bankcard-8566 Mtot Dep 518089424394518 CCD ID: 1592126793,Deposits And Additions,843.75,"133,462.16",,0,,,
Debit,5/28/2019,Card Purchase 05/23 Taxi Svc Woodside Woodside NY Card 0698,Atm & Debit Card Withdrawals,-14.12,"133,448.04",,0,,,
Debit,5/28/2019,Card Purchase 05/25 Javits Center Batch 212-2162319 NY Card 0698,Atm & Debit Card Withdrawals,-980,"132,468.04",,0,,,
Debit,5/28/2019,Card Purchase 05/24 Javits Center Batch 212-2162319 NY Card 0698,Atm & Debit Card Withdrawals,"-1,946.42","130,521.62",,0,,,
Debit,5/28/2019,Card Purchase 05/24 Javits Center Batch 212-2162319 NY Card 0698,Atm & Debit Card Withdrawals,-198.67,"130,322.95",,0,,,
Credit,5/28/2019,Bankcard-8566 Mtot Dep 518089424394518 CCD ID: 1592126793,Deposits And Additions,165,"130,487.95",,0,,,
Credit,5/28/2019,Bankcard-8566 Mtot Dep 518089424394518 CCD ID: 1592126793,Deposits And Additions,123.75,"130,611.70",,0,,,
Credit,5/28/2019,Bankcard-8566 Mtot Dep 518089424394518 CCD ID: 1592126793,Deposits And Additions,85,"130,696.70",,0,,,
Debit,5/28/2019,Card Purchase 05/24 Javits Center Batch 212-2162319 NY Card 0698,Atm & Debit Card Withdrawals,-198.67,"130,498.03",,0,,,
Debit,5/28/2019,Card Purchase 05/25 Zoom.US 888-799-9666 CA Card 0698,Atm & Debit Card Withdrawals,-59.87,"130,438.16",,0,,,
Debit,5/28/2019,Card Purchase 05/23 Queens Medallion Lea Long Island C NY Card 0698,Atm & Debit Card Withdrawals,-12.88,"130,425.28",,0,,,
Credit,5/29/2019,Bankcard-8566 Mtot Dep 518089424394518 CCD ID: 1592126793,Deposits And Additions,250,"130,675.28",,0,,,
Debit,5/29/2019,Card Purchase 05/28 Rocky's Bar & Restauran New York NY Card 0698,Atm & Debit Card Withdrawals,-13.58,"130,661.70",,0,,,
Debit,5/29/2019,Card Purchase 05/28 Slice*Rockyspizzabar Slicelife.Com NY Card 0698,Atm & Debit Card Withdrawals,-43.36,"130,618.34",,0,,,
Debit,5/29/2019,Card Purchase 05/28 76 Bowlmor 8003425263 New York NY Card 0698,Atm & Debit Card Withdrawals,-26.32,"130,592.02",,0,,,
Debit,5/29/2019,Card Purchase 05/28 Shell Oil 57544827405 Jersey City NJ Card 0698,Atm & Debit Card Withdrawals,-51.25,"130,540.77",,0,,,
Debit,5/29/2019,Recurring Card Purchase 05/28 Eig*Constantcontact.CO 855-2295506 MA Card 0698,Atm & Debit Card Withdrawals,-70.77,"130,470.00",,0,,,
Debit,5/30/2019,"05/30 Online Payment 8279459179 To Edison Media Research, Inc.",Electronic Withdrawals,"-16,000.00","114,470.00",,0,,,
Debit,5/30/2019,05/30 Online ACH Payment 5220117150 To Michele Cobb (_######6800),Electronic Withdrawals,"-5,487.09","108,982.91",,0,,,
Credit,5/30/2019,Online Transfer From Chk ...7365 Transaction#: 8279409135,Deposits And Additions,600,"109,582.91",,0,,,
Debit,5/30/2019,Quickpay With Zelle Payment To Joanna Laskas Personal 8279411786,Electronic Withdrawals,-35,"109,547.91",,0,,,
Debit,5/30/2019,05/30 Online Payment 8279434732 To Core Four Media,Electronic Withdrawals,"-5,400.00","104,147.91",,0,,,
Debit,5/30/2019,Card Purchase 05/30 Uber *Trip 800-592-8996 CA Card 0698,Atm & Debit Card Withdrawals,-29.89,"104,118.02",,0,,,
Credit,5/30/2019,Online Transfer From Chk ...7365 Transaction#: 8279446040,Deposits And Additions,"2,278.75","106,396.77",,0,,,
Debit,5/30/2019,Card Purchase 05/29 Uber *Trip 800-592-8996 CA Card 0698,Atm & Debit Card Withdrawals,-31.68,"106,365.09",,0,,,
Debit,5/30/2019,Card Purchase 05/28 Taxi Svc Brooklyn Brooklyn NY Card 0698,Atm & Debit Card Withdrawals,-17.88,"106,347.21",,0,,,
Credit,5/30/2019,Bankcard-8566 Mtot Dep 518089424394518 CCD ID: 1592126793,Deposits And Additions,860,"107,207.21",,0,,,
Debit,5/31/2019,05/31 Online Transfer To Chk ...7365 Transaction#: 8284349022,Electronic Withdrawals,"-9,250.00","97,957.21",,0,,,
Debit,5/31/2019,Bankcard-8566 Mtot Dep 518089424394518 CCD ID: 1592126793,Electronic Withdrawals,-365,"97,592.21",,0,,,
Credit,5/31/2019,Remote Online Deposit 1,Deposits And Additions,"1,250.00","98,842.21",,0,,,
Debit,5/31/2019,Card Purchase 05/29 Taxi Svc Long Island Long Island C NY Card 0698,Atm & Debit Card Withdrawals,-21.63,"98,820.58",,0,,,
Debit,5/31/2019,Venmo Payment 2107222918 Web ID: 3264681992,Electronic Withdrawals,-500,"98,320.58",,0,,,
Debit,5/31/2019,Venmo Payment 2107232032 Web ID: 3264681992,Electronic Withdrawals,-750,"97,570.58",,0,,,
Debit,5/31/2019,Venmo Payment 2107234146 Web ID: 3264681992,Electronic Withdrawals,-80,"97,490.58",,0,,,
Debit,5/31/2019,Venmo Payment 2107228797 Web ID: 3264681992,Electronic Withdrawals,-18.5,"97,472.08",,0,,,
Debit,5/31/2019,Card Purchase 05/29 Taxi Svc Bronx Bronx NY Card 0698,Atm & Debit Card Withdrawals,-16,"97,456.08",,0,,,
Debit,6/3/2019,Card Purchase 06/01 Linode.Com 855-4546633 NJ Card 0698,Atm & Debit Card Withdrawals,-55,"97,401.08",,0,,,
Debit,6/3/2019,Bankcard-8566 Mtot Disc 518089424394518 CCD ID: 1592126793,Electronic Withdrawals,-768.63,"96,632.45",,0,,,
Credit,6/3/2019,Bankcard-8566 Mtot Dep 518089424394518 CCD ID: 1592126793,Deposits And Additions,610,"97,242.45",,0,,,
Debit,6/3/2019,Bankcard-8566 Mtot Dep 518089424394518 CCD ID: 1592126793,Electronic Withdrawals,-126.25,"97,116.20",,0,,,
Debit,6/3/2019,Card Purchase 06/01 Uber *Trip 800-592-8996 CA Card 0698,Atm & Debit Card Withdrawals,-49.15,"97,067.05",,0,,,
Credit,6/3/2019,Bankcard-8566 Mtot Dep 518089424394518 CCD ID: 1592126793,Deposits And Additions,85,"97,152.05",,0,,,
Debit,6/3/2019,Venmo Payment 2110743438 Web ID: 3264681992,Electronic Withdrawals,-90.77,"97,061.28",,0,,,
Debit,6/3/2019,Card Purchase 06/02 Seamlsscitydiner Seamless.Com NY Card 0698,Atm & Debit Card Withdrawals,-20.4,"97,040.88",,0,,,
Credit,6/4/2019,Online Transfer From Chk ...7365 Transaction#: 8298828680,Deposits And Additions,"8,000.00","105,040.88",,0,,,
Debit,6/5/2019,Service Charges For The Month of May,Fees,-34.95,"105,005.93",,0,,,
Credit,6/5/2019,Bankcard-8566 Mtot Dep 518089424394518 CCD ID: 1592126793,Deposits And Additions,430,"105,435.93",,0,,,
Credit,6/6/2019,Bankcard-8566 Mtot Dep 518089424394518 CCD ID: 1592126793,Deposits And Additions,123.75,"105,559.68",,0,,,
Credit,6/7/2019,Bankcard-8566 Mtot Dep 518089424394518 CCD ID: 1592126793,Deposits And Additions,201.25,"105,760.93",,0,,,
Debit,6/10/2019,Recurring Card Purchase 06/10 Google *Google Storag 855-836-3987 CA Card 0698,Atm & Debit Card Withdrawals,-9.99,"105,750.94",,0,,,
Credit,6/10/2019,Bankcard-8566 Mtot Dep 518089424394518 CCD ID: 1592126793,Deposits And Additions,500,"106,250.94",,0,,,
Debit,6/10/2019,Card Purchase 06/09 Javits Center Batch 212-2162319 NY Card 0698,Atm & Debit Card Withdrawals,-343.1,"105,907.84",,0,,,
Debit,6/10/2019,Card Purchase 06/09 Uber *Trip 800-592-8996 CA Card 0698,Atm & Debit Card Withdrawals,-25.07,"105,882.77",,0,,,
Debit,6/10/2019,Card Purchase 06/10 Uber *Trip 800-592-8996 CA Card 0698,Atm & Debit Card Withdrawals,-34.14,"105,848.63",,0,,,
Credit,6/10/2019,Bankcard-8566 Mtot Dep 518089424394518 CCD ID: 1592126793,Deposits And Additions,"1,400.00","107,248.63",,0,,,
Debit,6/10/2019,Card Purchase 06/08 Uber *Trip 800-592-8996 CA Card 0698,Atm & Debit Card Withdrawals,-11.16,"107,237.47",,0,,,
Credit,6/10/2019,Bankcard-8566 Btot Dep 518089424394518 CCD ID: 1592126793,Deposits And Additions,960,"108,197.47",,0,,,
Debit,6/10/2019,Card Purchase 06/08 Uber *Trip 800-592-8996 CA Card 0698,Atm & Debit Card Withdrawals,-8.79,"108,188.68",,0,,,
Debit,6/11/2019,Card Purchase 06/11 Intuit *Quickbooks 800-446-8848 CA Card 0698,Atm & Debit Card Withdrawals,-239.47,"107,949.21",,0,,,
Credit,6/11/2019,Bankcard-8566 Mtot Dep 518089424394518 CCD ID: 1592126793,Deposits And Additions,563.75,"108,512.96",,0,,,
Credit,6/12/2019,Bankcard-8566 Mtot Dep 518089424394518 CCD ID: 1592126793,Deposits And Additions,100,"108,612.96",,0,,,
Debit,6/12/2019,"Quickpay With Zelle Payment To Janet Benson, Inc. 8323987766",Electronic Withdrawals,-641.88,"107,971.08",,0,,,
Debit,6/13/2019,Card Purchase 06/13 Uber *Trip 800-592-8996 CA Card 0698,Atm & Debit Card Withdrawals,-10.76,"107,960.32",,0,,,
Debit,6/13/2019,Recurring Card Purchase 06/13 Stamps.Com 855-608-2677 CA Card 0698,Atm & Debit Card Withdrawals,-13.99,"107,946.33",,0,,,
Credit,6/13/2019,Bankcard-8566 Mtot Dep 518089424394518 CCD ID: 1592126793,Deposits And Additions,500,"108,446.33",,0,,,
Credit,6/14/2019,Bankcard-8566 Mtot Dep 518089424394518 CCD ID: 1592126793,Deposits And Additions,123.75,"108,570.08",,0,,,
Debit,6/14/2019,Recurring Card Purchase 06/13 Fedex 481345777 Memphis TN Card 0698,Atm & Debit Card Withdrawals,-69.12,"108,500.96",,0,,,
Debit,6/14/2019,Recurring Card Purchase 06/13 Fedex 182565626 Memphis TN Card 0698,Atm & Debit Card Withdrawals,-166.96,"108,334.00",,0,,,
Debit,6/14/2019,Recurring Card Purchase 06/13 Vbs*Vonage Business 866-901-0242 GA Card 0698,Atm & Debit Card Withdrawals,-85.62,"108,248.38",,0,,,
Debit,6/14/2019,Recurring Card Purchase 06/14 Rackspace Email & App 210-312-4000 TX Card 0698,Atm & Debit Card Withdrawals,-14.4,"108,233.98",,0,,,
Debit,6/17/2019,Card Purchase 06/16 Uber *Trip 800-592-8996 CA Card 0698,Atm & Debit Card Withdrawals,-12.28,"108,221.70",,0,,,
Credit,6/17/2019,Bankcard-8566 Mtot Dep 518089424394518 CCD ID: 1592126793,Deposits And Additions,323.75,"108,545.45",,0,,,
Debit,6/17/2019,"06/17 Online Payment 8341101021 To Graphic Executions, Inc.",Electronic Withdrawals,"-5,517.78","103,027.67",,0,,,
Debit,6/17/2019,Recurring Card Purchase 06/15 Smk*Surveymonkey.Com 971-2445555 CA Card 0698,Atm & Debit Card Withdrawals,-33,"102,994.67",,0,,,
Credit,6/17/2019,Bankcard-8566 Mtot Dep 518089424394518 CCD ID: 1592126793,Deposits And Additions,330,"103,324.67",,0,,,
Credit,6/19/2019,Bankcard-8566 Mtot Dep 518089424394518 CCD ID: 1592126793,Deposits And Additions,"2,125.00","105,449.67",,0,,,
Credit,6/20/2019,Bankcard-8566 Mtot Dep 518089424394518 CCD ID: 1592126793,Deposits And Additions,247.5,"105,697.17",,0,,,
Credit,6/20/2019,Remote Online Deposit 1,Deposits And Additions,"9,504.06","115,201.23",,0,,,
Credit,6/24/2019,Remote Online Deposit 1,Deposits And Additions,"2,450.00","117,651.23",,0,,,
Debit,6/24/2019,Recurring Card Purchase 06/22 Web*Networksolutions 888-6429675 FL Card 0698,Atm & Debit Card Withdrawals,-75.98,"117,575.25",,0,,,
Credit,6/24/2019,Bankcard-8566 Mtot Dep 518089424394518 CCD ID: 1592126793,Deposits And Additions,25,"117,600.25",,0,,,
Credit,6/24/2019,Bankcard-8566 Mtot Dep 518089424394518 CCD ID: 1592126793,Deposits And Additions,100,"117,700.25",,0,,,
Debit,6/25/2019,Bankcard-8566 Btot ADJ 518089424394518 CCD ID: 1592126793,Electronic Withdrawals,-225,"117,475.25",,0,,,
Debit,6/26/2019,06/26 Online ACH Payment 5222195338 To Michele Cobb (_######6800),Electronic Withdrawals,"-9,137.62","108,337.63",,0,,,
Debit,6/26/2019,06/26 Online Domestic Wire Transfer Via: Capital One NA/021407912 A/C: Guastavinos Inc,Electronic Withdrawals,"-27,763.78","80,573.85",,0,,,
Debit,6/26/2019,Card Purchase 06/25 Zoom.US 888-799-9666 CA Card 0698,Atm & Debit Card Withdrawals,-59.87,"80,513.98",,0,,,
Credit,6/26/2019,Bankcard-8566 Mtot Dep 518089424394518 CCD ID: 1592126793,Deposits And Additions,580,"81,093.98",,0,,,
Debit,6/26/2019,Card Purchase 06/25 Uber *Trip 800-592-8996 CA Card 0698,Atm & Debit Card Withdrawals,-41.71,"81,052.27",,0,,,
Debit,6/26/2019,06/26 Online Payment 8368539356 To Audiofile,Electronic Withdrawals,"-3,060.00","77,992.27",,0,,,
Credit,6/28/2019,Bankcard-8566 Mtot Dep 518089424394518 CCD ID: 1592126793,Deposits And Additions,800,"78,792.27",,0,,,
Debit,6/28/2019,Recurring Card Purchase 06/27 Eig*Constantcontact.CO 855-2295506 MA Card 0698,Atm & Debit Card Withdrawals,-70.77,"78,721.50",,0,,,
Credit,7/1/2019,Bankcard-8566 Mtot Dep 518089424394518 CCD ID: 1592126793,Deposits And Additions,220,"78,941.50",,0,,,
Credit,7/1/2019,Bankcard-8566 Mtot Dep 518089424394518 CCD ID: 1592126793,Deposits And Additions,240,"79,181.50",,0,,,
Credit,7/1/2019,Bankcard-8566 Mtot Dep 518089424394518 CCD ID: 1592126793,Deposits And Additions,420,"79,601.50",,0,,,
Debit,7/2/2019,Card Purchase 07/01 Linode.Com 855-4546633 NJ Card 0698,Atm & Debit Card Withdrawals,-55,"79,546.50",,0,,,
Debit,7/2/2019,Bankcard-8566 Mtot Disc 518089424394518 CCD ID: 1592126793,Electronic Withdrawals,-547.43,"78,999.07",,0,,,
Debit,7/3/2019,Service Charges For The Month of June,Fees,-34.95,"78,964.12",,0,,,
Credit,7/3/2019,Bankcard-8566 Mtot Dep 518089424394518 CCD ID: 1592126793,Deposits And Additions,182.5,"79,146.62",,0,,,
Credit,7/5/2019,Bankcard-8566 Mtot Dep 518089424394518 CCD ID: 1592126793,Deposits And Additions,282.5,"79,429.12",,0,,,
Credit,7/5/2019,Bankcard-8566 Mtot Dep 518089424394518 CCD ID: 1592126793,Deposits And Additions,82.5,"79,511.62",,0,,,
Credit,7/8/2019,Bankcard-8566 Mtot Dep 518089424394518 CCD ID: 1592126793,Deposits And Additions,"1,900.00","81,411.62",,0,,,
Credit,7/8/2019,Remote Online Deposit 1,Deposits And Additions,225,"81,636.62",,0,,,
Credit,7/8/2019,Bankcard-8566 Mtot Dep 518089424394518 CCD ID: 1592126793,Deposits And Additions,550,"82,186.62",,0,,,
Credit,7/9/2019,Bankcard-8566 Mtot Dep 518089424394518 CCD ID: 1592126793,Deposits And Additions,547.5,"82,734.12",,0,,,
Credit,7/10/2019,Bankcard-8566 Mtot Dep 518089424394518 CCD ID: 1592126793,Deposits And Additions,"1,815.00","84,549.12",,0,,,
Debit,7/11/2019,Card Purchase 07/11 Google *Google Storag 650-253-0000 CA Card 0698,Atm & Debit Card Withdrawals,-9.99,"84,539.13",,0,,,
Credit,7/11/2019,Bankcard-8566 Mtot Dep 518089424394518 CCD ID: 1592126793,Deposits And Additions,"1,580.00","86,119.13",,0,,,
Debit,7/11/2019,Card Purchase 07/09 Taxi Svc Long Island Long Island C NY Card 0698,Atm & Debit Card Withdrawals,-26.76,"86,092.37",,0,,,
Credit,7/12/2019,Bankcard-8566 Mtot Dep 518089424394518 CCD ID: 1592126793,Deposits And Additions,"1,682.50","87,774.87",,0,,,
Debit,7/15/2019,Recurring Card Purchase 07/13 Web*Networksolutions 888-6429675 FL Card 0698,Atm & Debit Card Withdrawals,-75.98,"87,698.89",,0,,,
Debit,7/15/2019,Recurring Card Purchase 07/13 Vbs*Vonage Business 866-901-0242 GA Card 0698,Atm & Debit Card Withdrawals,-90.44,"87,608.45",,0,,,
Credit,7/15/2019,Bankcard-8566 Mtot Dep 518089424394518 CCD ID: 1592126793,Deposits And Additions,"1,852.50","89,460.95",,0,,,
Credit,7/15/2019,Bankcard-8566 Mtot Dep 518089424394518 CCD ID: 1592126793,Deposits And Additions,"10,085.00","99,545.95",,0,,,
Debit,7/15/2019,Recurring Card Purchase 07/14 Rackspace Email & App 210-312-4000 TX Card 0698,Atm & Debit Card Withdrawals,-14.4,"99,531.55",,0,,,
Debit,7/15/2019,Recurring Card Purchase 07/13 Stamps.Com 855-608-2677 CA Card 0698,Atm & Debit Card Withdrawals,-15.99,"99,515.56",,0,,,
Credit,7/15/2019,Bankcard-8566 Mtot Dep 518089424394518 CCD ID: 1592126793,Deposits And Additions,"10,252.50","109,768.06",,0,,,
Credit,7/16/2019,Bankcard-8566 Mtot Dep 518089424394518 CCD ID: 1592126793,Deposits And Additions,"1,482.50","111,250.56",,0,,,
Debit,7/16/2019,Recurring Card Purchase 07/15 Smk*Surveymonkey.Com 971-2445555 CA Card 0698,Atm & Debit Card Withdrawals,-37,"111,213.56",,0,,,
Credit,7/17/2019,Bankcard-8566 Mtot Dep 518089424394518 CCD ID: 1592126793,Deposits And Additions,"29,550.00","140,763.56",,0,,,
Credit,7/18/2019,Bankcard-8566 Mtot Dep 518089424394518 CCD ID: 1592126793,Deposits And Additions,"3,630.00","144,393.56",,0,,,
Debit,7/18/2019,Card Purchase With Pin 07/18 Shore Stop 221 Rock Hall MD Card 0698,Atm & Debit Card Withdrawals,-49.07,"144,344.49",,0,,,
Credit,7/19/2019,Bankcard-8566 Mtot Dep 518089424394518 CCD ID: 1592126793,Deposits And Additions,"8,602.50","152,946.99",,0,,,
Credit,7/22/2019,Bankcard-8566 Mtot Dep 518089424394518 CCD ID: 1592126793,Deposits And Additions,602.5,"153,549.49",,0,,,
Debit,7/22/2019,07/22 Online Payment 8456980164 To Cristaux,Electronic Withdrawals,"-4,830.00","148,719.49",,0,,,
Debit,7/22/2019,07/22 Online ACH Payment 5224366547 To Michele Cobb (_######6800),Electronic Withdrawals,"-6,602.12","142,117.37",,0,,,
Debit,7/22/2019,"07/22 Online Payment 8456987304 To Jonathan Fader, PHD",Electronic Withdrawals,"-2,500.00","139,617.37",,0,,,
Debit,7/22/2019,"Quickpay With Zelle Payment To Janet Benson, Inc. 8455866327",Electronic Withdrawals,-23.25,"139,594.12",,0,,,
Credit,7/22/2019,Bankcard-8566 Mtot Dep 518089424394518 CCD ID: 1592126793,Deposits And Additions,240,"139,834.12",,0,,,
Debit,7/22/2019,07/22 Online Payment 8456977264 To Audiofile,Electronic Withdrawals,-765,"139,069.12",,0,,,
Credit,7/22/2019,Bankcard-8566 Mtot Dep 518089424394518 CCD ID: 1592126793,Deposits And Additions,100,"139,169.12",,0,,,
Debit,7/22/2019,07/22 Online Payment 8456981458 To Bailey Duquette P.C.,Electronic Withdrawals,"-3,750.00","135,419.12",,0,,,
Debit,7/23/2019,Bankcard-8566 Mtot Dep 518089424394518 CCD ID: 1592126793,Electronic Withdrawals,-435,"134,984.12",,0,,,
Credit,7/24/2019,Bankcard-8566 Mtot Dep 518089424394518 CCD ID: 1592126793,Deposits And Additions,232.5,"135,216.62",,0,,,
Credit,7/25/2019,Bankcard-8566 Btot Dep 518089424394518 CCD ID: 1592126793,Deposits And Additions,770,"135,986.62",,0,,,
Debit,7/25/2019,Card Purchase 07/24 Sq *Bang Cookies Jersey City NJ Card 0698,Atm & Debit Card Withdrawals,-4.5,"135,982.12",,0,,,
Debit,7/26/2019,"07/26 Online Payment 8471086206 To Graphic Executions, Inc.",Electronic Withdrawals,-420.26,"135,561.86",,0,,,
Debit,7/26/2019,Card Purchase 07/25 Zoom.US 888-799-9666 CA Card 0698,Atm & Debit Card Withdrawals,-59.87,"135,501.99",,0,,,
Debit,7/29/2019,Recurring Card Purchase 07/28 Eig*Constantcontact.CO 855-2295506 MA Card 0698,Atm & Debit Card Withdrawals,-70.77,"135,431.22",,0,,,
Credit,7/29/2019,Bankcard-8566 Mtot Dep 518089424394518 CCD ID: 1592126793,Deposits And Additions,60,"135,491.22",,0,,,
Credit,7/29/2019,Bankcard-8566 Mtot Dep 518089424394518 CCD ID: 1592126793,Deposits And Additions,442.5,"135,933.72",,0,,,
Credit,7/30/2019,Bankcard-8566 Mtot Dep 518089424394518 CCD ID: 1592126793,Deposits And Additions,20,"135,953.72",,0,,,
Credit,7/31/2019,Bankcard-8566 Mtot Dep 518089424394518 CCD ID: 1592126793,Deposits And Additions,40,"135,993.72",,0,,,
Credit,8/1/2019,Bankcard-8566 Mtot Dep 518089424394518 CCD ID: 1592126793,Deposits And Additions,165,"136,158.72",,0,,,
Debit,8/2/2019,Card Purchase 08/01 Paypal *Nflgamepass 402-935-7733 NY Card 0698,Atm & Debit Card Withdrawals,-99.99,"136,058.73",,0,,,
Debit,8/2/2019,Card Purchase 08/01 Linode.Com 855-4546633 NJ Card 0698,Atm & Debit Card Withdrawals,-55,"136,003.73",,0,,,
Credit,8/2/2019,Bankcard-8566 Mtot Dep 518089424394518 CCD ID: 1592126793,Deposits And Additions,20,"136,023.73",,0,,,
Debit,8/2/2019,Bankcard-8566 Mtot Disc 518089424394518 CCD ID: 1592126793,Electronic Withdrawals,"-3,459.55","132,564.18",,0,,,
Debit,8/5/2019,Service Charges For The Month of July,Fees,-34.95,"132,529.23",,0,,,
Credit,8/5/2019,Bankcard-8566 Mtot Dep 518089424394518 CCD ID: 1592126793,Deposits And Additions,185,"132,714.23",,0,,,
Credit,8/5/2019,Bankcard-8566 Mtot Dep 518089424394518 CCD ID: 1592126793,Deposits And Additions,402.5,"133,116.73",,0,,,
Credit,8/6/2019,Bankcard-8566 Mtot Dep 518089424394518 CCD ID: 1592126793,Deposits And Additions,250,"133,366.73",,0,,,
Credit,8/7/2019,Bankcard-8566 Mtot Dep 518089424394518 CCD ID: 1592126793,Deposits And Additions,600,"133,966.73",,0,,,
Credit,8/8/2019,Bankcard-8566 Mtot Dep 518089424394518 CCD ID: 1592126793,Deposits And Additions,102.5,"134,069.23",,0,,,
Debit,8/8/2019,Card Purchase With Pin 08/08 Usps PO 23021705 821 C Annapolis MD Card 0698,Atm & Debit Card Withdrawals,-7.35,"134,061.88",,0,,,
Debit,8/8/2019,Card Purchase 08/08 Uber *Trip 800-592-8996 CA Card 0698,Atm & Debit Card Withdrawals,-36.73,"134,025.15",,0,,,
Credit,8/9/2019,Bankcard-8566 Mtot Dep 518089424394518 CCD ID: 1592126793,Deposits And Additions,182.5,"134,207.65",,0,,,
Credit,8/12/2019,Bankcard-8566 Mtot Dep 518089424394518 CCD ID: 1592126793,Deposits And Additions,20,"134,227.65",,0,,,
Credit,8/12/2019,Bankcard-8566 Mtot Dep 518089424394518 CCD ID: 1592126793,Deposits And Additions,572.5,"134,800.15",,0,,,
Debit,8/12/2019,Card Purchase 08/11 Uber *Trip 800-592-8996 CA Card 0698,Atm & Debit Card Withdrawals,-73.06,"134,727.09",,0,,,
Credit,8/12/2019,Bankcard-8566 Mtot Dep 518089424394518 CCD ID: 1592126793,Deposits And Additions,122.5,"134,849.59",,0,,,
Debit,8/12/2019,Card Purchase 08/10 Google *Google Storag 650-253-0000 CA Card 0698,Atm & Debit Card Withdrawals,-9.99,"134,839.60",,0,,,
Credit,8/13/2019,Bankcard-8566 Mtot Dep 518089424394518 CCD ID: 1592126793,Deposits And Additions,20,"134,859.60",,0,,,
Credit,8/13/2019,Remote Online Deposit 1,Deposits And Additions,"6,500.00","141,359.60",,0,,,
Credit,8/14/2019,Bankcard-8566 Mtot Dep 518089424394518 CCD ID: 1592126793,Deposits And Additions,225,"141,584.60",,0,,,
Debit,8/14/2019,Recurring Card Purchase 08/14 Rackspace Email & App 210-312-4000 TX Card 0698,Atm & Debit Card Withdrawals,-14.4,"141,570.20",,0,,,
Debit,8/14/2019,Recurring Card Purchase 08/13 Vbs*Vonage Business 866-901-0242 GA Card 0698,Atm & Debit Card Withdrawals,-90.44,"141,479.76",,0,,,
Credit,8/15/2019,Bankcard-8566 Mtot Dep 518089424394518 CCD ID: 1592126793,Deposits And Additions,165,"141,644.76",,0,,,
Debit,8/15/2019,Recurring Card Purchase 08/15 Stamps.Com 855-608-2677 CA Card 0698,Atm & Debit Card Withdrawals,-15.99,"141,628.77",,0,,,
Debit,8/16/2019,Recurring Card Purchase 08/15 Smk*Surveymonkey.Com 971-2445555 CA Card 0698,Atm & Debit Card Withdrawals,-37,"141,591.77",,0,,,
Debit,8/16/2019,Paypal Verifybank PPD ID: Paypalrd33,Electronic Withdrawals,-0.2,"141,591.57",,0,,,
Credit,8/16/2019,Paypal Verifybank PPD ID: Paypalrd33,Deposits And Additions,0.18,"141,591.75",,0,,,
Credit,8/16/2019,Paypal Verifybank PPD ID: Paypalrd33,Deposits And Additions,0.02,"141,591.77",,0,,,
Credit,8/16/2019,Bankcard-8566 Mtot Dep 518089424394518 CCD ID: 1592126793,Deposits And Additions,250,"141,841.77",,0,,,
Credit,8/19/2019,Bankcard-8566 Mtot Dep 518089424394518 CCD ID: 1592126793,Deposits And Additions,155,"141,996.77",,0,,,
Credit,8/19/2019,Bankcard-8566 Mtot Dep 518089424394518 CCD ID: 1592126793,Deposits And Additions,585,"142,581.77",,0,,,
Credit,8/19/2019,Real Time Transfer Recd From Aba/021000021 From: Paypal Ref: 19082001001191210,Deposits And Additions,"1,529.30","144,111.07",,0,,,
Credit,8/21/2019,Bankcard-8566 Mtot Dep 518089424394518 CCD ID: 1592126793,Deposits And Additions,"1,022.50","145,133.57",,0,,,
Credit,8/22/2019,Bankcard-8566 Mtot Dep 518089424394518 CCD ID: 1592126793,Deposits And Additions,40,"145,173.57",,0,,,
Credit,8/23/2019,Bankcard-8566 Mtot Dep 518089424394518 CCD ID: 1592126793,Deposits And Additions,587.5,"145,761.07",,0,,,
Debit,8/26/2019,08/26 Online Payment 8576997336 To Audere Media,Electronic Withdrawals,"-10,000.00","135,761.07",,0,,,
Credit,8/26/2019,Bankcard-8566 Mtot Dep 518089424394518 CCD ID: 1592126793,Deposits And Additions,270,"136,031.07",,0,,,
Credit,8/26/2019,Bankcard-8566 Mtot Dep 518089424394518 CCD ID: 1592126793,Deposits And Additions,260,"136,291.07",,0,,,
Debit,8/26/2019,08/26 Online ACH Payment 5227239607 To Michele Cobb (_######6800),Electronic Withdrawals,"-8,010.44","128,280.63",,0,,,
Credit,8/27/2019,Bankcard-8566 Mtot Dep 518089424394518 CCD ID: 1592126793,Deposits And Additions,102.5,"128,383.13",,0,,,
Credit,8/28/2019,Bankcard-8566 Mtot Dep 518089424394518 CCD ID: 1592126793,Deposits And Additions,205,"128,588.13",,0,,,
Debit,8/28/2019,Card Purchase 08/27 Zoom.US 888-799-9666 CA Card 0698,Atm & Debit Card Withdrawals,-59.87,"128,528.26",,0,,,
Credit,8/29/2019,Remote Online Deposit 1,Deposits And Additions,"5,900.00","134,428.26",,0,,,
Credit,8/29/2019,Remote Online Deposit 1,Deposits And Additions,"9,200.00","143,628.26",,0,,,
Debit,8/29/2019,Recurring Card Purchase 08/28 Eig*Constantcontact.CO 855-2295506 MA Card 0698,Atm & Debit Card Withdrawals,-70.77,"143,557.49",,0,,,
Credit,8/29/2019,Bankcard-8566 Mtot Dep 518089424394518 CCD ID: 1592126793,Deposits And Additions,595,"144,152.49",,0,,,
Credit,8/30/2019,Online Transfer From Chk ...7365 Transaction#: 8591288571,Deposits And Additions,"20,025.00","164,177.49",,0,,,
Debit,8/30/2019,08/30 Online Transfer To Chk ...7365 Transaction#: 8588846059,Electronic Withdrawals,"-6,675.00","157,502.49",,0,,,
Debit,8/30/2019,08/30 Online Transfer To Chk ...7365 Transaction#: 8588846391,Electronic Withdrawals,"-6,675.00","150,827.49",,0,,,
Debit,8/30/2019,08/30 Online Transfer To Chk ...7365 Transaction#: 8588846731,Electronic Withdrawals,"-6,675.00","144,152.49",,0,,,
Credit,9/3/2019,Bankcard-8566 Mtot Dep 518089424394518 CCD ID: 1592126793,Deposits And Additions,82.5,"144,234.99",,0,,,
Debit,9/3/2019,Bankcard-8566 Mtot Disc 518089424394518 CCD ID: 1592126793,Electronic Withdrawals,-357.29,"143,877.70",,0,,,
Debit,9/3/2019,Card Purchase 09/01 Linode.Com 855-4546633 NJ Card 0698,Atm & Debit Card Withdrawals,-55,"143,822.70",,0,,,
Credit,9/3/2019,Bankcard-8566 Mtot Dep 518089424394518 CCD ID: 1592126793,Deposits And Additions,82.5,"143,905.20",,0,,,
Credit,9/3/2019,Bankcard-8566 Mtot Dep 518089424394518 CCD ID: 1592126793,Deposits And Additions,20,"143,925.20",,0,,,
Credit,9/3/2019,Bankcard-8566 Mtot Dep 518089424394518 CCD ID: 1592126793,Deposits And Additions,170,"144,095.20",,0,,,
Credit,9/4/2019,Deposit 1898813656,Deposits And Additions,"2,600.00","146,695.20",,0,,,
Credit,9/4/2019,Bankcard-8566 Mtot Dep 518089424394518 CCD ID: 1592126793,Deposits And Additions,80,"146,775.20",,0,,,
Debit,9/5/2019,Recurring Card Purchase 09/04 Web*Networksolutions 888-6429675 FL Card 0698,Atm & Debit Card Withdrawals,-71.97,"146,703.23",,0,,,
Debit,9/5/2019,Card Purchase 09/05 Uber *Trip 800-592-8996 CA Card 0698,Atm & Debit Card Withdrawals,-47.46,"146,655.77",,0,,,
Credit,9/5/2019,Bankcard-8566 Mtot Dep 518089424394518 CCD ID: 1592126793,Deposits And Additions,40,"146,695.77",,0,,,
Debit,9/5/2019,Service Charges For The Month of August,Fees,-34.95,"146,660.82",,0,,,
Credit,9/6/2019,Bankcard-8566 Mtot Dep 518089424394518 CCD ID: 1592126793,Deposits And Additions,715,"147,375.82",,0,,,
Debit,9/9/2019,"09/09 Online Payment 8627648506 To Management Practice, Inc.",Electronic Withdrawals,"-15,000.00","132,375.82",,0,,,
Debit,9/9/2019,09/09 Online ACH Payment 5228479592 To Michele Cobb (_######6800),Electronic Withdrawals,"-4,442.00","127,933.82",,0,,,
Credit,9/9/2019,Bankcard-8566 Mtot Dep 518089424394518 CCD ID: 1592126793,Deposits And Additions,20,"127,953.82",,0,,,
Credit,9/9/2019,Bankcard-8566 Mtot Dep 518089424394518 CCD ID: 1592126793,Deposits And Additions,285,"128,238.82",,0,,,
Credit,9/9/2019,Bankcard-8566 Mtot Dep 518089424394518 CCD ID: 1592126793,Deposits And Additions,320,"128,558.82",,0,,,
Debit,9/10/2019,Card Purchase 09/09 Seamlsshonshusushi Seamless.Com NY Card 0698,Atm & Debit Card Withdrawals,-54.05,"128,504.77",,0,,,
Credit,9/10/2019,Bankcard-8566 Mtot Dep 518089424394518 CCD ID: 1592126793,Deposits And Additions,470,"128,974.77",,0,,,
Debit,9/11/2019,Card Purchase 09/10 Google *Google Storag 650-253-0000 CA Card 0698,Atm & Debit Card Withdrawals,-9.99,"128,964.78",,0,,,
Credit,9/11/2019,Bankcard-8566 Mtot Dep 518089424394518 CCD ID: 1592126793,Deposits And Additions,885,"129,849.78",,0,,,
Debit,9/11/2019,Card Purchase 09/11 Uber *Trip 800-592-8996 CA Card 0698,Atm & Debit Card Withdrawals,-20.21,"129,829.57",,0,,,
Credit,9/12/2019,Bankcard-8566 Mtot Dep 518089424394518 CCD ID: 1592126793,Deposits And Additions,200,"130,029.57",,0,,,
Debit,9/12/2019,Card Purchase 09/12 Greatamerican 800-847-4357 OH Card 0698,Atm & Debit Card Withdrawals,-501,"129,528.57",,0,,,
Debit,9/13/2019,Recurring Card Purchase 09/13 Stamps.Com 855-608-2677 CA Card 0698,Atm & Debit Card Withdrawals,-15.99,"129,512.58",,0,,,
Credit,9/13/2019,Bankcard-8566 Mtot Dep 518089424394518 CCD ID: 1592126793,Deposits And Additions,705,"130,217.58",,0,,,
Credit,9/16/2019,Bankcard-8566 Mtot Dep 518089424394518 CCD ID: 1592126793,Deposits And Additions,80,"130,297.58",,0,,,
Debit,9/16/2019,Recurring Card Purchase 09/15 Fedex 490384719 Memphis TN Card 0698,Atm & Debit Card Withdrawals,-79.81,"130,217.77",,0,,,
Debit,9/16/2019,Recurring Card Purchase 09/15 Smk*Surveymonkey.Com 971-2445555 CA Card 0698,Atm & Debit Card Withdrawals,-37,"130,180.77",,0,,,
Credit,9/16/2019,Bankcard-8566 Mtot Dep 518089424394518 CCD ID: 1592126793,Deposits And Additions,190,"130,370.77",,0,,,
Credit,9/16/2019,Bankcard-8566 Mtot Dep 518089424394518 CCD ID: 1592126793,Deposits And Additions,560,"130,930.77",,0,,,
Debit,9/16/2019,Recurring Card Purchase 09/13 Vbs*Vonage Business 866-901-0242 GA Card 0698,Atm & Debit Card Withdrawals,-90.44,"130,840.33",,0,,,
Debit,9/16/2019,Recurring Card Purchase 09/14 Rackspace Email & App 210-312-4000 TX Card 0698,Atm & Debit Card Withdrawals,-14.4,"130,825.93",,0,,,
Credit,9/17/2019,Bankcard-8566 Mtot Dep 518089424394518 CCD ID: 1592126793,Deposits And Additions,20,"130,845.93",,0,,,
Debit,9/17/2019,Card Purchase 09/16 Max Delivery 212-967-0457 NY Card 0698,Atm & Debit Card Withdrawals,-50.2,"130,795.73",,0,,,
Credit,9/18/2019,Bankcard-8566 Mtot Dep 518089424394518 CCD ID: 1592126793,Deposits And Additions,845,"131,640.73",,0,,,
Debit,9/18/2019,Card Purchase 09/18 Uber *Trip 800-592-8996 CA Card 0698,Atm & Debit Card Withdrawals,-8.42,"131,632.31",,0,,,
Credit,9/19/2019,Bankcard-8566 Mtot Dep 518089424394518 CCD ID: 1592126793,Deposits And Additions,"1,000.00","132,632.31",,0,,,
Credit,9/20/2019,Bankcard-8566 Mtot Dep 518089424394518 CCD ID: 1592126793,Deposits And Additions,500,"133,132.31",,0,,,
Credit,9/23/2019,Bankcard-8566 Mtot Dep 518089424394518 CCD ID: 1592126793,Deposits And Additions,300,"133,432.31",,0,,,
Credit,9/23/2019,Bankcard-8566 Mtot Dep 518089424394518 CCD ID: 1592126793,Deposits And Additions,490,"133,922.31",,0,,,
Credit,9/23/2019,Bankcard-8566 Mtot Dep 518089424394518 CCD ID: 1592126793,Deposits And Additions,900,"134,822.31",,0,,,
Debit,9/24/2019,"Quickpay With Zelle Payment To Janet Benson, Inc. 8678275773",Electronic Withdrawals,-390,"134,432.31",,0,,,
Debit,9/24/2019,"Quickpay With Zelle Payment To Janet Benson, Inc. 8678278545",Electronic Withdrawals,-28.32,"134,403.99",,0,,,
Credit,9/25/2019,Bankcard-8566 Mtot Dep 518089424394518 CCD ID: 1592126793,Deposits And Additions,482.5,"134,886.49",,0,,,
Credit,9/26/2019,Bankcard-8566 Mtot Dep 518089424394518 CCD ID: 1592126793,Deposits And Additions,260,"135,146.49",,0,,,
Debit,9/26/2019,Card Purchase 09/25 Zoom.US 888-799-9666 CA Card 0698,Atm & Debit Card Withdrawals,-54.99,"135,091.50",,0,,,
Credit,9/27/2019,Bankcard-8566 Mtot Dep 518089424394518 CCD ID: 1592126793,Deposits And Additions,732.5,"135,824.00",,0,,,
Credit,9/30/2019,Bankcard-8566 Mtot Dep 518089424394518 CCD ID: 1592126793,Deposits And Additions,82.5,"135,906.50",,0,,,
Credit,9/30/2019,Bankcard-8566 Mtot Dep 518089424394518 CCD ID: 1592126793,Deposits And Additions,"7,332.50","143,239.00",,0,,,
Credit,9/30/2019,Bankcard-8566 Mtot Dep 518089424394518 CCD ID: 1592126793,Deposits And Additions,"2,832.50","146,071.50",,0,,,
Debit,9/30/2019,Recurring Card Purchase 09/27 Eig*Constantcontact.CO 855-2295506 MA Card 0698,Atm & Debit Card Withdrawals,-70.77,"146,000.73",,0,,,
Debit,10/2/2019,Bankcard-8566 Mtot Disc 518089424394518 CCD ID: 1592126793,Electronic Withdrawals,-922.68,"145,078.05",,0,,,
Credit,10/2/2019,Remote Online Deposit 1,Deposits And Additions,150,"145,228.05",,0,,,
Credit,10/2/2019,Bankcard-8566 Mtot Dep 518089424394518 CCD ID: 1592126793,Deposits And Additions,"8,200.00","153,428.05",,0,,,
Debit,10/2/2019,Card Purchase 10/01 Linode.Com 855-4546633 NJ Card 0698,Atm & Debit Card Withdrawals,-55,"153,373.05",,0,,,
Credit,10/2/2019,Remote Online Deposit 1,Deposits And Additions,400,"153,773.05",,0,,,
Credit,10/3/2019,Bankcard-8566 Mtot Dep 518089424394518 CCD ID: 1592126793,Deposits And Additions,"6,896.25","160,669.30",,0,,,
Credit,10/3/2019,Online Transfer From Chk ...7365 Transaction#: 8711896098,Deposits And Additions,440,"161,109.30",,0,,,
Debit,10/3/2019,Service Charges For The Month of September,Fees,-34.95,"161,074.35",,0,,,
Debit,10/4/2019,Card Purchase 10/03 Seamlsshonshusushi Seamless.Com NY Card 0698,Atm & Debit Card Withdrawals,-69.51,"161,004.84",,0,,,
Debit,10/4/2019,Card Purchase 10/04 Uber *Trip 800-592-8996 CA Card 0698,Atm & Debit Card Withdrawals,-14.1,"160,990.74",,0,,,
Credit,10/4/2019,Bankcard-8566 Mtot Dep 518089424394518 CCD ID: 1592126793,Deposits And Additions,"2,433.75","163,424.49",,0,,,
Debit,10/4/2019,Bankcard-8566 Mtot Dep 518089424394518 CCD ID: 1592126793,Electronic Withdrawals,"-1,300.00","162,124.49",,0,,,
Credit,10/7/2019,Bankcard-8566 Mtot Dep 518089424394518 CCD ID: 1592126793,Deposits And Additions,662.5,"162,786.99",,0,,,
Credit,10/7/2019,Bankcard-8566 Mtot Dep 518089424394518 CCD ID: 1592126793,Deposits And Additions,675,"163,461.99",,0,,,
Debit,10/7/2019,Bankcard-8566 Mtot Dep 518089424394518 CCD ID: 1592126793,Electronic Withdrawals,-100,"163,361.99",,0,,,
Debit,10/8/2019,Card Purchase 10/08 Uber *Trip 800-592-8996 CA Card 0698,Atm & Debit Card Withdrawals,-15.52,"163,346.47",,0,,,
Debit,10/9/2019,Card Purchase 10/09 Uber *Trip 800-592-8996 CA Card 0698,Atm & Debit Card Withdrawals,-15.1,"163,331.37",,0,,,
Debit,10/9/2019,Card Purchase 10/08 Seamlsshonshusushi Seamless.Com NY Card 0698,Atm & Debit Card Withdrawals,-69.51,"163,261.86",,0,,,
Credit,10/9/2019,Bankcard-8566 Mtot Dep 518089424394518 CCD ID: 1592126793,Deposits And Additions,206.25,"163,468.11",,0,,,
Debit,10/10/2019,Recurring Card Purchase 10/10 Google *Google Storag 855-836-3987 CA Card 0698,Atm & Debit Card Withdrawals,-9.99,"163,458.12",,0,,,
Credit,10/10/2019,Bankcard-8566 Mtot Dep 518089424394518 CCD ID: 1592126793,Deposits And Additions,400,"163,858.12",,0,,,
Debit,10/11/2019,Card Purchase With Pin 10/11 Usps Kiosk 35960 90 Ch New York NY Card 0698,Atm & Debit Card Withdrawals,-3.66,"163,854.46",,0,,,
Credit,10/11/2019,Bankcard-8566 Mtot Dep 518089424394518 CCD ID: 1592126793,Deposits And Additions,315,"164,169.46",,0,,,
Debit,10/11/2019,Card Purchase With Pin 10/11 Usps Kiosk 35960 90 Ch New York NY Card 0698,Atm & Debit Card Withdrawals,-11.4,"164,158.06",,0,,,
Debit,10/11/2019,Card Purchase With Pin 10/11 Usps Kiosk 35960 90 Ch New York NY Card 0698,Atm & Debit Card Withdrawals,-11.4,"164,146.66",,0,,,
Debit,10/11/2019,Card Purchase With Pin 10/11 Usps Kiosk 35960 90 Ch New York NY Card 0698,Atm & Debit Card Withdrawals,-11.4,"164,135.26",,0,,,
Debit,10/11/2019,Card Purchase With Pin 10/11 Usps Kiosk 35960 90 Ch New York NY Card 0698,Atm & Debit Card Withdrawals,-2.2,"164,133.06",,0,,,
Debit,10/15/2019,Recurring Card Purchase 10/13 Vbs*Vonage Business 866-901-0242 GA Card 0698,Atm & Debit Card Withdrawals,-89.85,"164,043.21",,0,,,
Debit,10/15/2019,Recurring Card Purchase 10/13 Stamps.Com 855-608-2677 CA Card 0698,Atm & Debit Card Withdrawals,-17.99,"164,025.22",,0,,,
Debit,10/15/2019,Recurring Card Purchase 10/14 Rackspace Email & App 210-312-4000 TX Card 0698,Atm & Debit Card Withdrawals,-14.4,"164,010.82",,0,,,
Credit,10/15/2019,Bankcard-8566 Mtot Dep 518089424394518 CCD ID: 1592126793,Deposits And Additions,206.25,"164,217.07",,0,,,
Debit,10/16/2019,Card Purchase 10/16 Uber *Trip 800-592-8996 CA Card 0698,Atm & Debit Card Withdrawals,-21.99,"164,195.08",,0,,,
Debit,10/16/2019,Recurring Card Purchase 10/15 Smk*Surveymonkey.Com 971-2445555 CA Card 0698,Atm & Debit Card Withdrawals,-37,"164,158.08",,0,,,
Credit,10/16/2019,Bankcard-8566 Mtot Dep 518089424394518 CCD ID: 1592126793,Deposits And Additions,750,"164,908.08",,0,,,
Credit,10/17/2019,Bankcard-8566 Mtot Dep 518089424394518 CCD ID: 1592126793,Deposits And Additions,450,"165,358.08",,0,,,
Debit,10/18/2019,10/18 Online ACH Payment 5231919041 To Michele Cobb (_######6800),Electronic Withdrawals,"-8,760.36","156,597.72",,0,,,
Credit,10/21/2019,Bankcard-8566 Mtot Dep 518089424394518 CCD ID: 1592126793,Deposits And Additions,500,"157,097.72",,0,,,
Debit,10/23/2019,Card Purchase With Pin 10/23 Usps Kiosk 35960 90 Ch New York NY Card 0698,Atm & Debit Card Withdrawals,-9.3,"157,088.42",,0,,,
Debit,10/23/2019,Card Purchase With Pin 10/23 Usps Kiosk 35965 201 V New York NY Card 0698,Atm & Debit Card Withdrawals,-25.4,"157,063.02",,0,,,
Credit,10/23/2019,Bankcard-8566 Mtot Dep 518089424394518 CCD ID: 1592126793,Deposits And Additions,206.25,"157,269.27",,0,,,
Debit,10/23/2019,Card Purchase With Pin 10/23 Usps Kiosk 35960 90 Ch New York NY Card 0698,Atm & Debit Card Withdrawals,-8.2,"157,261.07",,0,,,
Debit,10/23/2019,Card Purchase With Pin 10/23 Usps Kiosk 35960 90 Ch New York NY Card 0698,Atm & Debit Card Withdrawals,-8,"157,253.07",,0,,,
Debit,10/23/2019,Card Purchase With Pin 10/23 Usps Kiosk 35960 90 Ch New York NY Card 0698,Atm & Debit Card Withdrawals,-7.35,"157,245.72",,0,,,
Debit,10/23/2019,Card Purchase With Pin 10/23 Usps Kiosk 35960 90 Ch New York NY Card 0698,Atm & Debit Card Withdrawals,-8.2,"157,237.52",,0,,,
Credit,10/24/2019,Bankcard-8566 Mtot Dep 518089424394518 CCD ID: 1592126793,Deposits And Additions,948.75,"158,186.27",,0,,,
Debit,10/25/2019,10/25 Online Payment 8788490871 To Francisca Goldsmith,Electronic Withdrawals,-192.09,"157,994.18",,0,,,
Debit,10/25/2019,10/25 Online Payment 8788501088 To Bailey Duquette P.C.,Electronic Withdrawals,"-3,750.00","154,244.18",,0,,,
Credit,10/25/2019,Bankcard-8566 Mtot Dep 518089424394518 CCD ID: 1592126793,Deposits And Additions,412.5,"154,656.68",,0,,,
Debit,10/28/2019,Card Purchase 10/25 Zoom.US 888-799-9666 CA Card 0698,Atm & Debit Card Withdrawals,-54.99,"154,601.69",,0,,,
Credit,10/28/2019,Bankcard-8566 Mtot Dep 518089424394518 CCD ID: 1592126793,Deposits And Additions,250,"154,851.69",,0,,,
Credit,10/28/2019,Bankcard-8566 Mtot Dep 518089424394518 CCD ID: 1592126793,Deposits And Additions,581.25,"155,432.94",,0,,,
Debit,10/28/2019,10/28 Online Payment 8788495834 To Your Membership,Electronic Withdrawals,"-6,995.00","148,437.94",,0,,,
Debit,10/28/2019,Recurring Card Purchase 10/26 Vimeo Plus 000-000-0000 NY Card 0698,Atm & Debit Card Withdrawals,-91.46,"148,346.48",,0,,,
Credit,10/29/2019,Remote Online Deposit 1,Deposits And Additions,"1,700.00","150,046.48",,0,,,
Credit,10/29/2019,Remote Online Deposit 1,Deposits And Additions,"4,000.00","154,046.48",,0,,,
Debit,10/29/2019,Recurring Card Purchase 10/28 Web*Networksolutions 888-6429675 FL Card 0698,Atm & Debit Card Withdrawals,-39.99,"154,006.49",,0,,,
Debit,10/29/2019,Card Purchase 10/27 Taxi Svc Woodside Woodside NY Card 0698,Atm & Debit Card Withdrawals,-20.16,"153,986.33",,0,,,
Debit,10/29/2019,Card Purchase 10/27 Nyctaxi7N53 Long Island C NY Card 0698,Atm & Debit Card Withdrawals,-18.95,"153,967.38",,0,,,
Debit,10/29/2019,Recurring Card Purchase 10/28 Eig*Constantcontact.CO 855-2295506 MA Card 0698,Atm & Debit Card Withdrawals,-70.77,"153,896.61",,0,,,
Credit,10/30/2019,Bankcard-8566 Mtot Dep 518089424394518 CCD ID: 1592126793,Deposits And Additions,206.25,"154,102.86",,0,,,
Credit,10/31/2019,Bankcard-8566 Mtot Dep 518089424394518 CCD ID: 1592126793,Deposits And Additions,165,"154,267.86",,0,,,
Credit,11/1/2019,Bankcard-8566 Mtot Dep 518089424394518 CCD ID: 1592126793,Deposits And Additions,375,"154,642.86",,0,,,
Debit,11/4/2019,Bankcard-8566 Mtot Disc 518089424394518 CCD ID: 1592126793,Electronic Withdrawals,"-1,147.13","153,495.73",,0,,,
Credit,11/4/2019,Bankcard-8566 Mtot Dep 518089424394518 CCD ID: 1592126793,Deposits And Additions,540,"154,035.73",,0,,,
Credit,11/4/2019,Bankcard-8566 Mtot Dep 518089424394518 CCD ID: 1592126793,Deposits And Additions,206.25,"154,241.98",,0,,,
Debit,11/4/2019,Card Purchase 11/01 Linode.Com 855-4546633 NJ Card 0698,Atm & Debit Card Withdrawals,-55,"154,186.98",,0,,,
Debit,11/5/2019,Service Charges For The Month of October,Fees,-34.95,"154,152.03",,0,,,
Credit,11/6/2019,Bankcard-8566 Mtot Dep 518089424394518 CCD ID: 1592126793,Deposits And Additions,206.25,"154,358.28",,0,,,
Credit,11/7/2019,Bankcard-8566 Mtot Dep 518089424394518 CCD ID: 1592126793,Deposits And Additions,412.5,"154,770.78",,0,,,
Debit,11/7/2019,Card Purchase 11/07 Uber *Trip 800-592-8996 CA Card 0698,Atm & Debit Card Withdrawals,-30.6,"154,740.18",,0,,,
Credit,11/8/2019,Bankcard-8566 Mtot Dep 518089424394518 CCD ID: 1592126793,Deposits And Additions,"4,200.00","158,940.18",,0,,,
Debit,11/12/2019,Recurring Card Purchase 11/09 Google*Google Storage Internet CA Card 0698,Atm & Debit Card Withdrawals,-9.99,"158,930.19",,0,,,
Debit,11/12/2019,Card Purchase 11/08 Uber *Trip 800-592-8996 CA Card 0698,Atm & Debit Card Withdrawals,-24.1,"158,906.09",,0,,,
Debit,11/12/2019,Card Purchase 11/12 Uber Trip Help.Uber.Com CA Card 0698,Atm & Debit Card Withdrawals,-23.42,"158,882.67",,0,,,
Credit,11/12/2019,Bankcard-8566 Mtot Dep 518089424394518 CCD ID: 1592126793,Deposits And Additions,165,"159,047.67",,0,,,
Debit,11/12/2019,11/11 Online Transfer To Chk ...7365 Transaction#: 8848799201,Electronic Withdrawals,"-6,675.00","152,372.67",,0,,,
Credit,11/12/2019,Bankcard-8566 Mtot Dep 518089424394518 CCD ID: 1592126793,Deposits And Additions,"1,500.00","153,872.67",,0,,,
Debit,11/13/2019,11/13 Online Transfer To Chk ...7365 Transaction#: 8854427330,Electronic Withdrawals,"-6,675.00","147,197.67",,0,,,
Debit,11/13/2019,Recurring Card Purchase 11/13 Stamps.Com 855-608-2677 CA Card 0698,Atm & Debit Card Withdrawals,-17.99,"147,179.68",,0,,,
Credit,11/13/2019,Bankcard-8566 Mtot Dep 518089424394518 CCD ID: 1592126793,Deposits And Additions,"1,500.00","148,679.68",,0,,,
Debit,11/14/2019,Recurring Card Purchase 11/14 Rackspace Email & App 210-312-4000 TX Card 0698,Atm & Debit Card Withdrawals,-14.4,"148,665.28",,0,,,
Credit,11/14/2019,Bankcard-8566 Mtot Dep 518089424394518 CCD ID: 1592126793,Deposits And Additions,165,"148,830.28",,0,,,
Debit,11/14/2019,Recurring Card Purchase 11/13 Vbs*Vonage Business 866-901-0242 GA Card 0698,Atm & Debit Card Withdrawals,-89.85,"148,740.43",,0,,,
Credit,11/15/2019,Bankcard-8566 Mtot Dep 518089424394518 CCD ID: 1592126793,Deposits And Additions,536.25,"149,276.68",,0,,,
Debit,11/15/2019,Card Purchase With Pin 11/15 Usps Kiosk 35967 1 Han New York NY Card 0698,Atm & Debit Card Withdrawals,-57.4,"149,219.28",,0,,,
Debit,11/15/2019,Card Purchase With Pin 11/15 Usps Kiosk 35967 1 Han New York NY Card 0698,Atm & Debit Card Withdrawals,-39.5,"149,179.78",,0,,,
Debit,11/15/2019,Card Purchase With Pin 11/15 Usps Kiosk 35967 1 Han New York NY Card 0698,Atm & Debit Card Withdrawals,-44.1,"149,135.68",,0,,,
Credit,11/18/2019,Remote Online Deposit 1,Deposits And Additions,"2,400.00","151,535.68",,0,,,
Debit,11/18/2019,11/18 Online ACH Payment 5234404812 To Michele Cobb (_######6800),Electronic Withdrawals,"-5,388.55","146,147.13",,0,,,
Debit,11/18/2019,Recurring Card Purchase 11/15 Smk*Surveymonkey.Com 971-2445555 CA Card 0698,Atm & Debit Card Withdrawals,-37,"146,110.13",,0,,,
Debit,11/18/2019,11/18 Online Payment 8871817195 To Core Four Media,Electronic Withdrawals,"-5,100.00","141,010.13",,0,,,
Credit,11/19/2019,Bankcard-8566 Mtot Dep 518089424394518 CCD ID: 1592126793,Deposits And Additions,"1,291.25","142,301.38",,0,,,
Credit,11/20/2019,Bankcard-8566 Mtot Dep 518089424394518 CCD ID: 1592126793,Deposits And Additions,"34,980.00","177,281.38",,0,,,
Credit,11/21/2019,Bankcard-8566 Mtot Dep 518089424394518 CCD ID: 1592126793,Deposits And Additions,"8,070.00","185,351.38",,0,,,
Credit,11/22/2019,Bankcard-8566 Mtot Dep 518089424394518 CCD ID: 1592126793,Deposits And Additions,"3,570.00","188,921.38",,0,,,
Debit,11/25/2019,Card Purchase 11/22 Www.Maxflatow.Com Www.Maxflatow NY Card 0698,Atm & Debit Card Withdrawals,-207.5,"188,713.88",,0,,,
Credit,11/25/2019,Bankcard-8566 Mtot Dep 518089424394518 CCD ID: 1592126793,Deposits And Additions,795,"189,508.88",,0,,,
Credit,11/25/2019,Remote Online Deposit 1,Deposits And Additions,"5,000.00","194,508.88",,0,,,
Credit,11/25/2019,Bankcard-8566 Mtot Dep 518089424394518 CCD ID: 1592126793,Deposits And Additions,825,"195,333.88",,0,,,
Credit,11/25/2019,Bankcard-8566 Mtot Dep 518089424394518 CCD ID: 1592126793,Deposits And Additions,"1,230.00","196,563.88",,0,,,
Debit,11/25/2019,Card Purchase 11/23 Prime Video*Kr3A06Zb3 888-802-3080 WA Card 0698,Atm & Debit Card Withdrawals,-4.25,"196,559.63",,0,,,
Debit,11/25/2019,Card Purchase 11/23 Prime Video*U72Yd18Q3 888-802-3080 WA Card 0698,Atm & Debit Card Withdrawals,-4.25,"196,555.38",,0,,,
Debit,11/25/2019,Card Purchase 11/22 Creative 124600 Long Island C NY Card 0698,Atm & Debit Card Withdrawals,-29.75,"196,525.63",,0,,,
Credit,11/26/2019,Bankcard-8566 Mtot Dep 518089424394518 CCD ID: 1592126793,Deposits And Additions,330,"196,855.63",,0,,,
Debit,11/26/2019,Card Purchase 11/25 Zoom.US 888-799-9666 CA Card 0698,Atm & Debit Card Withdrawals,-54.99,"196,800.64",,0,,,
Debit,11/26/2019,Card Purchase With Pin 11/26 Trader Joe's #539 New York NY Card 0698,Atm & Debit Card Withdrawals,-63.43,"196,737.21",,0,,,
Credit,11/27/2019,Bankcard-8566 Mtot Dep 518089424394518 CCD ID: 1592126793,Deposits And Additions,"8,631.25","205,368.46",,0,,,
Debit,11/27/2019,Card Purchase 11/26 Pret A Manger 044 New York NY Card 0698,Atm & Debit Card Withdrawals,-9.01,"205,359.45",,0,,,
Debit,11/27/2019,Card Purchase 11/27 Uber Trip Help.Uber.Com CA Card 0698,Atm & Debit Card Withdrawals,-20.86,"205,338.59",,0,,,
Debit,11/27/2019,Card Purchase 11/27 Uber *Trip 800-592-8996 CA Card 0698,Atm & Debit Card Withdrawals,-25.95,"205,312.64",,0,,,
Debit,11/29/2019,Recurring Card Purchase 11/27 Eig*Constantcontact.CO 855-2295506 MA Card 0698,Atm & Debit Card Withdrawals,-70.77,"205,241.87",,0,,,
Credit,11/29/2019,Bankcard-8566 Mtot Dep 518089424394518 CCD ID: 1592126793,Deposits And Additions,"1,725.00","206,966.87",,0,,,
Credit,11/29/2019,Bankcard-8566 Mtot Dep 518089424394518 CCD ID: 1592126793,Deposits And Additions,"5,460.00","212,426.87",,0,,,
Debit,11/29/2019,Card Purchase 11/29 Amzn Mktp US*Rn7Be8M Amzn.Com/Bill WA Card 0698,Atm & Debit Card Withdrawals,-32.63,"212,394.24",,0,,,
Debit,12/2/2019,Card Purchase 12/01 Linode.Com 855-4546633 NJ Card 0698,Atm & Debit Card Withdrawals,-55,"212,339.24",,0,,,
Credit,12/2/2019,Bankcard-8566 Mtot Dep 518089424394518 CCD ID: 1592126793,Deposits And Additions,495,"212,834.24",,0,,,
Debit,12/2/2019,Card Purchase 11/29 Amazon.Com*972JC6Sy3 Amzn.Com/Bill WA Card 0698,Atm & Debit Card Withdrawals,-30.09,"212,804.15",,0,,,
Credit,12/2/2019,Bankcard-8566 Mtot Dep 518089424394518 CCD ID: 1592126793,Deposits And Additions,300,"213,104.15",,0,,,
Debit,12/2/2019,Bankcard-8566 Mtot Disc 518089424394518 CCD ID: 1592126793,Electronic Withdrawals,"-3,387.39","209,716.76",,0,,,
Debit,12/2/2019,Card Purchase 11/30 Amzn Mktp US*Er79B0W Amzn.Com/Bill WA Card 0698,Atm & Debit Card Withdrawals,-15.18,"209,701.58",,0,,,
Credit,12/3/2019,Bankcard-8566 Mtot Dep 518089424394518 CCD ID: 1592126793,Deposits And Additions,660,"210,361.58",,0,,,
Credit,12/3/2019,Bankcard-8566 Mtot Dep 518089424394518 CCD ID: 1592126793,Deposits And Additions,536.25,"210,897.83",,0,,,
Debit,12/4/2019,Service Charges For The Month of November,Fees,-34.95,"210,862.88",,0,,,
Debit,12/4/2019,Card Purchase 12/02 Taxi Svc Queens Long Island C NY Card 0698,Atm & Debit Card Withdrawals,-21.36,"210,841.52",,0,,,
Credit,12/4/2019,Bankcard-8566 Mtot Dep 518089424394518 CCD ID: 1592126793,Deposits And Additions,"1,125.00","211,966.52",,0,,,
Credit,12/5/2019,Bankcard-8566 Mtot Dep 518089424394518 CCD ID: 1592126793,Deposits And Additions,907.5,"212,874.02",,0,,,
Credit,12/6/2019,Bankcard-8566 Mtot Dep 518089424394518 CCD ID: 1592126793,Deposits And Additions,840,"213,714.02",,0,,,
Credit,12/6/2019,Remote Online Deposit 1,Deposits And Additions,"7,300.00","221,014.02",,0,,,
Credit,12/6/2019,Remote Online Deposit 1,Deposits And Additions,900,"221,914.02",,0,,,
Credit,12/9/2019,Bankcard-8566 Mtot Dep 518089424394518 CCD ID: 1592126793,Deposits And Additions,"1,541.25","223,455.27",,0,,,
Debit,12/9/2019,Card Purchase 12/09 Uber Trip Help.Uber.Com CA Card 0698,Atm & Debit Card Withdrawals,-34.39,"223,420.88",,0,,,
Credit,12/9/2019,Bankcard-8566 Mtot Dep 518089424394518 CCD ID: 1592126793,Deposits And Additions,330,"223,750.88",,0,,,
Credit,12/9/2019,Bankcard-8566 Mtot Dep 518089424394518 CCD ID: 1592126793,Deposits And Additions,836.25,"224,587.13",,0,,,
Debit,12/9/2019,Card Purchase 12/08 Amazon Digit*V13Vq4U Amzn.Com/Bill WA Card 0698,Atm & Debit Card Withdrawals,-6.99,"224,580.14",,0,,,
Debit,12/10/2019,Recurring Card Purchase 12/10 Google *Google Storag 855-836-3987 CA Card 0698,Atm & Debit Card Withdrawals,-9.99,"224,570.15",,0,,,
Credit,12/10/2019,Bankcard-8566 Mtot Dep 518089424394518 CCD ID: 1592126793,Deposits And Additions,"1,590.00","226,160.15",,0,,,
Debit,12/11/2019,12/11 Online Payment 8954275855 To United States Treasury,Electronic Withdrawals,-231.5,"225,928.65",,0,,,
Credit,12/11/2019,Bankcard-8566 Mtot Dep 518089424394518 CCD ID: 1592126793,Deposits And Additions,"10,856.25","236,784.90",,0,,,
Credit,12/11/2019,Podium Publishin Ap Verify 016Sjkvlb198Ewz CCD ID: 2204895317,Deposits And Additions,0.01,"236,784.91",,0,,,
Debit,12/12/2019,Card Purchase 12/12 Amazon.Com*Dj4Px90K3 Amzn.Com/Bill WA Card 0698,Atm & Debit Card Withdrawals,-7.28,"236,777.63",,0,,,
Credit,12/12/2019,Bankcard-8566 Mtot Dep 518089424394518 CCD ID: 1592126793,Deposits And Additions,"9,550.00","246,327.63",,0,,,
Credit,12/13/2019,Bankcard-8566 Mtot Dep 518089424394518 CCD ID: 1592126793,Deposits And Additions,"2,516.25","248,843.88",,0,,,
Debit,12/13/2019,Recurring Card Purchase 12/13 Stamps.Com 855-608-2677 CA Card 0698,Atm & Debit Card Withdrawals,-17.99,"248,825.89",,0,,,
Debit,12/16/2019,Recurring Card Purchase 12/14 Rackspace Email & App 210-312-4000 TX Card 0698,Atm & Debit Card Withdrawals,-14.4,"248,811.49",,0,,,
Credit,12/16/2019,Bankcard-8566 Mtot Dep 518089424394518 CCD ID: 1592126793,Deposits And Additions,495,"249,306.49",,0,,,
Credit,12/16/2019,Bankcard-8566 Mtot Dep 518089424394518 CCD ID: 1592126793,Deposits And Additions,"4,196.25","253,502.74",,0,,,
Debit,12/16/2019,Card Purchase 12/13 Prime Video*B36Uc2223 888-802-3080 WA Card 0698,Atm & Debit Card Withdrawals,-3.99,"253,498.75",,0,,,
Credit,12/16/2019,Bankcard-8566 Mtot Dep 518089424394518 CCD ID: 1592126793,Deposits And Additions,165,"253,663.75",,0,,,
Debit,12/16/2019,Recurring Card Purchase 12/13 Vbs*Vonage Business 866-901-0242 GA Card 0698,Atm & Debit Card Withdrawals,-89.85,"253,573.90",,0,,,
Debit,12/16/2019,Recurring Card Purchase 12/15 Smk*Surveymonkey.Com 971-2445555 CA Card 0698,Atm & Debit Card Withdrawals,-37,"253,536.90",,0,,,
Credit,12/17/2019,Bankcard-8566 Mtot Dep 518089424394518 CCD ID: 1592126793,Deposits And Additions,330,"253,866.90",,0,,,
Credit,12/18/2019,Bankcard-8566 Mtot Dep 518089424394518 CCD ID: 1592126793,Deposits And Additions,630,"254,496.90",,0,,,
Credit,12/18/2019,Remote Online Deposit 1,Deposits And Additions,"3,000.00","257,496.90",,0,,,
Credit,12/19/2019,Bankcard-8566 Mtot Dep 518089424394518 CCD ID: 1592126793,Deposits And Additions,"4,631.25","262,128.15",,0,,,
Credit,12/19/2019,Book Transfer Credit B/O: Custom House Financial (Uk) Ltd Denver CO 80237- US,Deposits And Additions,"1,500.00","263,628.15",,0,,,
Credit,12/20/2019,Bankcard-8566 Mtot Dep 518089424394518 CCD ID: 1592126793,Deposits And Additions,"9,445.00","273,073.15",,0,,,
Credit,12/23/2019,Bankcard-8566 Mtot Dep 518089424394518 CCD ID: 1592126793,Deposits And Additions,"20,845.00","293,918.15",,0,,,
Credit,12/23/2019,Bankcard-8566 Mtot Dep 518089424394518 CCD ID: 1592126793,Deposits And Additions,"9,330.00","303,248.15",,0,,,
Credit,12/23/2019,Bankcard-8566 Mtot Dep 518089424394518 CCD ID: 1592126793,Deposits And Additions,"5,165.00","308,413.15",,0,,,
Credit,12/24/2019,Bankcard-8566 Mtot Dep 518089424394518 CCD ID: 1592126793,Deposits And Additions,371.25,"308,784.40",,0,,,
Debit,12/24/2019,12/24 Online Transfer To Chk ...7365 Transaction#: 9001840996,Electronic Withdrawals,"-7,350.00","301,434.40",,0,,,
Debit,12/26/2019,Card Purchase 12/25 Zoom.US 888-799-9666 CA Card 0698,Atm & Debit Card Withdrawals,-54.99,"301,379.41",,0,,,
Credit,12/26/2019,Bankcard-8566 Mtot Dep 518089424394518 CCD ID: 1592126793,Deposits And Additions,495,"301,874.41",,0,,,
Credit,12/26/2019,Bankcard-8566 Mtot Dep 518089424394518 CCD ID: 1592126793,Deposits And Additions,"6,042.50","307,916.91",,0,,,
Debit,12/30/2019,Recurring Card Purchase 12/28 Eig*Constantcontact.CO 855-2295506 MA Card 0698,Atm & Debit Card Withdrawals,-65,"307,851.91",,0,,,
Credit,12/30/2019,Bankcard-8566 Mtot Dep 518089424394518 CCD ID: 1592126793,Deposits And Additions,630,"308,481.91",,0,,,
Credit,12/30/2019,Bankcard-8566 Mtot Dep 518089424394518 CCD ID: 1592126793,Deposits And Additions,830,"309,311.91",,0,,,
Credit,12/30/2019,Bankcard-8566 Mtot Dep 518089424394518 CCD ID: 1592126793,Deposits And Additions,"1,200.00","310,511.91",,0,,,
Credit,12/31/2019,Bankcard-8566 Mtot Dep 518089424394518 CCD ID: 1592126793,Deposits And Additions,"1,386.25","311,898.16",,0,,,
Credit,1/2/2020,Bankcard-8566 Mtot Dep 518089424394518 CCD ID: 1592126793,Deposits And Additions,"19,840.00","331,738.16",,0,,,
Debit,1/2/2020,Card Purchase 01/02 Amzn Mktp US*0K2Ci7C Amzn.Com/Bill WA Card 0698,Atm & Debit Card Withdrawals,-10.83,"331,727.33",,0,,,
Debit,1/2/2020,Card Purchase 01/01 Linode.Com 855-4546633 NJ Card 0698,Atm & Debit Card Withdrawals,-55,"331,672.33",,0,,,
Credit,1/2/2020,Bankcard-8566 Mtot Dep 518089424394518 CCD ID: 1592126793,Deposits And Additions,"5,430.00","337,102.33",,0,,,
Debit,1/2/2020,Bankcard-8566 Mtot Disc 518089424394518 CCD ID: 1592126793,Electronic Withdrawals,"-4,993.24","332,109.09",,0,,,
Debit,1/2/2020,01/01 Online ACH Payment 5238288042 To Michele Cobb (_######6800),Electronic Withdrawals,"-4,229.62","327,879.47",,0,,,
Debit,1/2/2020,Card Purchase 01/01 Prime Video*G00Fq7Jw3 888-802-3080 WA Card 0698,Atm & Debit Card Withdrawals,-3.99,"327,875.48",,0,,,
Debit,1/3/2020,Card Purchase 01/03 Prime Video*G40Kf6Zb3 888-802-3080 WA Card 0698,Atm & Debit Card Withdrawals,-3.99,"327,871.49",,0,,,
Credit,1/3/2020,Podium Publishin Bill.Com 016Lbgjwx19Zjsk CCD ID: 1204895317,Deposits And Additions,"4,800.00","332,671.49",,0,,,
Credit,1/3/2020,Bankcard-8566 Mtot Dep 518089424394518 CCD ID: 1592126793,Deposits And Additions,"6,950.00","339,621.49",,0,,,
Debit,1/3/2020,Card Purchase 01/03 Prime Video*Zh2Lb6Ud3 888-802-3080 WA Card 0698,Atm & Debit Card Withdrawals,-3.99,"339,617.50",,0,,,
Debit,1/6/2020,Card Purchase With Pin 01/06 Usps PO 35965800 201 V New York NY Card 0698,Atm & Debit Card Withdrawals,-27.42,"339,590.08",,0,,,
Credit,1/6/2020,Bankcard-8566 Mtot Dep 518089424394518 CCD ID: 1592126793,Deposits And Additions,"19,325.00","358,915.08",,0,,,
Debit,1/6/2020,Service Charges For The Month of December,Fees,-34.95,"358,880.13",,0,,,
Credit,1/6/2020,Bankcard-8566 Mtot Dep 518089424394518 CCD ID: 1592126793,Deposits And Additions,"9,585.00","368,465.13",,0,,,
Credit,1/6/2020,Bankcard-8566 Mtot Dep 518089424394518 CCD ID: 1592126793,Deposits And Additions,"11,495.00","379,960.13",,0,,,
Debit,1/7/2020,Card Purchase 01/07 Prime Video*Pb34T9013 888-802-3080 WA Card 0698,Atm & Debit Card Withdrawals,-23.99,"379,936.14",,0,,,
Debit,1/7/2020,01/07 Online Transfer To Chk ...7365 Transaction#: 9053660411,Electronic Withdrawals,"-14,700.00","365,236.14",,0,,,
Credit,1/7/2020,Bankcard-8566 Mtot Dep 518089424394518 CCD ID: 1592126793,Deposits And Additions,"3,325.00","368,561.14",,0,,,
Debit,1/7/2020,Card Purchase 01/06 Amazon.Com*Pm5D85T13 Amzn.Com/Bill WA Card 0698,Atm & Debit Card Withdrawals,-32.62,"368,528.52",,0,,,
Debit,1/8/2020,Card Purchase With Pin 01/08 Usps Kiosk 35965 201 V New York NY Card 0698,Atm & Debit Card Withdrawals,-86.1,"368,442.42",,0,,,
Credit,1/8/2020,Bankcard-8566 Mtot Dep 518089424394518 CCD ID: 1592126793,Deposits And Additions,"31,380.00","399,822.42",,0,,,
Debit,1/9/2020,Card Purchase 01/08 Amazon Digit*Q39690K Amzn.Com/Bill WA Card 0698,Atm & Debit Card Withdrawals,-6.99,"399,815.43",,0,,,
Credit,1/9/2020,Bankcard-8566 Mtot Dep 518089424394518 CCD ID: 1592126793,Deposits And Additions,"12,880.00","412,695.43",,0,,,
Credit,1/10/2020,Bankcard-8566 Mtot Dep 518089424394518 CCD ID: 1592126793,Deposits And Additions,"5,100.00","417,795.43",,0,,,
Credit,1/13/2020,Bankcard-8566 Mtot Dep 518089424394518 CCD ID: 1592126793,Deposits And Additions,"2,345.00","420,140.43",,0,,,
Credit,1/13/2020,Remote Online Deposit 1,Deposits And Additions,"3,000.00","423,140.43",,0,,,
Credit,1/13/2020,Bankcard-8566 Mtot Dep 518089424394518 CCD ID: 1592126793,Deposits And Additions,"1,005.00","424,145.43",,0,,,
Credit,1/13/2020,Bankcard-8566 Mtot Dep 518089424394518 CCD ID: 1592126793,Deposits And Additions,"6,575.00","430,720.43",,0,,,
Debit,1/13/2020,Recurring Card Purchase 01/09 Google*Google Storage Internet CA Card 0698,Atm & Debit Card Withdrawals,-9.99,"430,710.44",,0,,,
Credit,1/13/2020,Remote Online Deposit 1,Deposits And Additions,"9,800.00","440,510.44",,0,,,
Credit,1/13/2020,Remote Online Deposit 1,Deposits And Additions,"5,000.00","445,510.44",,0,,,
Credit,1/13/2020,Remote Online Deposit 1,Deposits And Additions,"5,000.00","450,510.44",,0,,,
Debit,1/14/2020,Recurring Card Purchase 01/13 Vbs*Vonage Business 866-901-0242 GA Card 0698,Atm & Debit Card Withdrawals,-83.08,"450,427.36",,0,,,
Debit,1/14/2020,Recurring Card Purchase 01/14 Rackspace Email & App 210-312-4000 TX Card 0698,Atm & Debit Card Withdrawals,-14.4,"450,412.96",,0,,,
Credit,1/14/2020,Bankcard-8566 Mtot Dep 518089424394518 CCD ID: 1592126793,Deposits And Additions,"4,275.00","454,687.96",,0,,,
Debit,1/15/2020,Card Purchase 01/14 Bannerbuzz 800-580-4489 GA Card 0698,Atm & Debit Card Withdrawals,"-3,053.14","451,634.82",,0,,,
Credit,1/15/2020,Bankcard-8566 Mtot Dep 518089424394518 CCD ID: 1592126793,Deposits And Additions,"2,390.00","454,024.82",,0,,,
Debit,1/16/2020,Recurring Card Purchase 01/15 Smk*Surveymonkey.Com 971-2445555 CA Card 0698,Atm & Debit Card Withdrawals,-37,"453,987.82",,0,,,
Credit,1/16/2020,Bankcard-8566 Mtot Dep 518089424394518 CCD ID: 1592126793,Deposits And Additions,"4,465.00","458,452.82",,0,,,
Credit,1/16/2020,ATM Check Deposit 01/16 345 Hudson St New York NY Card 0698,Deposits And Additions,"12,300.00","470,752.82",,0,,,
Credit,1/17/2020,Bankcard-8566 Mtot Dep 518089424394518 CCD ID: 1592126793,Deposits And Additions,"2,515.00","473,267.82",,0,,,
Debit,1/21/2020,Card Purchase 01/19 Prime Video*C84Dy3Ue3 888-802-3080 WA Card 0698,Atm & Debit Card Withdrawals,-5.99,"473,261.83",,0,,,
Credit,1/21/2020,Bankcard-8566 Mtot Dep 518089424394518 CCD ID: 1592126793,Deposits And Additions,"1,325.00","474,586.83",,0,,,
Debit,1/21/2020,Card Purchase 01/20 Amazon.Com*Qd7Nr7Gh3 Amzn.Com/Bill WA Card 0698,Atm & Debit Card Withdrawals,-7.28,"474,579.55",,0,,,
Credit,1/21/2020,Bankcard-8566 Mtot Dep 518089424394518 CCD ID: 1592126793,Deposits And Additions,"2,345.00","476,924.55",,0,,,
Credit,1/21/2020,Bankcard-8566 Btot Dep 518089424394518 CCD ID: 1592126793,Deposits And Additions,"5,095.00","482,019.55",,0,,,
Debit,1/21/2020,Recurring Card Purchase 01/18 Stamps.Com 855-608-2677 CA Card 0698,Atm & Debit Card Withdrawals,-17.99,"482,001.56",,0,,,
Credit,1/21/2020,Bankcard-8566 Mtot Dep 518089424394518 CCD ID: 1592126793,Deposits And Additions,"3,075.00","485,076.56",,0,,,
Debit,1/21/2020,Card Purchase 01/18 Prime Video*Kt6Oo5Ns3 888-802-3080 WA Card 0698,Atm & Debit Card Withdrawals,-3.99,"485,072.57",,0,,,
Credit,1/22/2020,Bankcard-8566 Mtot Dep 518089424394518 CCD ID: 1592126793,Deposits And Additions,"2,070.00","487,142.57",,0,,,
Debit,1/23/2020,Card Purchase With Pin 01/23 Duane Reade Sto 100 Br New York NY Card 0698,Atm & Debit Card Withdrawals,-14.12,"487,128.45",,0,,,
Credit,1/23/2020,Bankcard-8566 Mtot Dep 518089424394518 CCD ID: 1592126793,Deposits And Additions,"3,305.00","490,433.45",,0,,,
Credit,1/24/2020,Bankcard-8566 Mtot Dep 518089424394518 CCD ID: 1592126793,Deposits And Additions,"1,940.00","492,373.45",,0,,,
Debit,1/24/2020,Card Purchase With Pin 01/24 Sunoco 0271638900 Newburgh NY Card 0698,Atm & Debit Card Withdrawals,-37.56,"492,335.89",,0,,,
Credit,1/27/2020,Bankcard-8566 Mtot Dep 518089424394518 CCD ID: 1592126793,Deposits And Additions,"5,340.00","497,675.89",,0,,,
Credit,1/27/2020,Bankcard-8566 Mtot Dep 518089424394518 CCD ID: 1592126793,Deposits And Additions,"2,225.00","499,900.89",,0,,,
Credit,1/27/2020,Bankcard-8566 Mtot Dep 518089424394518 CCD ID: 1592126793,Deposits And Additions,"1,885.00","501,785.89",,0,,,
Debit,1/27/2020,Card Purchase 01/25 Zoom.US 888-799-9666 CA Card 0698,Atm & Debit Card Withdrawals,-54.99,"501,730.90",,0,,,
Debit,1/27/2020,Card Purchase With Pin 01/27 Usps Kiosk 35965 201 V New York NY Card 0698,Atm & Debit Card Withdrawals,-28.75,"501,702.15",,0,,,
Debit,1/27/2020,Card Purchase With Pin 01/27 Usps Kiosk 35965 201 V New York NY Card 0698,Atm & Debit Card Withdrawals,-6.15,"501,696.00",,0,,,
Debit,1/28/2020,Card Purchase 01/28 Amzn Mktp US*Da2MN6B Amzn.Com/Bill WA Card 0698,Atm & Debit Card Withdrawals,-178.53,"501,517.47",,0,,,
Debit,1/28/2020,01/28 Online Transfer To Chk ...7365 Transaction#: 9124782431,Electronic Withdrawals,"-20,000.00","481,517.47",,0,,,
Credit,1/28/2020,Bankcard-8566 Mtot Dep 518089424394518 CCD ID: 1592126793,Deposits And Additions,"1,970.00","483,487.47",,0,,,
Credit,1/29/2020,Bankcard-8566 Mtot Dep 518089424394518 CCD ID: 1592126793,Deposits And Additions,"3,295.00","486,782.47",,0,,,
Debit,1/29/2020,Recurring Card Purchase 01/28 Eig*Constantcontact.CO 855-2295506 MA Card 0698,Atm & Debit Card Withdrawals,-70.77,"486,711.70",,0,,,
Credit,1/30/2020,Bankcard-8566 Mtot Dep 518089424394518 CCD ID: 1592126793,Deposits And Additions,"8,165.00","494,876.70",,0,,,
Debit,1/30/2020,01/30 Online Payment 9128925979 To Greater Talent Network,Electronic Withdrawals,"-22,500.00","472,376.70",,0,,,
Credit,1/31/2020,Bankcard-8566 Mtot Dep 518089424394518 CCD ID: 1592126793,Deposits And Additions,"7,350.00","479,726.70",,0,,,
Debit,2/3/2020,Bankcard-8566 Mtot Disc 518089424394518 CCD ID: 1592126793,Electronic Withdrawals,"-7,379.12","472,347.58",,0,,,
Credit,2/3/2020,Bankcard-8566 Mtot Dep 518089424394518 CCD ID: 1592126793,Deposits And Additions,765,"473,112.58",,0,,,
Credit,2/3/2020,Bankcard-8566 Mtot Dep 518089424394518 CCD ID: 1592126793,Deposits And Additions,740,"473,852.58",,0,,,
Credit,2/3/2020,Bankcard-8566 Mtot Dep 518089424394518 CCD ID: 1592126793,Deposits And Additions,"5,085.00","478,937.58",,0,,,
Credit,2/3/2020,Remote Online Deposit 1,Deposits And Additions,"2,000.00","480,937.58",,0,,,
Credit,2/3/2020,Remote Online Deposit 1,Deposits And Additions,300,"481,237.58",,0,,,
Credit,2/3/2020,Remote Online Deposit 1,Deposits And Additions,"10,000.00","491,237.58",,0,,,
Debit,2/4/2020,"02/04 Online Payment 9151595463 To Edison Media Research, Inc.",Electronic Withdrawals,"-16,000.00","475,237.58",,0,,,
Debit,2/4/2020,02/04 Online Payment 9151045864 To Bailey Duquette P.C.,Electronic Withdrawals,"-3,750.00","471,487.58",,0,,,
Debit,2/4/2020,02/04 Online Payment 9151048742 To Global Bridge Builders,Electronic Withdrawals,"-1,250.00","470,237.58",,0,,,
Debit,2/4/2020,02/04 Online ACH Payment 5241082862 To Michele Cobb (_######6800),Electronic Withdrawals,"-5,510.65","464,726.93",,0,,,
Credit,2/4/2020,Bankcard-8566 Mtot Dep 518089424394518 CCD ID: 1592126793,Deposits And Additions,"1,640.00","466,366.93",,0,,,
Credit,2/5/2020,Bankcard-8566 Mtot Dep 518089424394518 CCD ID: 1592126793,Deposits And Additions,"3,350.00","469,716.93",,0,,,
Debit,2/5/2020,Service Charges For The Month of January,Fees,-34.95,"469,681.98",,0,,,
Credit,2/6/2020,Bankcard-8566 Mtot Dep 518089424394518 CCD ID: 1592126793,Deposits And Additions,"2,615.00","472,296.98",,0,,,
Credit,2/7/2020,Bankcard-8566 Mtot Dep 518089424394518 CCD ID: 1592126793,Deposits And Additions,"2,855.00","475,151.98",,0,,,
Debit,2/7/2020,Card Purchase 02/07 Sp * Afloral Afloral.Mysho NY Card 0698,Atm & Debit Card Withdrawals,-583.56,"474,568.42",,0,,,
Debit,2/10/2020,Card Purchase 02/08 Amazon Digit*TX0Rz04 Amzn.Com/Bill WA Card 0698,Atm & Debit Card Withdrawals,-6.99,"474,561.43",,0,,,
Debit,2/10/2020,Card Purchase 02/07 Amzn Mktp US*2K3M031 Amzn.Com/Bill WA Card 0698,Atm & Debit Card Withdrawals,-537.68,"474,023.75",,0,,,
Credit,2/10/2020,Bankcard-8566 Mtot Dep 518089424394518 CCD ID: 1592126793,Deposits And Additions,"3,855.00","477,878.75",,0,,,
Credit,2/10/2020,Bankcard-8566 Mtot Dep 518089424394518 CCD ID: 1592126793,Deposits And Additions,"1,505.00","479,383.75",,0,,,
Credit,2/10/2020,Bankcard-8566 Mtot Dep 518089424394518 CCD ID: 1592126793,Deposits And Additions,"1,415.00","480,798.75",,0,,,
Credit,2/11/2020,Bankcard-8566 Mtot Dep 518089424394518 CCD ID: 1592126793,Deposits And Additions,"1,690.00","482,488.75",,0,,,
Debit,2/11/2020,Recurring Card Purchase 02/11 Google *Google Storag 855-836-3987 CA Card 0698,Atm & Debit Card Withdrawals,-9.99,"482,478.76",,0,,,
Debit,2/11/2020,02/10 Online Payment 9175758703 To Freestate Justice,Electronic Withdrawals,"-1,000.00","481,478.76",,0,,,
Credit,2/12/2020,Bankcard-8566 Btot ADJ 518089424394518 CCD ID: 1592126793,Deposits And Additions,25,"481,503.76",,0,,,
Debit,2/12/2020,02/11 Online Payment 9178936432 To Girls Write Now,Electronic Withdrawals,"-1,000.00","480,503.76",,0,,,
Credit,2/12/2020,Bankcard-8566 Mtot Dep 518089424394518 CCD ID: 1592126793,Deposits And Additions,"4,050.00","484,553.76",,0,,,
Debit,2/13/2020,Card Purchase 02/12 Linode.Com 855-4546633 NJ Card 0698,Atm & Debit Card Withdrawals,-55,"484,498.76",,0,,,
Credit,2/13/2020,Bankcard-8566 Mtot Dep 518089424394518 CCD ID: 1592126793,Deposits And Additions,"3,520.00","488,018.76",,0,,,
Debit,2/13/2020,Recurring Card Purchase 02/13 Stamps.Com 855-608-2677 CA Card 0698,Atm & Debit Card Withdrawals,-19.59,"487,999.17",,0,,,
Credit,2/14/2020,Bankcard-8566 Mtot Dep 518089424394518 CCD ID: 1592126793,Deposits And Additions,"2,650.00","490,649.17",,0,,,
Debit,2/14/2020,Recurring Card Purchase 02/13 Dropbox*39N54Hg5F587 Dropbox.Com CA Card 0698,Atm & Debit Card Withdrawals,-119.88,"490,529.29",,0,,,
Debit,2/18/2020,02/17 Online Transfer To Chk ...7365 Transaction#: 9200064996,Electronic Withdrawals,"-6,675.00","483,854.29",,0,,,
Debit,2/18/2020,Recurring Card Purchase 02/15 Smk*Surveymonkey.Com 971-2445555 CA Card 0698,Atm & Debit Card Withdrawals,-37,"483,817.29",,0,,,
Debit,2/18/2020,Card Purchase 02/18 Jamaligarden.Com 2018691333 NY Card 0698,Atm & Debit Card Withdrawals,-112.99,"483,704.30",,0,,,
Debit,2/18/2020,Card Purchase 02/17 Amzn Mktp US*T69Xx19 Amzn.Com/Bill WA Card 0698,Atm & Debit Card Withdrawals,-15.23,"483,689.07",,0,,,
Credit,2/18/2020,Bankcard-8566 Mtot Dep 518089424394518 CCD ID: 1592126793,Deposits And Additions,"1,030.00","484,719.07",,0,,,
Debit,2/18/2020,Card Purchase 02/15 Prime Video*Zp36751N3 888-802-3080 WA Card 0698,Atm & Debit Card Withdrawals,-14.99,"484,704.08",,0,,,
Credit,2/18/2020,Bankcard-8566 Mtot Dep 518089424394518 CCD ID: 1592126793,Deposits And Additions,"1,225.00","485,929.08",,0,,,
Credit,2/18/2020,Bankcard-8566 Mtot Dep 518089424394518 CCD ID: 1592126793,Deposits And Additions,"1,610.00","487,539.08",,0,,,
Credit,2/18/2020,Bankcard-8566 Mtot Dep 518089424394518 CCD ID: 1592126793,Deposits And Additions,"1,185.00","488,724.08",,0,,,
Debit,2/19/2020,"Card Purchase 02/18 Sq *Graphic Executions, Gosq.Com NY Card 0698",Atm & Debit Card Withdrawals,-324.45,"488,399.63",,0,,,
Debit,2/19/2020,02/19 Online Domestic Wire Transfer A/C: Gala-Productions LLC New York NY 10065-8277,Electronic Withdrawals,"-12,500.00","475,899.63",,0,,,
Credit,2/19/2020,Bankcard-8566 Mtot Dep 518089424394518 CCD ID: 1592126793,Deposits And Additions,"1,335.00","477,234.63",,0,,,
Debit,2/20/2020,Card Purchase 02/20 Carpets Backdrops 888-786-9299 CT Card 0698,Atm & Debit Card Withdrawals,-490.18,"476,744.45",,0,,,
Credit,2/20/2020,Bankcard-8566 Mtot Dep 518089424394518 CCD ID: 1592126793,Deposits And Additions,"3,360.00","480,104.45",,0,,,
Debit,2/21/2020,Card Purchase 02/21 Prime Video*Fy09U6D83 888-802-3080 WA Card 0698,Atm & Debit Card Withdrawals,-5.99,"480,098.46",,0,,,
Credit,2/21/2020,Bankcard-8566 Mtot Dep 518089424394518 CCD ID: 1592126793,Deposits And Additions,"1,660.00","481,758.46",,0,,,
Debit,2/21/2020,02/21 Online Domestic Wire Transfer Via: Capital One NA/021407912 A/C: Guastavinos Inc,Electronic Withdrawals,"-60,873.35","420,885.11",,0,,,
Debit,2/21/2020,02/21 Online ACH Payment 5242627402 To Michele Cobb (_######6800),Electronic Withdrawals,"-28,774.57","392,110.54",,0,,,
Credit,2/24/2020,Bankcard-8566 Mtot Dep 518089424394518 CCD ID: 1592126793,Deposits And Additions,"2,365.00","394,475.54",,0,,,
Credit,2/24/2020,Bankcard-8566 Mtot Dep 518089424394518 CCD ID: 1592126793,Deposits And Additions,"1,230.00","395,705.54",,0,,,
Credit,2/24/2020,Bankcard-8566 Mtot Dep 518089424394518 CCD ID: 1592126793,Deposits And Additions,"2,915.00","398,620.54",,0,,,
Debit,2/24/2020,Recurring Card Purchase 02/22 Adobe Acropro Subs 800-833-6687 CA Card 0698,Atm & Debit Card Withdrawals,-195.84,"398,424.70",,0,,,
Debit,2/24/2020,Card Purchase 02/21 Amazon.Com*E274T0Ws3 Amzn.Com/Bill WA Card 0698,Atm & Debit Card Withdrawals,-26.12,"398,398.58",,0,,,
Debit,2/24/2020,Recurring Card Purchase 02/21 Vbs*Vonage Business 866-901-0242 GA Card 0698,Atm & Debit Card Withdrawals,-83.08,"398,315.50",,0,,,
Debit,2/25/2020,02/25 Online Payment 9128926489 To Greater Talent Network,Electronic Withdrawals,"-22,500.00","375,815.50",,0,,,
Credit,2/25/2020,Bankcard-8566 Mtot Dep 518089424394518 CCD ID: 1592126793,Deposits And Additions,715,"376,530.50",,0,,,
Credit,2/26/2020,Bankcard-8566 Mtot Dep 518089424394518 CCD ID: 1592126793,Deposits And Additions,910,"377,440.50",,0,,,
Debit,2/26/2020,Card Purchase 02/25 Amzn Mktp US*S58728A Amzn.Com/Bill WA Card 0698,Atm & Debit Card Withdrawals,-25.26,"377,415.24",,0,,,
Debit,2/27/2020,Card Purchase 02/27 Amzn Mktp US*Ju3333H Amzn.Com/Bill WA Card 0698,Atm & Debit Card Withdrawals,-18.5,"377,396.74",,0,,,
Debit,2/27/2020,Card Purchase 02/26 Cko*Www.Istockphoto.CO 866-4786251 WA Card 0698,Atm & Debit Card Withdrawals,-12,"377,384.74",,0,,,
Debit,2/27/2020,Card Purchase 02/26 Cko*Www.Istockphoto.CO 866-4786251 WA Card 0698,Atm & Debit Card Withdrawals,-60,"377,324.74",,0,,,
Credit,2/27/2020,Bankcard-8566 Mtot Dep 518089424394518 CCD ID: 1592126793,Deposits And Additions,"1,475.00","378,799.74",,0,,,
Debit,2/28/2020,Card Purchase 02/28 Pond5 646-3500410 NY Card 0698,Atm & Debit Card Withdrawals,-169.55,"378,630.19",,0,,,
Debit,2/28/2020,Card Purchase 02/27 Hudson Food Court Newyork NY Card 0698,Atm & Debit Card Withdrawals,-11.43,"378,618.76",,0,,,
Debit,2/28/2020,02/28 Online Domestic Wire Transfer A/C: Gala-Productions LLC New York NY 10065-8277,Electronic Withdrawals,"-24,377.32","354,241.44",,0,,,
Debit,2/28/2020,02/28 Online Transfer To Chk ...7365 Transaction#: 9243290174,Electronic Withdrawals,"-50,000.00","304,241.44",,0,,,
Debit,2/28/2020,Venmo Payment 3164378922 Web ID: 3264681992,Electronic Withdrawals,-494.4,"303,747.04",,0,,,
Credit,2/28/2020,Bankcard-8566 Mtot Dep 518089424394518 CCD ID: 1592126793,Deposits And Additions,800,"304,547.04",,0,,,
Debit,3/2/2020,Card Purchase 03/01 Lax Vip Transport 310-405-0044 CA Card 0698,Atm & Debit Card Withdrawals,-133.68,"304,413.36",,0,,,
Credit,3/2/2020,Bankcard-8566 Mtot Dep 518089424394518 CCD ID: 1592126793,Deposits And Additions,"1,525.00","305,938.36",,0,,,
Debit,3/2/2020,Bankcard-8566 Mtot Disc 518089424394518 CCD ID: 1592126793,Electronic Withdrawals,"-2,185.92","303,752.44",,0,,,
Debit,3/2/2020,Card Purchase 02/27 Taxi Svc Long Island Long Island C NY Card 0698,Atm & Debit Card Withdrawals,-14.12,"303,738.32",,0,,,
Credit,3/2/2020,Bankcard-8566 Mtot Dep 518089424394518 CCD ID: 1592126793,Deposits And Additions,"2,295.00","306,033.32",,0,,,
Debit,3/2/2020,Card Purchase 02/27 Taxi Svc Woodside Woodside NY Card 0698,Atm & Debit Card Withdrawals,-21.62,"306,011.70",,0,,,
Debit,3/2/2020,Card Purchase 03/01 Dial 7 Cs 718-3495207 NY Card 0698,Atm & Debit Card Withdrawals,-94.07,"305,917.63",,0,,,
Debit,3/2/2020,Card Purchase 03/02 Prime Video*656346T13 888-802-3080 WA Card 0698,Atm & Debit Card Withdrawals,-3.99,"305,913.64",,0,,,
Debit,3/2/2020,ATM Withdrawal 03/02 360 E 57th St New York NY Card 0698,Atm & Debit Card Withdrawals,"-2,100.00","303,813.64",,0,,,
Debit,3/2/2020,Card Purchase 03/01 Linode.Com 855-4546633 NJ Card 0698,Atm & Debit Card Withdrawals,-55,"303,758.64",,0,,,
Debit,3/3/2020,Recurring Card Purchase 03/02 Eig*Constantcontact.CO 855-2295506 MA Card 0698,Atm & Debit Card Withdrawals,-70.77,"303,687.87",,0,,,
Debit,3/3/2020,Card Purchase 03/02 Uber Trip Help.Uber.Com CA Card 0698,Atm & Debit Card Withdrawals,-64.88,"303,622.99",,0,,,
Debit,3/3/2020,Card Purchase 03/02 Prime Video*Aq57M7A73 888-802-3080 WA Card 0698,Atm & Debit Card Withdrawals,-3.99,"303,619.00",,0,,,
Credit,3/3/2020,Bankcard-8566 Mtot Dep 518089424394518 CCD ID: 1592126793,Deposits And Additions,"1,570.00","305,189.00",,0,,,
Credit,3/3/2020,Bankcard-8566 Mtot Dep 518089424394518 CCD ID: 1592126793,Deposits And Additions,885,"306,074.00",,0,,,
Debit,3/3/2020,Card Purchase 03/02 Nyc Taxi 1246 124600 Long Island C NY Card 0698,Atm & Debit Card Withdrawals,-14.75,"306,059.25",,0,,,
Debit,3/3/2020,Card Purchase 03/02 Pret A Manger 044 New York NY Card 0698,Atm & Debit Card Withdrawals,-9.01,"306,050.24",,0,,,
Debit,3/3/2020,Card Purchase 03/02 Dial 7 Cs 718-3495207 NY Card 0698,Atm & Debit Card Withdrawals,-32.75,"306,017.49",,0,,,
Debit,3/3/2020,Card Purchase 03/02 Dial 7 Cs 718-3495207 NY Card 0698,Atm & Debit Card Withdrawals,-66.87,"305,950.62",,0,,,
Debit,3/3/2020,Card Purchase 03/02 Dial 7 Cs 718-3495207 NY Card 0698,Atm & Debit Card Withdrawals,-77.87,"305,872.75",,0,,,
Debit,3/3/2020,Card Purchase 03/02 Teresa's New York NY Card 0698,Atm & Debit Card Withdrawals,-82.5,"305,790.25",,0,,,
Debit,3/3/2020,Card Purchase 03/02 Dial 7 Cs 718-3495207 NY Card 0698,Atm & Debit Card Withdrawals,-39.75,"305,750.50",,0,,,
Debit,3/4/2020,Service Charges For The Month of February,Fees,-34.95,"305,715.55",,0,,,
Debit,3/4/2020,Card Purchase 03/03 Blasket New York NY Card 0698,Atm & Debit Card Withdrawals,-80.33,"305,635.22",,0,,,
Debit,3/4/2020,Card Purchase 03/03 Nyc Taxi 1246 124600 Long Island C NY Card 0698,Atm & Debit Card Withdrawals,-31,"305,604.22",,0,,,
Debit,3/4/2020,Card Purchase 03/03 Dial 7 Cs 718-3495207 NY Card 0698,Atm & Debit Card Withdrawals,-92.07,"305,512.15",,0,,,
Debit,3/4/2020,Card Purchase 03/03 Courier Car Rental 9738820310 NJ Card 0698,Atm & Debit Card Withdrawals,-136.8,"305,375.35",,0,,,
Debit,3/4/2020,Card Purchase 03/03 Mifune New York New York NY Card 0698,Atm & Debit Card Withdrawals,-572.32,"304,803.03",,0,,,
Debit,3/4/2020,Card Purchase 03/03 Dial 7 Cs 718-3495207 NY Card 0698,Atm & Debit Card Withdrawals,-12.5,"304,790.53",,0,,,
Credit,3/4/2020,Bankcard-8566 Mtot Dep 518089424394518 CCD ID: 1592126793,Deposits And Additions,"2,295.00","307,085.53",,0,,,
Debit,3/5/2020,Card Purchase 03/03 Taxi Svc 41-25 36th S Long Is City NY Card 0698,Atm & Debit Card Withdrawals,-32.25,"307,053.28",,0,,,
Debit,3/5/2020,03/05 Online Transfer To Chk ...7365 Transaction#: 9266205128,Electronic Withdrawals,"-6,675.00","300,378.28",,0,,,
Credit,3/5/2020,Remote Online Deposit 1,Deposits And Additions,"2,500.00","302,878.28",,0,,,
Debit,3/5/2020,Card Purchase 03/04 Amzn Mktp US*Cb8ND9X Amzn.Com/Bill WA Card 0698,Atm & Debit Card Withdrawals,-76.18,"302,802.10",,0,,,
Credit,3/5/2020,Bankcard-8566 Mtot Dep 518089424394518 CCD ID: 1592126793,Deposits And Additions,"2,620.00","305,422.10",,0,,,
Debit,3/5/2020,Recurring Card Purchase 03/04 Fedex 507871928 Memphis TN Card 0698,Atm & Debit Card Withdrawals,-56.83,"305,365.27",,0,,,
Debit,3/5/2020,Card Purchase 03/03 United Westway293400 Long Island C NY Card 0698,Atm & Debit Card Withdrawals,-24.35,"305,340.92",,0,,,
Credit,3/6/2020,Bankcard-8566 Mtot Dep 518089424394518 CCD ID: 1592126793,Deposits And Additions,"1,540.00","306,880.92",,0,,,
Debit,3/6/2020,Card Purchase 03/05 Taxi Svc Woodside Woodside NY Card 0698,Atm & Debit Card Withdrawals,-14.16,"306,866.76",,0,,,
Debit,3/6/2020,Quickpay With Zelle Payment To Max Flatow Jpm338995651,Electronic Withdrawals,"-1,300.00","305,566.76",,0,,,
Credit,3/9/2020,Bankcard-8566 Mtot Dep 518089424394518 CCD ID: 1592126793,Deposits And Additions,"1,305.00","306,871.76",,0,,,
Credit,3/9/2020,Bankcard-8566 Mtot Dep 518089424394518 CCD ID: 1592126793,Deposits And Additions,"3,000.00","309,871.76",,0,,,
Debit,3/9/2020,Card Purchase 03/04 Houseman New York NY Card 0698,Atm & Debit Card Withdrawals,-61.18,"309,810.58",,0,,,
Credit,3/9/2020,Bankcard-8566 Mtot Dep 518089424394518 CCD ID: 1592126793,Deposits And Additions,"2,495.00","312,305.58",,0,,,
Debit,3/9/2020,Card Purchase 03/08 Prime Video*K398E1Gz3 888-802-3080 WA Card 0698,Atm & Debit Card Withdrawals,-3.99,"312,301.59",,0,,,
Debit,3/9/2020,Card Purchase 03/08 Amazon Digit*Hh2355G Amzn.Com/Bill WA Card 0698,Atm & Debit Card Withdrawals,-6.99,"312,294.60",,0,,,
Debit,3/9/2020,Venmo Payment 3203767783 Web ID: 3264681992,Electronic Withdrawals,-700,"311,594.60",,0,,,
Debit,3/10/2020,Recurring Card Purchase 03/10 Google *Google Storag 855-836-3987 CA Card 0698,Atm & Debit Card Withdrawals,-9.99,"311,584.61",,0,,,
Credit,3/10/2020,Bankcard-8566 Mtot Dep 518089424394518 CCD ID: 1592126793,Deposits And Additions,"1,530.00","313,114.61",,0,,,
Credit,3/11/2020,Bankcard-8566 Mtot Dep 518089424394518 CCD ID: 1592126793,Deposits And Additions,"3,670.00","316,784.61",,0,,,
Credit,3/12/2020,Bankcard-8566 Btot Dep 518089424394518 CCD ID: 1592126793,Deposits And Additions,"1,525.00","318,309.61",,0,,,
Debit,3/12/2020,Recurring Card Purchase 03/11 Fedex 324153961 Memphis TN Card 0698,Atm & Debit Card Withdrawals,-127.97,"318,181.64",,0,,,
Debit,3/13/2020,Card Purchase With Pin 03/13 Usps Kiosk 35960 90 Ch New York NY Card 0698,Atm & Debit Card Withdrawals,-4.6,"318,177.04",,0,,,
Debit,3/13/2020,Card Purchase With Pin 03/13 Usps Kiosk 35960 90 Ch New York NY Card 0698,Atm & Debit Card Withdrawals,-42.15,"318,134.89",,0,,,
Debit,3/13/2020,Recurring Card Purchase 03/12 Fedex 508727583 Memphis TN Card 0698,Atm & Debit Card Withdrawals,-20.59,"318,114.30",,0,,,
Debit,3/13/2020,Card Purchase With Pin 03/13 Usps Kiosk 35960 90 Ch New York NY Card 0698,Atm & Debit Card Withdrawals,-4.6,"318,109.70",,0,,,
Credit,3/13/2020,Bankcard-8566 Btot Dep 518089424394518 CCD ID: 1592126793,Deposits And Additions,770,"318,879.70",,0,,,
Debit,3/13/2020,Recurring Card Purchase 03/13 Stamps.Com 855-608-2677 CA Card 0698,Atm & Debit Card Withdrawals,-19.59,"318,860.11",,0,,,
Debit,3/13/2020,Card Purchase With Pin 03/13 Usps Kiosk 35960 90 Ch New York NY Card 0698,Atm & Debit Card Withdrawals,-16.5,"318,843.61",,0,,,
Credit,3/13/2020,ATM Check Deposit 03/13 345 Hudson St New York NY Card 0698,Deposits And Additions,"8,225.00","327,068.61",,0,,,
Debit,3/16/2020,Recurring Card Purchase 03/13 Fedex 508835371 Memphis TN Card 0698,Atm & Debit Card Withdrawals,-151.31,"326,917.30",,0,,,
Debit,3/16/2020,Card Purchase 03/16 Amzn Mktp US*165L353 Amzn.Com/Bill WA Card 0698,Atm & Debit Card Withdrawals,-40.27,"326,877.03",,0,,,
Credit,3/16/2020,Bankcard-8566 Btot Dep 518089424394518 CCD ID: 1592126793,Deposits And Additions,"1,520.00","328,397.03",,0,,,
Debit,3/16/2020,Recurring Card Purchase 03/13 Vbs*Vonage Business 866-901-0242 GA Card 0698,Atm & Debit Card Withdrawals,-83.08,"328,313.95",,0,,,
Debit,3/16/2020,Recurring Card Purchase 03/15 Fedex 508933933 Memphis TN Card 0698,Atm & Debit Card Withdrawals,-75.98,"328,237.97",,0,,,
Credit,3/16/2020,Bankcard-8566 Btot Dep 518089424394518 CCD ID: 1592126793,Deposits And Additions,"1,050.00","329,287.97",,0,,,
Credit,3/17/2020,Bankcard-8566 Btot Dep 518089424394518 CCD ID: 1592126793,Deposits And Additions,165,"329,452.97",,0,,,
Debit,3/17/2020,03/17 Online Payment 9313423390 To Marjorie Meisberger,Electronic Withdrawals,-240,"329,212.97",,0,,,
Debit,3/17/2020,"Quickpay With Zelle Payment To Janet Benson, Inc. 9310282398",Electronic Withdrawals,"-1,223.74","327,989.23",,0,,,
Debit,3/17/2020,"Quickpay With Zelle Payment To Janet Benson, Inc. 9310284814",Electronic Withdrawals,-563.4,"327,425.83",,0,,,
Debit,3/18/2020,Recurring Card Purchase 03/17 Fedex 324340173 Memphis TN Card 0698,Atm & Debit Card Withdrawals,-81.79,"327,344.04",,0,,,
Debit,3/18/2020,03/18 Online Payment 9318847822 To Getty Images,Electronic Withdrawals,"-2,000.00","325,344.04",,0,,,
Debit,3/18/2020,03/18 Online Domestic Wire Transfer Via: Capital One NA/021407912 A/C: Guastavinos Inc,Electronic Withdrawals,"-8,717.95","316,626.09",,0,,,
Debit,3/18/2020,03/18 Online Payment 9317980154 To Cristaux,Electronic Withdrawals,-311.74,"316,314.35",,0,,,
Debit,3/18/2020,Recurring Card Purchase 03/17 Fedex 324360787 Memphis TN Card 0698,Atm & Debit Card Withdrawals,-6.2,"316,308.15",,0,,,
Debit,3/18/2020,03/18 Online Payment 9318828661 To Audere Media,Electronic Withdrawals,"-11,000.00","305,308.15",,0,,,
Credit,3/18/2020,Bankcard-8566 Btot Dep 518089424394518 CCD ID: 1592126793,Deposits And Additions,"2,015.00","307,323.15",,0,,,
Debit,3/18/2020,03/18 Online Payment 9318836403 To Bernstein & Associates,Electronic Withdrawals,"-1,250.00","306,073.15",,0,,,
Debit,3/18/2020,03/18 Online ACH Payment 5244997619 To Michele Cobb (_######6800),Electronic Withdrawals,"-10,242.55","295,830.60",,0,,,
Debit,3/18/2020,03/18 Online Payment 9318833447 To L Marques,Electronic Withdrawals,-750,"295,080.60",,0,,,
Debit,3/19/2020,Card Purchase 03/18 The Trevor Project 310-271-8845 CA Card 0698,Atm & Debit Card Withdrawals,"-1,000.00","294,080.60",,0,,,
Debit,3/19/2020,Bankcard-8566 Btot Dep 518089424394518 CCD ID: 1592126793,Electronic Withdrawals,"-1,220.00","292,860.60",,0,,,
Debit,3/20/2020,03/20 Online Payment 9330742243 To Chelsea Carpenter,Electronic Withdrawals,-295,"292,565.60",,0,,,
Credit,3/20/2020,Online Transfer From Chk ...7365 Transaction#: 9326944658,Deposits And Additions,275,"292,840.60",,0,,,
Debit,3/20/2020,03/19 Online Payment 9325513175 To Bryn Austin,Electronic Withdrawals,-275,"292,565.60",,0,,,
Credit,3/20/2020,Paypal Transfer PPD ID: Paypalsdw1,Deposits And Additions,343.86,"292,909.46",,0,,,
Debit,3/20/2020,Quickpay With Zelle Payment To Aida Reluzco 9326908681,Electronic Withdrawals,-295,"292,614.46",,0,,,
Credit,3/20/2020,Bankcard-8566 Btot Dep 518089424394518 CCD ID: 1592126793,Deposits And Additions,245,"292,859.46",,0,,,
Debit,3/20/2020,03/19 Online Payment 9325506432 To Lewis Arlt,Electronic Withdrawals,-275,"292,584.46",,0,,,
Debit,3/20/2020,03/19 Online Payment 9325522552 To Amy Bentley,Electronic Withdrawals,-295,"292,289.46",,0,,,
Debit,3/20/2020,Quickpay With Zelle Payment To Barrie Kreinik Jpm344788420,Electronic Withdrawals,-275,"292,014.46",,0,,,
Debit,3/20/2020,Quickpay With Zelle Payment To Sean Duregger Jpm344787418,Electronic Withdrawals,-275,"291,739.46",,0,,,
Debit,3/20/2020,03/20 Online Transfer To Chk ...7365 Transaction#: 9330790648,Electronic Withdrawals,-335,"291,404.46",,0,,,
Debit,3/20/2020,Quickpay With Zelle Payment To Tom Dheere 9327222568,Electronic Withdrawals,-100,"291,304.46",,0,,,
Debit,3/20/2020,03/20 Online Payment 9327603810 To Sarah Nessel,Electronic Withdrawals,-295,"291,009.46",,0,,,
Debit,3/20/2020,03/20 Online Payment 9327461505 To Alan Taylor,Electronic Withdrawals,-295,"290,714.46",,0,,,
Debit,3/20/2020,Quickpay With Zelle Payment To Patrick Smith 9327279158,Electronic Withdrawals,-275,"290,439.46",,0,,,
Debit,3/20/2020,03/20 Online Payment 9330750921 To Christina Delaine Costalas,Electronic Withdrawals,-275,"290,164.46",,0,,,
Debit,3/20/2020,Quickpay With Zelle Payment To Maxwell L. Anderson 9327272613,Electronic Withdrawals,-295,"289,869.46",,0,,,
Debit,3/20/2020,Quickpay With Zelle Payment To Lisa Negron 9327286997,Electronic Withdrawals,-315,"289,554.46",,0,,,
Debit,3/20/2020,Quickpay With Zelle Payment To Caroline Hewitt Jpm344787992,Electronic Withdrawals,-375,"289,179.46",,0,,,
Debit,3/20/2020,03/20 Online Payment 9327438362 To Courtney Patterson,Electronic Withdrawals,-375,"288,804.46",,0,,,
Debit,3/20/2020,03/20 Online Payment 9327586432 To Brian Wiggins,Electronic Withdrawals,-275,"288,529.46",,0,,,
Debit,3/23/2020,03/23 Online Payment 9341942892 To Vivienne Leheny,Electronic Withdrawals,-275,"288,254.46",,0,,,
Credit,3/23/2020,Bankcard-8566 Btot Dep 518089424394518 CCD ID: 1592126793,Deposits And Additions,165,"288,419.46",,0,,,
Debit,3/23/2020,Venmo Payment 3259814079 Web ID: 3264681992,Electronic Withdrawals,-275,"288,144.46",,0,,,
Debit,3/23/2020,03/23 Online Payment 9341888330 To Penguin Random House,Electronic Withdrawals,"-2,775.00","285,369.46",,0,,,
Debit,3/23/2020,03/23 Online Payment 9342058915 To Sean Okane,Electronic Withdrawals,-275,"285,094.46",,0,,,
Debit,3/23/2020,03/23 Online Payment 9341937324 To Francis G Kearney,Electronic Withdrawals,-275,"284,819.46",,0,,,
Debit,3/23/2020,Paypal Echeck Ebmo Web ID: Paypalec88,Electronic Withdrawals,-295,"284,524.46",,0,,,
Debit,3/23/2020,Venmo Payment 3259891321 Web ID: 3264681992,Electronic Withdrawals,-275,"284,249.46",,0,,,
Debit,3/23/2020,April Doty Iat Paypal 1008339987322 Web ID: 770510487C,Electronic Withdrawals,-275,"283,974.46",,0,,,
Debit,3/23/2020,Venmo Payment 3261746058 Web ID: 3264681992,Electronic Withdrawals,-275,"283,699.46",,0,,,
Debit,3/23/2020,Venmo Payment 3261750929 Web ID: 3264681992,Electronic Withdrawals,-295,"283,404.46",,0,,,
Debit,3/23/2020,03/23 Online Payment 9342066205 To Jennifer Odonnell,Electronic Withdrawals,-275,"283,129.46",,0,,,
Debit,3/24/2020,03/24 Online Payment 9345292688 To Zura Johnson,Electronic Withdrawals,-295,"282,834.46",,0,,,
Debit,3/24/2020,03/24 Online Payment 9345256901 To Jeff Mack,Electronic Withdrawals,-375,"282,459.46",,0,,,
Debit,3/24/2020,03/24 Online Payment 9345582326 To Devon Sorvari,Electronic Withdrawals,-275,"282,184.46",,0,,,
Debit,3/24/2020,03/24 Online Payment 9345590028 To Phil Thron,Electronic Withdrawals,-295,"281,889.46",,0,,,
Debit,3/24/2020,03/24 Online Payment 9345548897 To Gryphon Corpus,Electronic Withdrawals,-295,"281,594.46",,0,,,
Debit,3/24/2020,03/24 Online Payment 9345622236 To George Newbern,Electronic Withdrawals,-275,"281,319.46",,0,,,
Debit,3/24/2020,03/24 Online Payment 9345639315 To Zimmerman,Electronic Withdrawals,-275,"281,044.46",,0,,,
Debit,3/24/2020,03/24 Online Payment 9345616083 To Sarah Naughton,Electronic Withdrawals,-275,"280,769.46",,0,,,
Debit,3/24/2020,03/24 Online Payment 9345644975 To Callie Beaulieu,Electronic Withdrawals,-295,"280,474.46",,0,,,
Debit,3/24/2020,03/24 Online Payment 9345563845 To David Marantz,Electronic Withdrawals,-295,"280,179.46",,0,,,
Debit,3/24/2020,03/24 Online Payment 9345283957 To Gary J. Chambers,Electronic Withdrawals,-295,"279,884.46",,0,,,
Debit,3/24/2020,03/24 Online Payment 9345610717 To Lisa Larsen,Electronic Withdrawals,-275,"279,609.46",,0,,,
Debit,3/24/2020,03/24 Online Payment 9345267725 To Garrett Michael Brown,Electronic Withdrawals,-315,"279,294.46",,0,,,
Debit,3/24/2020,03/24 Online Payment 9345261614 To Melissa Williams,Electronic Withdrawals,-275,"279,019.46",,0,,,
Debit,3/24/2020,03/24 Online Payment 9345362053 To Jill Rolls,Electronic Withdrawals,-295,"278,724.46",,0,,,
Debit,3/24/2020,03/24 Online Transfer To Chk ...7365 Transaction#: 9345499494,Electronic Withdrawals,-275,"278,449.46",,0,,,
Debit,3/24/2020,03/24 Online Payment 9345574885 To Bob Neufeld,Electronic Withdrawals,-295,"278,154.46",,0,,,
Debit,3/24/2020,03/24 Online Payment 9345538700 To Tantor Media,Electronic Withdrawals,"-1,770.00","276,384.46",,0,,,
Debit,3/24/2020,03/24 Online Payment 9345528309 To Zoe Watkins,Electronic Withdrawals,-375,"276,009.46",,0,,,
Debit,3/24/2020,03/24 Online Payment 9345301176 To Aimee Lilly,Electronic Withdrawals,-295,"275,714.46",,0,,,
Debit,3/24/2020,03/24 Online Payment 9345507151 To Karissa Vacker,Electronic Withdrawals,-295,"275,419.46",,0,,,
Debit,3/24/2020,03/24 Online Payment 9345520725 To Sandra Murphy,Electronic Withdrawals,-295,"275,124.46",,0,,,
Debit,3/24/2020,03/24 Online Payment 9345367957 To Emily Sutton-Smith,Electronic Withdrawals,-295,"274,829.46",,0,,,
Debit,3/24/2020,03/24 Online Payment 9345339131 To Laura Petersen,Electronic Withdrawals,-295,"274,534.46",,0,,,
Debit,3/24/2020,03/24 Online Payment 9345307799 To Rich Miller,Electronic Withdrawals,-295,"274,239.46",,0,,,
Debit,3/24/2020,03/24 Online Payment 9345334598 To Tim Paige,Electronic Withdrawals,-295,"273,944.46",,0,,,
Debit,3/24/2020,03/24 Online Transfer To Chk ...7365 Transaction#: 9345500391,Electronic Withdrawals,-275,"273,669.46",,0,,,
Debit,3/24/2020,03/24 Online Payment 9345512330 To Thomas Weitzel,Electronic Withdrawals,-295,"273,374.46",,0,,,
Debit,3/25/2020,Card Purchase 03/25 Amzn Mktp US*Ai74X8A Amzn.Com/Bill WA Card 0698,Atm & Debit Card Withdrawals,-23.95,"273,350.51",,0,,,
Credit,3/25/2020,Bill.Com Verify 016Lwzfja1Cympg CCD ID: 2204895317,Deposits And Additions,0.05,"273,350.56",,0,,,
Debit,3/25/2020,Card Purchase 03/25 Amzn Mktp US*Yp31F9I Amzn.Com/Bill WA Card 0698,Atm & Debit Card Withdrawals,-16.32,"273,334.24",,0,,,
Credit,3/25/2020,Venmo Refund PPD ID: 4264681992,Deposits And Additions,295,"273,629.24",,0,,,
Debit,3/25/2020,Venmo Payment 3274412557 Web ID: 3264681992,Electronic Withdrawals,-295,"273,334.24",,0,,,
Debit,3/25/2020,Bill.Com Verify 016Lwzfja1Cympg CCD ID: 2204895317,Electronic Withdrawals,-0.05,"273,334.19",,0,,,
Debit,3/25/2020,Bill.Com Payables 016Tulfdh1Cx743 CCD ID: 1204895317,Electronic Withdrawals,-925,"272,409.19",,0,,,
Debit,3/25/2020,Card Purchase 03/24 Bhn*Giftcards 877-9443822 CA Card 0698,Atm & Debit Card Withdrawals,-223.8,"272,185.39",,0,,,
Debit,3/25/2020,Card Purchase 03/25 Prime Video*Pn3Ql7HI3 888-802-3080 WA Card 0698,Atm & Debit Card Withdrawals,-1.99,"272,183.40",,0,,,
Debit,3/26/2020,03/26 Online Payment 9354705522 To Timothy Pabon,Electronic Withdrawals,-295,"271,888.40",,0,,,
Debit,3/26/2020,03/26 Online Payment 9354906759 To Caitlin Sporborg,Electronic Withdrawals,-295,"271,593.40",,0,,,
Credit,3/26/2020,Bankcard-8566 Btot Dep 518089424394518 CCD ID: 1592126793,Deposits And Additions,495,"272,088.40",,0,,,
Debit,3/26/2020,03/26 Online Payment 9354921030 To Ferdelle Capistrano,Electronic Withdrawals,-295,"271,793.40",,0,,,
Debit,3/26/2020,03/26 Online Payment 9354893086 To Fajer AL-Kaisi,Electronic Withdrawals,-275,"271,518.40",,0,,,
Debit,3/26/2020,03/26 Online Payment 9354746420 To Jon Frazier,Electronic Withdrawals,-375,"271,143.40",,0,,,
Debit,3/26/2020,03/26 Online Payment 9354693721 To Catherine Wenglowski,Electronic Withdrawals,-295,"270,848.40",,0,,,
Debit,3/26/2020,03/26 Online Payment 9354880507 To Justine Eyre,Electronic Withdrawals,-275,"270,573.40",,0,,,
Debit,3/26/2020,03/26 Online Payment 9354782116 To Kc Johnston,Electronic Withdrawals,-315,"270,258.40",,0,,,
Debit,3/26/2020,03/26 Online Payment 9354799524 To Laura Knight Keating,Electronic Withdrawals,-750,"269,508.40",,0,,,
Debit,3/26/2020,03/26 Online Payment 9354874081 To Xe Sands,Electronic Withdrawals,-295,"269,213.40",,0,,,
Debit,3/26/2020,03/26 Online Payment 9354856140 To David De Vries,Electronic Withdrawals,-375,"268,838.40",,0,,,
Debit,3/26/2020,03/26 Online Payment 9354820177 To Emily Ellet,Electronic Withdrawals,-295,"268,543.40",,0,,,
Debit,3/26/2020,03/26 Online Payment 9354679583 To Nicole Vilencia Hazard,Electronic Withdrawals,-295,"268,248.40",,0,,,
Debit,3/27/2020,Paypal Inst Xfer Karenscreat Web ID: Paypalsi77,Electronic Withdrawals,-295,"267,953.40",,0,,,
Debit,3/27/2020,Paypal Inst Xfer Maryjanecon Web ID: Paypalsi77,Electronic Withdrawals,-295,"267,658.40",,0,,,
Credit,3/27/2020,Bankcard-8566 Btot Dep 518089424394518 CCD ID: 1592126793,Deposits And Additions,"1,065.00","268,723.40",,0,,,
Debit,3/27/2020,Card Purchase 03/26 Amzn Mktp US*Nq7Zj6R Amzn.Com/Bill WA Card 0698,Atm & Debit Card Withdrawals,-157.86,"268,565.54",,0,,,
Credit,3/30/2020,Bankcard-8566 Btot Dep 518089424394518 CCD ID: 1592126793,Deposits And Additions,165,"268,730.54",,0,,,
Debit,3/30/2020,Bankcard-8566 Btot Dep 518089424394518 CCD ID: 1592126793,Electronic Withdrawals,-295,"268,435.54",,0,,,
Debit,3/30/2020,Recurring Card Purchase 03/28 Eig*Constantcontact.CO 855-2295506 MA Card 0698,Atm & Debit Card Withdrawals,-70.77,"268,364.77",,0,,,
Debit,3/31/2020,03/31 Online Payment 9377500665 To Delaney Cinnamon,Electronic Withdrawals,-275,"268,089.77",,0,,,
Debit,3/31/2020,03/31 Online Payment 9377395217 To Deepti Gupta,Electronic Withdrawals,-120,"267,969.77",,0,,,
Debit,3/31/2020,03/31 Online Payment 9377403052 To Walter Dixon,Electronic Withdrawals,-275,"267,694.77",,0,,,
Debit,4/1/2020,Venmo Payment 3297962321 Web ID: 3264681992,Electronic Withdrawals,-295,"267,399.77",,0,,,
Debit,4/1/2020,Recurring Card Purchase 04/01 Microsoft*Office 365 H Msbill.Info WA Card 0698,Atm & Debit Card Withdrawals,-108.86,"267,290.91",,0,,,
Debit,4/1/2020,Venmo Payment 3297969860 Web ID: 3264681992,Electronic Withdrawals,-275,"267,015.91",,0,,,
Debit,4/1/2020,Venmo Payment 3297967209 Web ID: 3264681992,Electronic Withdrawals,-275,"266,740.91",,0,,,
Debit,4/1/2020,Venmo Payment 3297955957 Web ID: 3264681992,Electronic Withdrawals,-275,"266,465.91",,0,,,
Debit,4/1/2020,Quickpay With Zelle Payment To Gina Rogers Jpm349274216,Electronic Withdrawals,-275,"266,190.91",,0,,,
Debit,4/1/2020,Quickpay With Zelle Payment To Danielle Gensler Jpm349202099,Electronic Withdrawals,-275,"265,915.91",,0,,,
Debit,4/1/2020,04/01 Online Payment 9381980563 To Gail Shalan,Electronic Withdrawals,-275,"265,640.91",,0,,,
Debit,4/1/2020,Venmo Payment 3297958662 Web ID: 3264681992,Electronic Withdrawals,-295,"265,345.91",,0,,,
Debit,4/1/2020,Quickpay With Zelle Payment To Leslie Ligon 9377345206,Electronic Withdrawals,-295,"265,050.91",,0,,,
Debit,4/1/2020,Quickpay With Zelle Payment To Shaun Toole 9377385531,Electronic Withdrawals,-295,"264,755.91",,0,,,
Debit,4/1/2020,Quickpay With Zelle Payment To Caroline Mclaughlin Jpm349202541,Electronic Withdrawals,-275,"264,480.91",,0,,,
Debit,4/1/2020,Quickpay With Zelle Payment To Corrie Legge 9377329317,Electronic Withdrawals,-295,"264,185.91",,0,,,
Debit,4/1/2020,Quickpay With Zelle Payment To Erik Synnestvedt Jpm349202427,Electronic Withdrawals,-375,"263,810.91",,0,,,
Debit,4/1/2020,Quickpay With Zelle Payment To Mark Sanderlin 9377320420,Electronic Withdrawals,-275,"263,535.91",,0,,,
Debit,4/1/2020,Venmo Payment 3297950686 Web ID: 3264681992,Electronic Withdrawals,-750,"262,785.91",,0,,,
Debit,4/1/2020,04/01 Online Payment 9381958334 To Suzanne Barbetta,Electronic Withdrawals,-295,"262,490.91",,0,,,
Debit,4/1/2020,Venmo Payment 3297964783 Web ID: 3264681992,Electronic Withdrawals,-295,"262,195.91",,0,,,
Debit,4/2/2020,Bankcard-8566 Mtot Disc 518089424394518 CCD ID: 1592126793,Electronic Withdrawals,"-1,346.93","260,848.98",,0,,,
Debit,4/2/2020,Venmo Payment 3301166851 Web ID: 3264681992,Electronic Withdrawals,-315,"260,533.98",,0,,,
Debit,4/2/2020,Rebecca Ehrenpre Iat Paypal 1008459791062 Web ID: 770510487C,Electronic Withdrawals,-275,"260,258.98",,0,,,
Debit,4/3/2020,Service Charges For The Month of March,Fees,-34.95,"260,224.03",,0,,,
Credit,4/3/2020,Bankcard-8566 Btot Dep 518089424394518 CCD ID: 1592126793,Deposits And Additions,123.75,"260,347.78",,0,,,
Debit,4/6/2020,04/03 Online Payment 9400946399 To Carol Monda,Electronic Withdrawals,-295,"260,052.78",,0,,,
Credit,4/6/2020,Bankcard-8566 Btot Dep 518089424394518 CCD ID: 1592126793,Deposits And Additions,513.75,"260,566.53",,0,,,
Debit,4/6/2020,Card Purchase 04/02 Linode.Com 855-4546633 NJ Card 0698,Atm & Debit Card Withdrawals,-55,"260,511.53",,0,,,
Debit,4/6/2020,04/03 Online Payment 9400882621 To Joniece Abbott-Pratt,Electronic Withdrawals,-275,"260,236.53",,0,,,
Credit,4/6/2020,Remote Online Deposit 1,Deposits And Additions,550,"260,786.53",,0,,,
Debit,4/6/2020,04/03 Online Payment 9400971800 To Gabriel Vaughan,Electronic Withdrawals,-295,"260,491.53",,0,,,
Debit,4/6/2020,Quickpay With Zelle Payment To Kitty Hendrix Jpm351343637,Electronic Withdrawals,-295,"260,196.53",,0,,,
Debit,4/6/2020,04/05 Online Payment 9407018676 To Danielle Cohen,Electronic Withdrawals,-295,"259,901.53",,0,,,
Debit,4/6/2020,04/05 Online Payment 9407026113 To Brad Enright,Electronic Withdrawals,-275,"259,626.53",,0,,,
Debit,4/6/2020,04/05 Online Payment 9407032572 To Piper Goodeve,Electronic Withdrawals,-295,"259,331.53",,0,,,
Credit,4/6/2020,Venmo Cashout PPD ID: 5264681992,Deposits And Additions,40,"259,371.53",,0,,,
Debit,4/6/2020,Quickpay With Zelle Payment To Stacy Gonzalez 9407000037,Electronic Withdrawals,-295,"259,076.53",,0,,,
Credit,4/7/2020,Bankcard-8566 Btot Dep 518089424394518 CCD ID: 1592126793,Deposits And Additions,288.75,"259,365.28",,0,,,
Credit,4/9/2020,Bankcard-8566 Btot Dep 518089424394518 CCD ID: 1592126793,Deposits And Additions,247.5,"259,612.78",,0,,,
Debit,4/10/2020,04/10 Online Payment 9430660377 To Anne Hancock,Electronic Withdrawals,-275,"259,337.78",,0,,,
Debit,4/10/2020,Recurring Card Purchase 04/10 Google *Google Storag 855-836-3987 CA Card 0698,Atm & Debit Card Withdrawals,-9.99,"259,327.79",,0,,,
Credit,4/10/2020,Bankcard-8566 Btot Dep 518089424394518 CCD ID: 1592126793,Deposits And Additions,123.75,"259,451.54",,0,,,
Debit,4/10/2020,04/10 Online ACH Payment 5247030723 To Bailey Duquette (_######9908),Electronic Withdrawals,"-3,750.00","255,701.54",,0,,,
Debit,4/10/2020,04/10 Online Payment 9430685754 To Evan Schmitt,Electronic Withdrawals,-295,"255,406.54",,0,,,
Debit,4/10/2020,04/10 Online Payment 9430674785 To Beki Lane,Electronic Withdrawals,-295,"255,111.54",,0,,,
Debit,4/10/2020,04/10 Online Domestic Wire Transfer A/C: Sweatshoppe Productions Inc Jersey City NJ,Electronic Withdrawals,"-10,300.00","244,811.54",,0,,,
Debit,4/10/2020,04/10 Online Payment 9431148008 To Audiofile,Electronic Withdrawals,"-12,070.00","232,741.54",,0,,,
Debit,4/10/2020,04/10 Online ACH Payment 5247029016 To Michele Cobb (_######6800),Electronic Withdrawals,"-8,312.72","224,428.82",,0,,,
Debit,4/10/2020,04/10 Online ACH Payment 5247030577 To Interq (_########5036),Electronic Withdrawals,"-6,000.00","218,428.82",,0,,,
Credit,4/10/2020,Online Transfer From Chk ...7365 Transaction#: 9431902967,Deposits And Additions,"10,300.00","228,728.82",,0,,,
Debit,4/10/2020,Venmo Payment 3332213672 Web ID: 3264681992,Electronic Withdrawals,-56.7,"228,672.12",,0,,,
Debit,4/13/2020,Venmo Payment 3336100721 Web ID: 3264681992,Electronic Withdrawals,-315,"228,357.12",,0,,,
Credit,4/13/2020,Bankcard-8566 Btot Dep 518089424394518 CCD ID: 1592126793,Deposits And Additions,247.5,"228,604.62",,0,,,
Debit,4/13/2020,Recurring Card Purchase 04/13 Stamps.Com 855-608-2677 CA Card 0698,Atm & Debit Card Withdrawals,-19.59,"228,585.03",,0,,,
Debit,4/14/2020,Recurring Card Purchase 04/13 Vbs*Vonage Business 866-901-0242 GA Card 0698,Atm & Debit Card Withdrawals,-83.06,"228,501.97",,0,,,
Credit,4/16/2020,Online Transfer From Chk ...7365 Transaction#: 9461493297,Deposits And Additions,"3,119.98","231,621.95",,0,,,
Debit,4/16/2020,04/16 Online Payment 9461399955 To James D. Sasser,Electronic Withdrawals,-275,"231,346.95",,0,,,
Credit,4/16/2020,Bankcard-8566 Btot Dep 518089424394518 CCD ID: 1592126793,Deposits And Additions,123.75,"231,470.70",,0,,,
Credit,4/17/2020,Bankcard-8566 Btot Dep 518089424394518 CCD ID: 1592126793,Deposits And Additions,618.75,"232,089.45",,0,,,
Credit,4/20/2020,Bankcard-8566 Btot Dep 518089424394518 CCD ID: 1592126793,Deposits And Additions,123.75,"232,213.20",,0,,,
Credit,4/20/2020,Bankcard-8566 Btot Dep 518089424394518 CCD ID: 1592126793,Deposits And Additions,123.75,"232,336.95",,0,,,
Credit,4/20/2020,Credit Return: Online Payment 9354893086 To Fajer AL-Kaisi,Deposits And Additions,275,"232,611.95",,0,,,
Debit,4/21/2020,04/21 Online Payment 9488244626 To Peter Berkrot,Electronic Withdrawals,-275,"232,336.95",,0,,,
Debit,4/21/2020,Quickpay With Zelle Payment To Wendy King Jpm358183431,Electronic Withdrawals,-295,"232,041.95",,0,,,
Debit,4/21/2020,04/21 Online Payment 9488256059 To Tom Campbell,Electronic Withdrawals,-275,"231,766.95",,0,,,
Debit,4/21/2020,04/21 Online Payment 9488234489 To Treecave Creative LLC,Electronic Withdrawals,-550,"231,216.95",,0,,,
Debit,4/22/2020,Venmo Payment 3379654727 Web ID: 3264681992,Electronic Withdrawals,-275,"230,941.95",,0,,,
Debit,4/22/2020,Venmo Payment 3379658264 Web ID: 3264681992,Electronic Withdrawals,-275,"230,666.95",,0,,,
Credit,4/22/2020,Bankcard-8566 Btot Dep 518089424394518 CCD ID: 1592126793,Deposits And Additions,618.75,"231,285.70",,0,,,
Debit,4/23/2020,Quickpay With Zelle Payment To David Stifel Jpm358854868,Electronic Withdrawals,-275,"231,010.70",,0,,,
Debit,4/24/2020,04/24 Online Payment 9501830398 To Leesha Saunders,Electronic Withdrawals,-275,"230,735.70",,0,,,
Debit,4/24/2020,Venmo Payment 3386053597 Web ID: 3264681992,Electronic Withdrawals,-275,"230,460.70",,0,,,
Debit,4/24/2020,04/24 Online Payment 9501853493 To Sybil Johnson,Electronic Withdrawals,-275,"230,185.70",,0,,,
Debit,4/27/2020,Card Purchase 04/26 Zoom.US 888-799-9666 Www.Zoom.US CA Card 0698,Atm & Debit Card Withdrawals,-194.99,"229,990.71",,0,,,
Credit,4/27/2020,Bankcard-8566 Btot Dep 518089424394518 CCD ID: 1592126793,Deposits And Additions,123.75,"230,114.46",,0,,,
Debit,4/28/2020,Recurring Card Purchase 04/27 Eig*Constantcontact.CO 855-2295506 MA Card 0698,Atm & Debit Card Withdrawals,-70.77,"230,043.69",,0,,,
Credit,4/28/2020,Bankcard-8566 Btot Dep 518089424394518 CCD ID: 1592126793,Deposits And Additions,123.75,"230,167.44",,0,,,
Credit,4/29/2020,Bankcard-8566 Mtot Dep 518089424394518 CCD ID: 1592126793,Deposits And Additions,165,"230,332.44",,0,,,
Credit,4/30/2020,Bankcard-8566 Btot Dep 518089424394518 CCD ID: 1592126793,Deposits And Additions,412.5,"230,744.94",,0,,,
Credit,5/1/2020,Credit Return: Online Payment 9400882621 To Joniece Abbott-Pratt,Deposits And Additions,275,"231,019.94",,0,,,
Debit,5/1/2020,Granite Insuranc Portal 4/1/2020 CCD ID: 9Ic3292432,Electronic Withdrawals,"-1,026.33","229,993.61",,0,,,
Debit,5/4/2020,Card Purchase 05/01 Linode.Com 855-4546633 NJ Card 0698,Atm & Debit Card Withdrawals,-55,"229,938.61",,0,,,
Debit,5/4/2020,Bankcard-8566 Mtot Disc 518089424394518 CCD ID: 1592126793,Electronic Withdrawals,-214.26,"229,724.35",,0,,,
Debit,5/4/2020,Venmo Payment 3419410820 Web ID: 3264681992,Electronic Withdrawals,-295,"229,429.35",,0,,,
Credit,5/4/2020,Bankcard-8566 Btot Dep 518089424394518 CCD ID: 1592126793,Deposits And Additions,123.75,"229,553.10",,0,,,
Credit,5/4/2020,Bankcard-8566 Btot Dep 518089424394518 CCD ID: 1592126793,Deposits And Additions,371.25,"229,924.35",,0,,,
Credit,5/4/2020,Bankcard-8566 Btot Dep 518089424394518 CCD ID: 1592126793,Deposits And Additions,371.25,"230,295.60",,0,,,
Debit,5/4/2020,Venmo Payment 3419415046 Web ID: 3264681992,Electronic Withdrawals,-275,"230,020.60",,0,,,
Debit,5/5/2020,Service Charges For The Month of April,Fees,-34.95,"229,985.65",,0,,,
Debit,5/5/2020,05/05 Online ACH Payment 5249186846 To Edison Research (_######4589),Electronic Withdrawals,"-16,000.00","213,985.65",,0,,,
Credit,5/6/2020,Bankcard-8566 Btot Dep 518089424394518 CCD ID: 1592126793,Deposits And Additions,412.5,"214,398.15",,0,,,
Debit,5/7/2020,Quickpay With Zelle Payment To Tina Wolstencroft Jpm365459899,Electronic Withdrawals,-275,"214,123.15",,0,,,
Debit,5/7/2020,05/07 Online Domestic Wire Transfer Via: Bk Amer Nyc/026009593 A/C: Gtn Client Trust,Electronic Withdrawals,-358.74,"213,764.41",,0,,,
Debit,5/7/2020,Quickpay With Zelle Payment To Mike Murray Jpm365455204,Electronic Withdrawals,-275,"213,489.41",,0,,,
Debit,5/11/2020,Recurring Card Purchase 05/10 Google *Google Storag 855-836-3987 CA Card 0698,Atm & Debit Card Withdrawals,-9.99,"213,479.42",,0,,,
Debit,5/11/2020,Bankcard-8566 Btot ADJ 518089424394518 CCD ID: 1592126793,Electronic Withdrawals,-525,"212,954.42",,0,,,
Credit,5/11/2020,Bankcard-8566 Btot Dep 518089424394518 CCD ID: 1592126793,Deposits And Additions,225,"213,179.42",,0,,,
Credit,5/11/2020,Bankcard-8566 Btot Dep 518089424394518 CCD ID: 1592126793,Deposits And Additions,225,"213,404.42",,0,,,
Debit,5/12/2020,Card Purchase 05/11 Web*Networksolutions 888-6429675 FL Card 0698,Atm & Debit Card Withdrawals,-47.97,"213,356.45",,0,,,
Debit,5/12/2020,Quickpay With Zelle Payment To Seth Podowitz Jpm368035061,Electronic Withdrawals,-295,"213,061.45",,0,,,
Debit,5/13/2020,Recurring Card Purchase 05/13 Stamps.Com 855-608-2677 CA Card 0698,Atm & Debit Card Withdrawals,-19.59,"213,041.86",,0,,,
Debit,5/13/2020,"Quickpay With Zelle Payment To Janet Benson, Inc. 9606404295",Electronic Withdrawals,-599.88,"212,441.98",,0,,,
Debit,5/14/2020,05/13 Online Payment 9606415462 To Michael Quinlan,Electronic Withdrawals,-275,"212,166.98",,0,,,
Debit,5/14/2020,Recurring Card Purchase 05/13 Vbs*Vonage Business 866-901-0242 GA Card 0698,Atm & Debit Card Withdrawals,-83.06,"212,083.92",,0,,,
Credit,5/14/2020,Bankcard-8566 Btot Dep 518089424394518 CCD ID: 1592126793,Deposits And Additions,123.75,"212,207.67",,0,,,
Credit,5/18/2020,Credit Return: Online Payment 9178936432 To Girls Write Now,Deposits And Additions,"1,000.00","213,207.67",,0,,,
Debit,5/18/2020,Card Purchase 05/16 Usps Change of Addres 800-238-3150 TN Card 0698,Atm & Debit Card Withdrawals,-1.05,"213,206.62",,0,,,
Debit,5/19/2020,Card Purchase 05/18 Openwater Www.Getopenwa DC Card 0698,Atm & Debit Card Withdrawals,"-8,301.00","204,905.62",,0,,,
Credit,5/20/2020,Orig CO Name:Bankcard-8566 Orig ID:1592126793 Desc Date:200519 CO Entry,Deposits And Additions,123.75,"205,029.37",,0,,,
Debit,5/21/2020,05/21 Online Payment 9647241663 To Ines Del Castillo,Electronic Withdrawals,-295,"204,734.37",,0,,,
Credit,5/21/2020,Orig CO Name:Bankcard-8566 Orig ID:1592126793 Desc Date:200520 CO Entry,Deposits And Additions,165,"204,899.37",,0,,,
Credit,5/22/2020,Orig CO Name:Bankcard-8566 Orig ID:1592126793 Desc Date:200521 CO Entry,Deposits And Additions,123.75,"205,023.12",,0,,,
Debit,5/26/2020,Card Purchase 05/25 Zoom.US 888-799-9666 Www.Zoom.US CA Card 0698,Atm & Debit Card Withdrawals,-194.99,"204,828.13",,0,,,
Credit,5/26/2020,Orig CO Name:Bankcard-8566 Orig ID:1592126793 Desc Date:200524 CO Entry,Deposits And Additions,371.25,"205,199.38",,0,,,
Credit,5/27/2020,Orig CO Name:Bankcard-8566 Orig ID:1592126793 Desc Date:200526 CO Entry,Deposits And Additions,165,"205,364.38",,0,,,
Debit,5/27/2020,"05/27 Online Domestic Wire Transfer Via: Pnc Bank, Ohio/041000124 A/C: Finish Well",Electronic Withdrawals,"-1,250.00","204,114.38",,0,,,
Credit,5/28/2020,Orig CO Name:Bankcard-8566 Orig ID:1592126793 Desc Date:200527 CO Entry,Deposits And Additions,588.75,"204,703.13",,0,,,
Debit,5/29/2020,Recurring Card Purchase 05/28 Eig*Constantcontact.CO 855-2295506 MA Card 0698,Atm & Debit Card Withdrawals,-70.77,"204,632.36",,0,,,
Credit,5/29/2020,Orig CO Name:Bankcard-8566 Orig ID:1592126793 Desc Date:200528 CO Entry,Deposits And Additions,165,"204,797.36",,0,,,
Credit,6/1/2020,Orig CO Name:Bankcard-8566 Orig ID:1592126793 Desc Date:200531 CO Entry,Deposits And Additions,123.75,"204,921.11",,0,,,
Credit,6/1/2020,Orig CO Name:Bankcard-8566 Orig ID:1592126793 Desc Date:200529 CO Entry,Deposits And Additions,348.75,"205,269.86",,0,,,
Credit,6/2/2020,Orig CO Name:Bankcard-8566 Orig ID:1592126793 Desc Date:200601 CO Entry,Deposits And Additions,247.5,"205,517.36",,0,,,
Debit,6/2/2020,Orig CO Name:Bankcard-8566 Orig ID:1592126793 Desc Date:200531 CO Entry,Electronic Withdrawals,-284.51,"205,232.85",,0,,,
Debit,6/2/2020,Card Purchase 06/01 Linode.Com 855-4546633 NJ Card 0698,Atm & Debit Card Withdrawals,-55,"205,177.85",,0,,,
Debit,6/3/2020,Service Charges For The Month of May,Fees,-34.95,"205,142.90",,0,,,
Debit,6/4/2020,Orig CO Name:Bankcard-8566 Orig ID:1592126793 Desc Date:200603 CO Entry,Electronic Withdrawals,-127.5,"205,015.40",,0,,,
Credit,6/5/2020,Orig CO Name:Bankcard-8566 Orig ID:1592126793 Desc Date:200604 CO Entry,Deposits And Additions,"8,275.00","213,290.40",,0,,,
Credit,6/8/2020,Orig CO Name:Bankcard-8566 Orig ID:1592126793 Desc Date:200605 CO Entry,Deposits And Additions,983.75,"214,274.15",,0,,,
Credit,6/8/2020,Orig CO Name:Bankcard-8566 Orig ID:1592126793 Desc Date:200607 CO Entry,Deposits And Additions,210,"214,484.15",,0,,,
Debit,6/8/2020,06/08 Online Payment 9746034009 To Common Mode,Electronic Withdrawals,-590,"213,894.15",,0,,,
Debit,6/8/2020,Recurring Card Purchase 06/05 Fedex 149778241830 Memphis TN Card 0698,Atm & Debit Card Withdrawals,-26.99,"213,867.16",,0,,,
Credit,6/8/2020,Orig CO Name:Bankcard-8566 Orig ID:1592126793 Desc Date:200607 CO Entry,Deposits And Additions,530,"214,397.16",,0,,,
Debit,6/9/2020,06/09 Online Payment 9748731732 To Almond Eastland,Electronic Withdrawals,-295,"214,102.16",,0,,,
Credit,6/9/2020,Orig CO Name:Bankcard-8566 Orig ID:1592126793 Desc Date:200608 CO Entry,Deposits And Additions,333.75,"214,435.91",,0,,,
Credit,6/10/2020,Orig CO Name:Bankcard-8566 Orig ID:1592126793 Desc Date:200609 CO Entry,Deposits And Additions,"3,861.25","218,297.16",,0,,,
Debit,6/10/2020,Recurring Card Purchase 06/10 Google *Google Storag 855-836-3987 CA Card 0698,Atm & Debit Card Withdrawals,-9.99,"218,287.17",,0,,,
Credit,6/11/2020,Orig CO Name:Bankcard-8566 Orig ID:1592126793 Desc Date:200610 CO Entry,Deposits And Additions,"1,427.50","219,714.67",,0,,,
Credit,6/12/2020,Orig CO Name:Bankcard-8566 Orig ID:1592126793 Desc Date:200611 CO Entry,Deposits And Additions,"1,746.25","221,460.92",,0,,,
Debit,6/15/2020,Recurring Card Purchase 06/13 Stamps.Com 855-608-2677 CA Card 0698,Atm & Debit Card Withdrawals,-19.59,"221,441.33",,0,,,
Debit,6/15/2020,Quickpay With Zelle Payment To Joniece Abbott-Pratt Jpm384869351,Electronic Withdrawals,-275,"221,166.33",,0,,,
Credit,6/15/2020,Orig CO Name:Bankcard-8566 Orig ID:1592126793 Desc Date:200612 CO Entry,Deposits And Additions,786.25,"221,952.58",,0,,,
Debit,6/15/2020,Recurring Card Purchase 06/13 Vbs*Vonage Business 866-901-0242 GA Card 0698,Atm & Debit Card Withdrawals,-83.06,"221,869.52",,0,,,
Credit,6/16/2020,Orig CO Name:Bankcard-8566 Orig ID:1592126793 Desc Date:200615 CO Entry,Deposits And Additions,660,"222,529.52",,0,,,
Credit,6/17/2020,Orig CO Name:Bankcard-8566 Orig ID:1592126793 Desc Date:200616 CO Entry,Deposits And Additions,45,"222,574.52",,0,,,
Credit,6/18/2020,Orig CO Name:Bankcard-8566 Orig ID:1592126793 Desc Date:200617 CO Entry,Deposits And Additions,663.75,"223,238.27",,0,,,
Credit,6/22/2020,Orig CO Name:Bankcard-8566 Orig ID:1592126793 Desc Date:200619 CO Entry,Deposits And Additions,465,"223,703.27",,0,,,
Credit,6/22/2020,Orig CO Name:Bankcard-8566 Orig ID:1592126793 Desc Date:200621 CO Entry,Deposits And Additions,543.75,"224,247.02",,0,,,
Credit,6/22/2020,Orig CO Name:Bankcard-8566 Orig ID:1592126793 Desc Date:200621 CO Entry,Deposits And Additions,581.25,"224,828.27",,0,,,
Credit,6/22/2020,Credit Return: Online Payment 9318836403 To Bernstein & Associates,Deposits And Additions,"1,250.00","226,078.27",,0,,,
Credit,6/24/2020,Orig CO Name:Bankcard-8566 Orig ID:1592126793 Desc Date:200623 CO Entry,Deposits And Additions,233.75,"226,312.02",,0,,,
Credit,6/25/2020,Orig CO Name:Bankcard-8566 Orig ID:1592126793 Desc Date:200624 CO Entry,Deposits And Additions,893.75,"227,205.77",,0,,,
Credit,6/26/2020,Orig CO Name:Bankcard-8566 Orig ID:1592126793 Desc Date:200625 CO Entry,Deposits And Additions,"1,462.50","228,668.27",,0,,,
Debit,6/26/2020,Card Purchase 06/25 Zoom.US 888-799-9666 Www.Zoom.US CA Card 0698,Atm & Debit Card Withdrawals,-194.99,"228,473.28",,0,,,
Debit,6/29/2020,06/27 Online Payment 9847044735 To Audere Media,Electronic Withdrawals,"-7,000.00","221,473.28",,0,,,
Debit,6/29/2020,Orig CO Name:Bankcard-8566 Orig ID:1592126793 Desc Date:200628 CO Entry,Electronic Withdrawals,-535,"220,938.28",,0,,,
Debit,6/29/2020,"06/27 Online Payment 9847052348 To Graphic Executions, Inc.",Electronic Withdrawals,"-4,492.18","216,446.10",,0,,,
Debit,6/29/2020,06/27 Online ACH Payment 5254051489 To Michele Cobb (_######6800),Electronic Withdrawals,"-10,566.75","205,879.35",,0,,,
Debit,6/29/2020,Orig CO Name:Venmo Orig ID:3264681992 Desc Date: CO Entry,Electronic Withdrawals,"-2,500.00","203,379.35",,0,,,
Debit,6/29/2020,Recurring Card Purchase 06/27 Eig*Constantcontact.CO 855-2295506 MA Card 0698,Atm & Debit Card Withdrawals,-70.77,"203,308.58",,0,,,
Credit,6/29/2020,Credit Return: Online Payment 9345256901 To Jeff Mack,Deposits And Additions,375,"203,683.58",,0,,,
Credit,6/29/2020,Orig CO Name:Bankcard-8566 Orig ID:1592126793 Desc Date:200628 CO Entry,Deposits And Additions,123.75,"203,807.33",,0,,,
Credit,6/29/2020,Orig CO Name:Bankcard-8566 Orig ID:1592126793 Desc Date:200626 CO Entry,Deposits And Additions,"2,117.50","205,924.83",,0,,,
Credit,6/29/2020,Credit Return: Online Payment 9342058915 To Sean Okane,Deposits And Additions,275,"206,199.83",,0,,,
Credit,6/30/2020,Orig CO Name:Bankcard-8566 Orig ID:1592126793 Desc Date:200629 CO Entry,Deposits And Additions,247.5,"206,447.33",,0,,,
Credit,6/30/2020,Credit Return: Online Payment 9354746420 To Jon Frazier,Deposits And Additions,375,"206,822.33",,0,,,
Credit,7/1/2020,Orig CO Name:Bankcard-8566 Orig ID:1592126793 Desc Date:200630 CO Entry,Deposits And Additions,330,"207,152.33",,0,,,
Credit,7/2/2020,Orig CO Name:Bankcard-8566 Orig ID:1592126793 Desc Date:200701 CO Entry,Deposits And Additions,732.5,"207,884.83",,0,,,
Debit,7/2/2020,Orig CO Name:Bankcard-8566 Orig ID:1592126793 Desc Date:200630 CO Entry,Electronic Withdrawals,"-1,155.05","206,729.78",,0,,,
Debit,7/2/2020,Card Purchase 07/01 Linode.Com 855-4546633 NJ Card 0698,Atm & Debit Card Withdrawals,-55,"206,674.78",,0,,,
Credit,7/3/2020,Orig CO Name:Bankcard-8566 Orig ID:1592126793 Desc Date:200702 CO Entry,Deposits And Additions,"3,085.00","209,759.78",,0,,,
Credit,7/6/2020,Orig CO Name:Bankcard-8566 Orig ID:1592126793 Desc Date:200703 CO Entry,Deposits And Additions,"1,355.00","211,114.78",,0,,,
Debit,7/6/2020,Service Charges For The Month of June,Fees,-34.95,"211,079.83",,0,,,
Credit,7/6/2020,Orig CO Name:Bankcard-8566 Orig ID:1592126793 Desc Date:200705 CO Entry,Deposits And Additions,712.5,"211,792.33",,0,,,
Credit,7/6/2020,Orig CO Name:Bankcard-8566 Orig ID:1592126793 Desc Date:200705 CO Entry,Deposits And Additions,302.5,"212,094.83",,0,,,
Credit,7/7/2020,Orig CO Name:Bankcard-8566 Orig ID:1592126793 Desc Date:200706 CO Entry,Deposits And Additions,715,"212,809.83",,0,,,
Credit,7/8/2020,Orig CO Name:Bankcard-8566 Orig ID:1592126793 Desc Date:200707 CO Entry,Deposits And Additions,"3,975.00","216,784.83",,0,,,
Credit,7/9/2020,Orig CO Name:Bankcard-8566 Orig ID:1592126793 Desc Date:200708 CO Entry,Deposits And Additions,"3,382.50","220,167.33",,0,,,
Credit,7/10/2020,Orig CO Name:Bankcard-8566 Orig ID:1592126793 Desc Date:200709 CO Entry,Deposits And Additions,"1,190.00","221,357.33",,0,,,
Debit,7/10/2020,Recurring Card Purchase 07/10 Google *Google Storag 855-836-3987 CA Card 0698,Atm & Debit Card Withdrawals,-9.99,"221,347.34",,0,,,
Credit,7/13/2020,Orig CO Name:Bankcard-8566 Orig ID:1592126793 Desc Date:200712 CO Entry,Deposits And Additions,82.5,"221,429.84",,0,,,
Credit,7/13/2020,Orig CO Name:Bankcard-8566 Orig ID:1592126793 Desc Date:200710 CO Entry,Deposits And Additions,412.5,"221,842.34",,0,,,
Debit,7/13/2020,Recurring Card Purchase 07/13 Stamps.Com 855-608-2677 CA Card 0698,Atm & Debit Card Withdrawals,-19.59,"221,822.75",,0,,,
Credit,7/13/2020,Orig CO Name:Bankcard-8566 Orig ID:1592126793 Desc Date:200712 CO Entry,Deposits And Additions,"1,732.50","223,555.25",,0,,,
Debit,7/13/2020,"07/13 Online Payment 9936076136 To Graphic Executions, Inc.",Electronic Withdrawals,-697.89,"222,857.36",,0,,,
Debit,7/14/2020,Recurring Card Purchase 07/13 Web*Networksolutions 888-6429675 FL Card 0698,Atm & Debit Card Withdrawals,-75.98,"222,781.38",,0,,,
Credit,7/14/2020,Orig CO Name:Bankcard-8566 Orig ID:1592126793 Desc Date:200713 CO Entry,Deposits And Additions,20,"222,801.38",,0,,,
Debit,7/14/2020,Recurring Card Purchase 07/13 Vbs*Vonage Business 866-901-0242 GA Card 0698,Atm & Debit Card Withdrawals,-83.06,"222,718.32",,0,,,
Credit,7/15/2020,Orig CO Name:Bankcard-8566 Orig ID:1592126793 Desc Date:200714 CO Entry,Deposits And Additions,"3,942.50","226,660.82",,0,,,
Credit,7/16/2020,Orig CO Name:Bankcard-8566 Orig ID:1592126793 Desc Date:200715 CO Entry,Deposits And Additions,"1,025.00","227,685.82",,0,,,
Credit,7/17/2020,Orig CO Name:Bankcard-8566 Orig ID:1592126793 Desc Date:200716 CO Entry,Deposits And Additions,"16,990.00","244,675.82",,0,,,
Credit,7/20/2020,Orig CO Name:Bankcard-8566 Orig ID:1592126793 Desc Date:200719 CO Entry,Deposits And Additions,"2,300.00","246,975.82",,0,,,
Credit,7/20/2020,Online Transfer From Chk ...7365 Transaction#: 9974225368,Deposits And Additions,"10,000.00","256,975.82",,0,,,
Credit,7/20/2020,Orig CO Name:Bankcard-8566 Orig ID:1592126793 Desc Date:200717 CO Entry,Deposits And Additions,"52,045.00","309,020.82",,0,,,
Debit,7/20/2020,07/20 Online Domestic Wire Transfer A/C: Soapy Film Inc. Jersey City NJ 07302-6634 US Trn:,Electronic Withdrawals,"-10,000.00","299,020.82",,0,,,
Credit,7/20/2020,Orig CO Name:Bankcard-8566 Orig ID:1592126793 Desc Date:200719 CO Entry,Deposits And Additions,82.5,"299,103.32",,0,,,
Credit,7/21/2020,Orig CO Name:Bankcard-8566 Orig ID:1592126793 Desc Date:200720 CO Entry,Deposits And Additions,60,"299,163.32",,0,,,
Credit,7/22/2020,Orig CO Name:Bankcard-8566 Orig ID:1592126793 Desc Date:200721 CO Entry,Deposits And Additions,165,"299,328.32",,0,,,
Credit,7/23/2020,Orig CO Name:Bankcard-8566 Orig ID:1592126793 Desc Date:200722 CO Entry,Deposits And Additions,90,"299,418.32",,0,,,
Credit,7/24/2020,Orig CO Name:Bankcard-8566 Orig ID:1592126793 Desc Date:200723 CO Entry,Deposits And Additions,"1,782.50","301,200.82",,0,,,
Debit,7/27/2020,07/27 Online ACH Payment 5256777425 To Interq (_########5036),Electronic Withdrawals,"-6,000.00","295,200.82",,0,,,
Credit,7/27/2020,Orig CO Name:Bankcard-8566 Orig ID:1592126793 Desc Date:200726 CO Entry,Deposits And Additions,82.5,"295,283.32",,0,,,
Credit,7/27/2020,Orig CO Name:Bankcard-8566 Orig ID:1592126793 Desc Date:200724 CO Entry,Deposits And Additions,82.5,"295,365.82",,0,,,
Debit,7/27/2020,Card Purchase 07/25 Zoom.US 888-799-9666 Www.Zoom.US CA Card 0698,Atm & Debit Card Withdrawals,-194.99,"295,170.83",,0,,,
Credit,7/27/2020,Orig CO Name:Bankcard-8566 Orig ID:1592126793 Desc Date:200726 CO Entry,Deposits And Additions,260,"295,430.83",,0,,,
Credit,7/29/2020,Orig CO Name:Bankcard-8566 Orig ID:1592126793 Desc Date:200728 CO Entry,Deposits And Additions,82.5,"295,513.33",,0,,,
Debit,7/29/2020,Recurring Card Purchase 07/28 Eig*Constantcontact.CO 855-2295506 MA Card 0698,Atm & Debit Card Withdrawals,-70.77,"295,442.56",,0,,,
Debit,7/30/2020,07/30 Online Transfer To Chk ...7365 Transaction#: 10028178445,Electronic Withdrawals,-221.49,"295,221.07",,0,,,
Credit,7/30/2020,Orig CO Name:Bankcard-8566 Orig ID:1592126793 Desc Date:200729 CO Entry,Deposits And Additions,165,"295,386.07",,0,,,
Debit,8/3/2020,Orig CO Name:Bankcard-8566 Orig ID:1592126793 Desc Date:200731 CO Entry,Electronic Withdrawals,"-4,356.65","291,029.42",,0,,,
Debit,8/3/2020,Card Purchase 08/01 Linode.Com 855-4546633 NJ Card 0698,Atm & Debit Card Withdrawals,-55,"290,974.42",,0,,,
Credit,8/3/2020,Orig CO Name:Bankcard-8566 Orig ID:1592126793 Desc Date:200802 CO Entry,Deposits And Additions,82.5,"291,056.92",,0,,,
Credit,8/3/2020,Orig CO Name:Bankcard-8566 Orig ID:1592126793 Desc Date:200731 CO Entry,Deposits And Additions,165,"291,221.92",,0,,,
Debit,8/5/2020,Service Charges For The Month of July,Fees,-34.95,"291,186.97",,0,,,
Credit,8/6/2020,Orig CO Name:Bankcard-8566 Orig ID:1592126793 Desc Date:200805 CO Entry,Deposits And Additions,165,"291,351.97",,0,,,
Credit,8/7/2020,Orig CO Name:Bankcard-8566 Orig ID:1592126793 Desc Date:200806 CO Entry,Deposits And Additions,82.5,"291,434.47",,0,,,
Credit,8/10/2020,Orig CO Name:Bankcard-8566 Orig ID:1592126793 Desc Date:200809 CO Entry,Deposits And Additions,160,"291,594.47",,0,,,
Credit,8/10/2020,Orig CO Name:Bankcard-8566 Orig ID:1592126793 Desc Date:200807 CO Entry,Deposits And Additions,242.5,"291,836.97",,0,,,
Credit,8/10/2020,Orig CO Name:Bankcard-8566 Orig ID:1592126793 Desc Date:200809 CO Entry,Deposits And Additions,82.5,"291,919.47",,0,,,
Debit,8/11/2020,Recurring Card Purchase 08/09 Google*Google Storage Internet CA Card 0698,Atm & Debit Card Withdrawals,-9.99,"291,909.48",,0,,,
Credit,8/12/2020,Orig CO Name:Bankcard-8566 Orig ID:1592126793 Desc Date:200811 CO Entry,Deposits And Additions,82.5,"291,991.98",,0,,,
Credit,8/13/2020,Orig CO Name:Bankcard-8566 Orig ID:1592126793 Desc Date:200812 CO Entry,Deposits And Additions,635,"292,626.98",,0,,,
Debit,8/13/2020,Recurring Card Purchase 08/13 Stamps.Com 855-608-2677 CA Card 0698,Atm & Debit Card Withdrawals,-19.59,"292,607.39",,0,,,
Credit,8/14/2020,Orig CO Name:Bankcard-8566 Orig ID:1592126793 Desc Date:200813 CO Entry,Deposits And Additions,82.5,"292,689.89",,0,,,
Debit,8/14/2020,Recurring Card Purchase 08/13 Vbs*Vonage Business 866-901-0242 GA Card 0698,Atm & Debit Card Withdrawals,-84.29,"292,605.60",,0,,,
Credit,8/17/2020,Orig CO Name:Bankcard-8566 Orig ID:1592126793 Desc Date:200814 CO Entry,Deposits And Additions,325,"292,930.60",,0,,,
Debit,8/17/2020,Quickpay With Zelle Payment To Steve Wojtas 10131918165,Electronic Withdrawals,-275,"292,655.60",,0,,,
Credit,8/18/2020,Orig CO Name:Bankcard-8566 Orig ID:1592126793 Desc Date:200817 CO Entry,Deposits And Additions,82.5,"292,738.10",,0,,,
Credit,8/19/2020,Orig CO Name:Bankcard-8566 Orig ID:1592126793 Desc Date:200818 CO Entry,Deposits And Additions,392.5,"293,130.60",,0,,,
Debit,8/20/2020,08/20 Online Payment 10148901546 To Girls Write Now,Electronic Withdrawals,"-1,000.00","292,130.60",,0,,,
Credit,8/20/2020,Orig CO Name:Bankcard-8566 Orig ID:1592126793 Desc Date:200819 CO Entry,Deposits And Additions,247.5,"292,378.10",,0,,,
Credit,8/21/2020,Orig CO Name:Bankcard-8566 Orig ID:1592126793 Desc Date:200820 CO Entry,Deposits And Additions,767.5,"293,145.60",,0,,,
Debit,8/21/2020,08/21 Online Payment 10155329919 To Audiofile,Electronic Withdrawals,-85,"293,060.60",,0,,,
Debit,8/21/2020,08/21 Online ACH Payment 5259453561 To Michele Cobb (_######6800),Electronic Withdrawals,"-6,811.65","286,248.95",,0,,,
Debit,8/21/2020,08/21 Online Payment 10155357811 To Bailey Duquette,Electronic Withdrawals,"-3,750.00","282,498.95",,0,,,
Debit,8/21/2020,08/21 Online ACH Payment 5259453264 To Michele Cobb (_######6800),Electronic Withdrawals,"-6,609.12","275,889.83",,0,,,
Credit,8/24/2020,Orig CO Name:Bankcard-8566 Orig ID:1592126793 Desc Date:200823 CO Entry,Deposits And Additions,82.5,"275,972.33",,0,,,
Debit,8/24/2020,Orig CO Name:Paypal Orig ID:Paypalsi77 Desc Date:200821 CO Entry Descr:Inst,Electronic Withdrawals,"-2,500.00","273,472.33",,0,,,
Credit,8/24/2020,Orig CO Name:Bankcard-8566 Orig ID:1592126793 Desc Date:200823 CO Entry,Deposits And Additions,210,"273,682.33",,0,,,
Credit,8/24/2020,Orig CO Name:Bankcard-8566 Orig ID:1592126793 Desc Date:200821 CO Entry,Deposits And Additions,"1,430.00","275,112.33",,0,,,
Credit,8/25/2020,Orig CO Name:Bankcard-8566 Orig ID:1592126793 Desc Date:200824 CO Entry,Deposits And Additions,420,"275,532.33",,0,,,
Credit,8/26/2020,Orig CO Name:Bankcard-8566 Orig ID:1592126793 Desc Date:200825 CO Entry,Deposits And Additions,247.5,"275,779.83",,0,,,
Credit,8/28/2020,Orig CO Name:Bankcard-8566 Orig ID:1592126793 Desc Date:200827 CO Entry,Deposits And Additions,160,"275,939.83",,0,,,
Credit,8/31/2020,Orig CO Name:Bankcard-8566 Orig ID:1592126793 Desc Date:200830 CO Entry,Deposits And Additions,402.5,"276,342.33",,0,,,
Credit,8/31/2020,Orig CO Name:Bankcard-8566 Orig ID:1592126793 Desc Date:200828 CO Entry,Deposits And Additions,260,"276,602.33",,0,,,
Debit,8/31/2020,Recurring Card Purchase 08/28 Eig*Constantcontact.CO 855-2295506 MA Card 0698,Atm & Debit Card Withdrawals,-70.77,"276,531.56",,0,,,
Debit,9/1/2020,09/01 Online Domestic Wire Transfer A/C: Soapy Film Inc. Jersey City NJ 07302-6634 US Trn:,Electronic Withdrawals,"-10,000.00","266,531.56",,0,,,
Debit,9/2/2020,Orig CO Name:Bankcard-8566 Orig ID:1592126793 Desc Date:200831 CO Entry,Electronic Withdrawals,-337.23,"266,194.33",,0,,,
Debit,9/2/2020,Card Purchase 09/01 Linode.Com 855-4546633 NJ Card 0698,Atm & Debit Card Withdrawals,-59.23,"266,135.10",,0,,,
Credit,9/2/2020,Orig CO Name:Bankcard-8566 Orig ID:1592126793 Desc Date:200901 CO Entry,Deposits And Additions,642.5,"266,777.60",,0,,,
Credit,9/3/2020,Orig CO Name:Bankcard-8566 Orig ID:1592126793 Desc Date:200902 CO Entry,Deposits And Additions,275,"267,052.60",,0,,,
Debit,9/3/2020,Service Charges For The Month of August,Fees,-34.95,"267,017.65",,0,,,
Credit,9/8/2020,Orig CO Name:Bankcard-8566 Orig ID:1592126793 Desc Date:200907 CO Entry,Deposits And Additions,82.5,"267,100.15",,0,,,
Debit,9/8/2020,Recurring Card Purchase 09/04 Web*Networksolutions 888-6429675 FL Card 0698,Atm & Debit Card Withdrawals,-71.97,"267,028.18",,0,,,
Debit,9/8/2020,Card Purchase 09/07 Amazon.Com*Mu0C84971 Amzn.Com/Bill WA Card 0698,Atm & Debit Card Withdrawals,-38.16,"266,990.02",,0,,,
Credit,9/8/2020,Orig CO Name:Bankcard-8566 Orig ID:1592126793 Desc Date:200906 CO Entry,Deposits And Additions,82.5,"267,072.52",,0,,,
Credit,9/8/2020,Orig CO Name:Bankcard-8566 Orig ID:1592126793 Desc Date:200904 CO Entry,Deposits And Additions,845,"267,917.52",,0,,,
Credit,9/8/2020,Orig CO Name:Bankcard-8566 Orig ID:1592126793 Desc Date:200906 CO Entry,Deposits And Additions,320,"268,237.52",,0,,,
Debit,9/9/2020,Card Purchase 09/08 Paypal *Nflgamepass 402-935-7733 NY Card 0698,Atm & Debit Card Withdrawals,-79.99,"268,157.53",,0,,,
Credit,9/9/2020,Remote Online Deposit 1,Deposits And Additions,110,"268,267.53",,0,,,
Credit,9/10/2020,Orig CO Name:Bankcard-8566 Orig ID:1592126793 Desc Date:200909 CO Entry,Deposits And Additions,425,"268,692.53",,0,,,
Credit,9/11/2020,Orig CO Name:Bankcard-8566 Orig ID:1592126793 Desc Date:200910 CO Entry,Deposits And Additions,325,"269,017.53",,0,,,
Debit,9/11/2020,Recurring Card Purchase 09/09 Google*Google Storage Internet CA Card 0698,Atm & Debit Card Withdrawals,-9.99,"269,007.54",,0,,,
Debit,9/14/2020,Recurring Card Purchase 09/13 Vbs*Vonage Business 866-901-0242 GA Card 0698,Atm & Debit Card Withdrawals,-83.78,"268,923.76",,0,,,
Debit,9/14/2020,Recurring Card Purchase 09/13 Stamps.Com 855-608-2677 CA Card 0698,Atm & Debit Card Withdrawals,-19.59,"268,904.17",,0,,,
Credit,9/14/2020,Orig CO Name:Bankcard-8566 Orig ID:1592126793 Desc Date:200913 CO Entry,Deposits And Additions,512.5,"269,416.67",,0,,,
Credit,9/14/2020,Orig CO Name:Bankcard-8566 Orig ID:1592126793 Desc Date:200913 CO Entry,Deposits And Additions,82.5,"269,499.17",,0,,,
Credit,9/14/2020,Orig CO Name:Bankcard-8566 Orig ID:1592126793 Desc Date:200911 CO Entry,Deposits And Additions,480,"269,979.17",,0,,,
Credit,9/15/2020,Orig CO Name:Bankcard-8566 Orig ID:1592126793 Desc Date:200914 CO Entry,Deposits And Additions,110,"270,089.17",,0,,,
Credit,9/16/2020,Orig CO Name:Bankcard-8566 Orig ID:1592126793 Desc Date:200915 CO Entry,Deposits And Additions,82.5,"270,171.67",,0,,,
Credit,9/17/2020,Orig CO Name:Bankcard-8566 Orig ID:1592126793 Desc Date:200916 CO Entry,Deposits And Additions,82.5,"270,254.17",,0,,,
Credit,9/18/2020,Orig CO Name:Bankcard-8566 Orig ID:1592126793 Desc Date:200917 CO Entry,Deposits And Additions,"2,655.00","272,909.17",,0,,,
Credit,9/21/2020,Orig CO Name:Bankcard-8566 Orig ID:1592126793 Desc Date:200920 CO Entry,Deposits And Additions,82.5,"272,991.67",,0,,,
Credit,9/21/2020,Orig CO Name:Bankcard-8566 Orig ID:1592126793 Desc Date:200918 CO Entry,Deposits And Additions,352.5,"273,344.17",,0,,,
Credit,9/22/2020,Orig CO Name:Bankcard-8566 Orig ID:1592126793 Desc Date:200921 CO Entry,Deposits And Additions,247.5,"273,591.67",,0,,,
Credit,9/23/2020,Orig CO Name:Bankcard-8566 Orig ID:1592126793 Desc Date:200922 CO Entry,Deposits And Additions,430,"274,021.67",,0,,,
Credit,9/24/2020,Orig CO Name:Bankcard-8566 Orig ID:1592126793 Desc Date:200923 CO Entry,Deposits And Additions,947.5,"274,969.17",,0,,,
Debit,9/25/2020,09/25 Online Transfer To Chk ...7365 Transaction#: 10350051828,Electronic Withdrawals,"-27,000.00","247,969.17",,0,,,
Credit,9/25/2020,Card Purchase Return 09/24 Zoom.US 888-799-9666 8887999666 CA Card 0698,Deposits And Additions,40,"248,009.17",,0,,,
Credit,9/25/2020,Card Purchase Return 09/24 Zoom.US 888-799-9666 8887999666 CA Card 0698,Deposits And Additions,40,"248,049.17",,0,,,
Credit,9/25/2020,Card Purchase Return 09/24 Zoom.US 888-799-9666 8887999666 CA Card 0698,Deposits And Additions,40,"248,089.17",,0,,,
Credit,9/25/2020,Card Purchase Return 09/24 Zoom.US 888-799-9666 8887999666 CA Card 0698,Deposits And Additions,40,"248,129.17",,0,,,
Credit,9/25/2020,Orig CO Name:Bankcard-8566 Orig ID:1592126793 Desc Date:200924 CO Entry,Deposits And Additions,965,"249,094.17",,0,,,
Credit,9/28/2020,Orig CO Name:Bankcard-8566 Orig ID:1592126793 Desc Date:200925 CO Entry,Deposits And Additions,"3,622.50","252,716.67",,0,,,
Credit,9/28/2020,Orig CO Name:Bankcard-8566 Orig ID:1592126793 Desc Date:200927 CO Entry,Deposits And Additions,545,"253,261.67",,0,,,
Credit,9/28/2020,Orig CO Name:Bankcard-8566 Orig ID:1592126793 Desc Date:200927 CO Entry,Deposits And Additions,330,"253,591.67",,0,,,
Debit,9/28/2020,Recurring Card Purchase 09/27 Eig*Constantcontact.CO 855-2295506 MA Card 0698,Atm & Debit Card Withdrawals,-70.77,"253,520.90",,0,,,
Credit,9/29/2020,Remote Online Deposit 1,Deposits And Additions,"7,920.00","261,440.90",,0,,,
Credit,9/30/2020,Orig CO Name:Bankcard-8566 Orig ID:1592126793 Desc Date:200929 CO Entry,Deposits And Additions,"2,905.00","264,345.90",,0,,,
Credit,10/1/2020,Orig CO Name:Bankcard-8566 Orig ID:1592126793 Desc Date:200930 CO Entry,Deposits And Additions,"2,582.50","266,928.40",,0,,,
Debit,10/2/2020,10/02 Online ACH Payment 5263743551 To Michele Cobb (_######6800),Electronic Withdrawals,"-4,108.99","262,819.41",,0,,,
Debit,10/2/2020,Orig CO Name:Bankcard-8566 Orig ID:1592126793 Desc Date:200930 CO Entry,Electronic Withdrawals,-869.74,"261,949.67",,0,,,
Credit,10/2/2020,Orig CO Name:Bankcard-8566 Orig ID:1592126793 Desc Date:201001 CO Entry,Deposits And Additions,"7,080.00","269,029.67",,0,,,
Debit,10/2/2020,Card Purchase 10/01 Linode.Com 855-4546633 NJ Card 0698,Atm & Debit Card Withdrawals,-30.54,"268,999.13",,0,,,
Credit,10/5/2020,Orig CO Name:Bankcard-8566 Orig ID:1592126793 Desc Date:201004 CO Entry,Deposits And Additions,"2,516.25","271,515.38",,0,,,
Credit,10/5/2020,Online Transfer From Chk ...7365 Transaction#: 10414037847,Deposits And Additions,"4,108.99","275,624.37",,0,,,
Credit,10/5/2020,Orig CO Name:Bankcard-8566 Orig ID:1592126793 Desc Date:201004 CO Entry,Deposits And Additions,375,"275,999.37",,0,,,
Credit,10/5/2020,Online Transfer From Chk ...7851 Transaction#: 10411399938,Deposits And Additions,"4,108.99","280,108.36",,0,,,
Credit,10/5/2020,Orig CO Name:Bankcard-8566 Orig ID:1592126793 Desc Date:201002 CO Entry,Deposits And Additions,"10,635.00","290,743.36",,0,,,
Debit,10/5/2020,Service Charges For The Month of September,Fees,-34.95,"290,708.41",,0,,,
Debit,10/5/2020,10/05 Online Transfer To Chk ...7851 Transaction#: 10414036546,Electronic Withdrawals,"-4,108.99","286,599.42",,0,,,
Debit,10/6/2020,10/05 Online ACH Payment 5263960184 To Michele Cobb (_######6800),Electronic Withdrawals,"-5,273.36","281,326.06",,0,,,
Debit,10/6/2020,10/05 Online ACH Payment 5263960206 To Michele Cobb (_######6800),Electronic Withdrawals,"-4,784.98","276,541.08",,0,,,
Debit,10/7/2020,Quickpay With Zelle Payment To Terry Bernstein 10414719068,Electronic Withdrawals,"-1,250.00","275,291.08",,0,,,
Debit,10/7/2020,Quickpay With Zelle Payment To Terry Bernstein 10414722454,Electronic Withdrawals,"-1,250.00","274,041.08",,0,,,
Debit,10/7/2020,10/07 Online Payment 10414713499 To Bailey Duquette,Electronic Withdrawals,"-3,750.00","270,291.08",,0,,,
Debit,10/7/2020,10/07 Online Payment 10414713527 To The Refinery,Electronic Withdrawals,"-2,437.50","267,853.58",,0,,,
Debit,10/7/2020,10/07 Online Payment 10414713520 To L Marques,Electronic Withdrawals,-750,"267,103.58",,0,,,
Credit,10/7/2020,Orig CO Name:Bankcard-8566 Orig ID:1592126793 Desc Date:201006 CO Entry,Deposits And Additions,412.5,"267,516.08",,0,,,
Debit,10/7/2020,Quickpay With Zelle Payment To Terry Bernstein 10414720225,Electronic Withdrawals,"-1,250.00","266,266.08",,0,,,
Credit,10/8/2020,Orig CO Name:Bankcard-8566 Orig ID:1592126793 Desc Date:201007 CO Entry,Deposits And Additions,"8,020.00","274,286.08",,0,,,
Credit,10/9/2020,Orig CO Name:Bankcard-8566 Orig ID:1592126793 Desc Date:201008 CO Entry,Deposits And Additions,206.25,"274,492.33",,0,,,
Credit,10/13/2020,Orig CO Name:Bankcard-8566 Orig ID:1592126793 Desc Date:201011 CO Entry,Deposits And Additions,416.25,"274,908.58",,0,,,
Credit,10/13/2020,Orig CO Name:Bankcard-8566 Orig ID:1592126793 Desc Date:201011 CO Entry,Deposits And Additions,210,"275,118.58",,0,,,
Credit,10/13/2020,Orig CO Name:Bankcard-8566 Orig ID:1592126793 Desc Date:201009 CO Entry,Deposits And Additions,220,"275,338.58",,0,,,
Debit,10/13/2020,Recurring Card Purchase 10/09 Google*Google Storage Internet CA Card 0698,Atm & Debit Card Withdrawals,-9.99,"275,328.59",,0,,,
Debit,10/13/2020,Card Purchase 10/12 Greatamerican 800-847-4357 OH Card 0698,Atm & Debit Card Withdrawals,-536,"274,792.59",,0,,,
Debit,10/13/2020,Recurring Card Purchase 10/13 Stamps.Com 855-608-2677 CA Card 0698,Atm & Debit Card Withdrawals,-19.59,"274,773.00",,0,,,
Credit,10/14/2020,Orig CO Name:Bankcard-8566 Orig ID:1592126793 Desc Date:201013 CO Entry,Deposits And Additions,577.5,"275,350.50",,0,,,
Debit,10/14/2020,Recurring Card Purchase 10/13 Vbs*Vonage Business 866-901-0242 GA Card 0698,Atm & Debit Card Withdrawals,-83.81,"275,266.69",,0,,,
Credit,10/15/2020,Orig CO Name:Bankcard-8566 Orig ID:1592126793 Desc Date:201014 CO Entry,Deposits And Additions,801.25,"276,067.94",,0,,,
Credit,10/16/2020,Orig CO Name:Bankcard-8566 Orig ID:1592126793 Desc Date:201015 CO Entry,Deposits And Additions,466.25,"276,534.19",,0,,,
Credit,10/19/2020,Orig CO Name:Bankcard-8566 Orig ID:1592126793 Desc Date:201018 CO Entry,Deposits And Additions,260,"276,794.19",,0,,,
Credit,10/19/2020,Orig CO Name:Bankcard-8566 Orig ID:1592126793 Desc Date:201016 CO Entry,Deposits And Additions,"1,212.50","278,006.69",,0,,,
Credit,10/22/2020,Orig CO Name:Bankcard-8566 Orig ID:1592126793 Desc Date:201021 CO Entry,Deposits And Additions,206.25,"278,212.94",,0,,,
Credit,10/23/2020,Orig CO Name:Bankcard-8566 Orig ID:1592126793 Desc Date:201022 CO Entry,Deposits And Additions,371.25,"278,584.19",,0,,,
Credit,10/26/2020,Orig CO Name:Bankcard-8566 Orig ID:1592126793 Desc Date:201023 CO Entry,Deposits And Additions,"1,155.00","279,739.19",,0,,,
Credit,10/26/2020,Orig CO Name:Bankcard-8566 Orig ID:1592126793 Desc Date:201025 CO Entry,Deposits And Additions,206.25,"279,945.44",,0,,,
Credit,10/27/2020,Orig CO Name:Bankcard-8566 Orig ID:1592126793 Desc Date:201026 CO Entry,Deposits And Additions,206.25,"280,151.69",,0,,,
Credit,10/28/2020,Orig CO Name:Bankcard-8566 Orig ID:1592126793 Desc Date:201027 CO Entry,Deposits And Additions,206.25,"280,357.94",,0,,,
Credit,10/29/2020,Orig CO Name:Bankcard-8566 Orig ID:1592126793 Desc Date:201028 CO Entry,Deposits And Additions,206.25,"280,564.19",,0,,,
Debit,10/29/2020,Recurring Card Purchase 10/28 Eig*Constantcontact.CO 855-2295506 MA Card 0698,Atm & Debit Card Withdrawals,-70.77,"280,493.42",,0,,,
Debit,10/29/2020,Recurring Card Purchase 10/28 Web*Networksolutions 888-6429675 FL Card 0698,Atm & Debit Card Withdrawals,-39.99,"280,453.43",,0,,,
Credit,10/30/2020,Orig CO Name:Bankcard-8566 Orig ID:1592126793 Desc Date:201029 CO Entry,Deposits And Additions,412.5,"280,865.93",,0,,,
Debit,11/2/2020,Orig CO Name:Bankcard-8566 Orig ID:1592126793 Desc Date:201031 CO Entry,Electronic Withdrawals,"-1,691.63","279,174.30",,0,,,
Debit,11/2/2020,Card Purchase 11/01 Linode.Com 855-4546633 NJ Card 0698,Atm & Debit Card Withdrawals,-30,"279,144.30",,0,,,
Credit,11/2/2020,Orig CO Name:Bankcard-8566 Orig ID:1592126793 Desc Date:201031 CO Entry,Deposits And Additions,786.25,"279,930.55",,0,,,
Credit,11/2/2020,Orig CO Name:Bankcard-8566 Orig ID:1592126793 Desc Date:201030 CO Entry,Deposits And Additions,580,"280,510.55",,0,,,
Credit,11/3/2020,Orig CO Name:Bankcard-8566 Orig ID:1592126793 Desc Date:201102 CO Entry,Deposits And Additions,206.25,"280,716.80",,0,,,
Debit,11/4/2020,Card Purchase 11/03 Audible*283Lj2Ep2 Amzn.Com/Bill NJ Card 0698,Atm & Debit Card Withdrawals,-7.95,"280,708.85",,0,,,
Debit,11/4/2020,Service Charges For The Month of October,Fees,-34.95,"280,673.90",,0,,,
Credit,11/4/2020,Orig CO Name:Bankcard-8566 Orig ID:1592126793 Desc Date:201103 CO Entry,Deposits And Additions,206.25,"280,880.15",,0,,,
Credit,11/5/2020,Orig CO Name:Bankcard-8566 Orig ID:1592126793 Desc Date:201104 CO Entry,Deposits And Additions,206.25,"281,086.40",,0,,,
Debit,11/6/2020,Card Purchase 11/05 Audible*281398G92 Amzn.Com/Bill NJ Card 0698,Atm & Debit Card Withdrawals,-7.95,"281,078.45",,0,,,
Debit,11/9/2020,Card Purchase 11/09 Audible*2817838H2 Amzn.Com/Bill NJ Card 0698,Atm & Debit Card Withdrawals,-7.95,"281,070.50",,0,,,
Credit,11/9/2020,Remote Online Deposit 1,Deposits And Additions,"4,120.00","285,190.50",,0,,,
Credit,11/9/2020,Remote Online Deposit 1,Deposits And Additions,160,"285,350.50",,0,,,
Debit,11/10/2020,11/09 Online ACH Payment 5267568648 To Michele Cobb (_######6800),Electronic Withdrawals,"-4,810.56","280,539.94",,0,,,
Credit,11/12/2020,Orig CO Name:Bankcard-8566 Orig ID:1592126793 Desc Date:201110 CO Entry,Deposits And Additions,"1,661.25","282,201.19",,0,,,
Credit,11/12/2020,Orig CO Name:Bankcard-8566 Orig ID:1592126793 Desc Date:201111 CO Entry,Deposits And Additions,206.25,"282,407.44",,0,,,
Debit,11/12/2020,Recurring Card Purchase 11/10 Google*Google Storage Internet CA Card 0698,Atm & Debit Card Withdrawals,-9.99,"282,397.45",,0,,,
Debit,11/12/2020,Card Purchase 11/11 J2 Efax Services 323-817-3205 CA Card 0698,Atm & Debit Card Withdrawals,-26.95,"282,370.50",,0,,,
Credit,11/13/2020,Orig CO Name:Bankcard-8566 Orig ID:1592126793 Desc Date:201112 CO Entry,Deposits And Additions,"1,665.00","284,035.50",,0,,,
Credit,11/13/2020,Online Transfer From Chk ...7365 Transaction#: 10636600499,Deposits And Additions,"3,470.00","287,505.50",,0,,,
Debit,11/13/2020,Recurring Card Purchase 11/13 Stamps.Com 855-608-2677 CA Card 0698,Atm & Debit Card Withdrawals,-19.59,"287,485.91",,0,,,
Debit,11/13/2020,11/13 Online Domestic Wire Transfer Via: Fst Rep Bk Sf/321081669 A/C: Lifelike Productions,Electronic Withdrawals,"-3,470.00","284,015.91",,0,,,
Credit,11/16/2020,Orig CO Name:Bankcard-8566 Orig ID:1592126793 Desc Date:201113 CO Entry,Deposits And Additions,206.25,"284,222.16",,0,,,
Debit,11/16/2020,Recurring Card Purchase 11/13 Vbs*Vonage Business 866-901-0242 GA Card 0698,Atm & Debit Card Withdrawals,-83.81,"284,138.35",,0,,,
Credit,11/16/2020,Orig CO Name:Bankcard-8566 Orig ID:1592126793 Desc Date:201115 CO Entry,Deposits And Additions,206.25,"284,344.60",,0,,,
Credit,11/17/2020,Orig CO Name:Bankcard-8566 Orig ID:1592126793 Desc Date:201116 CO Entry,Deposits And Additions,495,"284,839.60",,0,,,
Debit,11/18/2020,Orig CO Name:Yourmembership A Orig ID:1900278160 Desc Date:201117 CO Entry,Electronic Withdrawals,"-7,414.70","277,424.90",,0,,,
Credit,11/18/2020,Orig CO Name:Bankcard-8566 Orig ID:1592126793 Desc Date:201117 CO Entry,Deposits And Additions,"29,260.00","306,684.90",,0,,,
Credit,11/19/2020,Orig CO Name:Bankcard-8566 Orig ID:1592126793 Desc Date:201118 CO Entry,Deposits And Additions,"4,342.50","311,027.40",,0,,,
Debit,11/20/2020,11/20 Online Domestic Wire Transfer Via: Cy Natl Bk LA/122016066 A/C: United Talent Agency,Electronic Withdrawals,"-2,500.00","308,527.40",,0,,,
Credit,11/20/2020,Orig CO Name:Bankcard-8566 Orig ID:1592126793 Desc Date:201119 CO Entry,Deposits And Additions,"9,921.25","318,448.65",,0,,,
Debit,11/20/2020,Orig CO Name:Bankcard-8566 Orig ID:1592126793 Desc Date:201119 CO Entry,Electronic Withdrawals,"-7,300.00","311,148.65",,0,,,
Credit,11/23/2020,Orig CO Name:Bankcard-8566 Orig ID:1592126793 Desc Date:201122 CO Entry,Deposits And Additions,330,"311,478.65",,0,,,
Credit,11/23/2020,Orig CO Name:Bankcard-8566 Orig ID:1592126793 Desc Date:201120 CO Entry,Deposits And Additions,"1,590.00","313,068.65",,0,,,
Credit,11/23/2020,Orig CO Name:Bankcard-8566 Orig ID:1592126793 Desc Date:201122 CO Entry,Deposits And Additions,"2,696.25","315,764.90",,0,,,
Debit,11/24/2020,Orig CO Name:Bankcard-8566 Orig ID:1592126793 Desc Date:201123 CO Entry,Electronic Withdrawals,-121.25,"315,643.65",,0,,,
Credit,11/25/2020,Orig CO Name:Bankcard-8566 Orig ID:1592126793 Desc Date:201124 CO Entry,Deposits And Additions,"8,590.00","324,233.65",,0,,,
Credit,11/27/2020,Orig CO Name:Bankcard-8566 Orig ID:1592126793 Desc Date:201126 CO Entry,Deposits And Additions,165,"324,398.65",,0,,,
Credit,11/27/2020,Orig CO Name:Bankcard-8566 Orig ID:1592126793 Desc Date:201125 CO Entry,Deposits And Additions,825,"325,223.65",,0,,,
Debit,11/30/2020,Card Purchase With Pin 11/28 Usps PO 41126807 1620 Chadds Ford PA Card 0698,Atm & Debit Card Withdrawals,-73.75,"325,149.90",,0,,,
Credit,11/30/2020,Orig CO Name:Bankcard-8566 Orig ID:1592126793 Desc Date:201129 CO Entry,Deposits And Additions,225,"325,374.90",,0,,,
Debit,11/30/2020,Card Purchase With Pin 11/28 Usps PO 41126807 1620 Chadds Ford PA Card 0698,Atm & Debit Card Withdrawals,-1.79,"325,373.11",,0,,,
Debit,11/30/2020,Recurring Card Purchase 11/27 Eig*Constantcontact.CO 855-2295506 MA Card 0698,Atm & Debit Card Withdrawals,-70.77,"325,302.34",,0,,,
Credit,11/30/2020,Orig CO Name:Bankcard-8566 Orig ID:1592126793 Desc Date:201129 CO Entry,Deposits And Additions,495,"325,797.34",,0,,,
Credit,12/1/2020,Orig CO Name:Bankcard-8566 Orig ID:1592126793 Desc Date:201130 CO Entry,Deposits And Additions,990,"326,787.34",,0,,,
Credit,12/2/2020,Orig CO Name:Bankcard-8566 Orig ID:1592126793 Desc Date:201201 CO Entry,Deposits And Additions,866.25,"327,653.59",,0,,,
Debit,12/2/2020,Card Purchase 12/01 Linode.Com 855-4546633 NJ Card 0698,Atm & Debit Card Withdrawals,-30,"327,623.59",,0,,,
Debit,12/2/2020,Orig CO Name:Bankcard-8566 Orig ID:1592126793 Desc Date:201130 CO Entry,Electronic Withdrawals,"-2,840.97","324,782.62",,0,,,
Debit,12/3/2020,Service Charges For The Month of November,Fees,-34.95,"324,747.67",,0,,,
Credit,12/3/2020,Orig CO Name:Bankcard-8566 Orig ID:1592126793 Desc Date:201202 CO Entry,Deposits And Additions,795,"325,542.67",,0,,,
Debit,12/4/2020,Card Purchase 12/03 Audible*Uc96763D3 Amzn.Com/Bill NJ Card 0698,Atm & Debit Card Withdrawals,-7.95,"325,534.72",,0,,,
Credit,12/4/2020,Orig CO Name:Bankcard-8566 Orig ID:1592126793 Desc Date:201203 CO Entry,Deposits And Additions,795,"326,329.72",,0,,,
Credit,12/7/2020,Orig CO Name:Bankcard-8566 Orig ID:1592126793 Desc Date:201206 CO Entry,Deposits And Additions,"1,830.00","328,159.72",,0,,,
Credit,12/7/2020,Orig CO Name:Bankcard-8566 Orig ID:1592126793 Desc Date:201206 CO Entry,Deposits And Additions,330,"328,489.72",,0,,,
Credit,12/7/2020,Orig CO Name:Bankcard-8566 Orig ID:1592126793 Desc Date:201204 CO Entry,Deposits And Additions,536.25,"329,025.97",,0,,,
Debit,12/7/2020,Card Purchase 12/05 Audible*Op5Iu1H93 Amzn.Com/Bill NJ Card 0698,Atm & Debit Card Withdrawals,-7.95,"329,018.02",,0,,,
Debit,12/7/2020,Quickpay With Zelle Payment To Suzanne Freeman Jpm485575199,Electronic Withdrawals,-212.69,"328,805.33",,0,,,
Credit,12/8/2020,Orig CO Name:Bankcard-8566 Orig ID:1592126793 Desc Date:201207 CO Entry,Deposits And Additions,"2,790.00","331,595.33",,0,,,
Credit,12/9/2020,Orig CO Name:Bankcard-8566 Orig ID:1592126793 Desc Date:201208 CO Entry,Deposits And Additions,"2,130.00","333,725.33",,0,,,
Credit,12/10/2020,Orig CO Name:Bankcard-8566 Orig ID:1592126793 Desc Date:201209 CO Entry,Deposits And Additions,701.25,"334,426.58",,0,,,
Debit,12/10/2020,Card Purchase 12/09 Audible*272266Wd3 Amzn.Com/Bill NJ Card 0698,Atm & Debit Card Withdrawals,-7.95,"334,418.63",,0,,,
Debit,12/10/2020,Recurring Card Purchase 12/10 Google *Google Storag 855-836-3987 CA Card 0698,Atm & Debit Card Withdrawals,-9.99,"334,408.64",,0,,,
Debit,12/10/2020,Recurring Card Purchase 12/10 J2 Efax Services 323-817-3205 CA Card 0698,Atm & Debit Card Withdrawals,-16.95,"334,391.69",,0,,,
Credit,12/11/2020,Orig CO Name:Bankcard-8566 Orig ID:1592126793 Desc Date:201210 CO Entry,Deposits And Additions,"2,940.00","337,331.69",,0,,,
Debit,12/11/2020,12/11 Online Payment 10799186101 To Audere Media,Electronic Withdrawals,-500,"336,831.69",,0,,,
Credit,12/14/2020,Orig CO Name:Bankcard-8566 Orig ID:1592126793 Desc Date:201211 CO Entry,Deposits And Additions,206.25,"337,037.94",,0,,,
Credit,12/14/2020,Orig CO Name:Bankcard-8566 Orig ID:1592126793 Desc Date:201213 CO Entry,Deposits And Additions,300,"337,337.94",,0,,,
Debit,12/14/2020,Recurring Card Purchase 12/13 Vbs*Vonage Business 866-901-0242 GA Card 0698,Atm & Debit Card Withdrawals,-84.05,"337,253.89",,0,,,
Debit,12/14/2020,Recurring Card Purchase 12/13 Stamps.Com 855-608-2677 CA Card 0698,Atm & Debit Card Withdrawals,-19.59,"337,234.30",,0,,,
Credit,12/14/2020,Orig CO Name:Bankcard-8566 Orig ID:1592126793 Desc Date:201213 CO Entry,Deposits And Additions,"5,165.00","342,399.30",,0,,,
Credit,12/16/2020,Orig CO Name:Bankcard-8566 Orig ID:1592126793 Desc Date:201215 CO Entry,Deposits And Additions,"7,465.00","349,864.30",,0,,,
Credit,12/16/2020,Remote Online Deposit 1,Deposits And Additions,"8,800.00","358,664.30",,0,,,
Credit,12/16/2020,Remote Online Deposit 1,Deposits And Additions,"7,300.00","365,964.30",,0,,,
Credit,12/16/2020,Remote Online Deposit 1,Deposits And Additions,"7,300.00","373,264.30",,0,,,
Credit,12/16/2020,Remote Online Deposit 1,Deposits And Additions,330,"373,594.30",,0,,,
Credit,12/17/2020,Remote Online Deposit 1,Deposits And Additions,"5,390.00","378,984.30",,0,,,
Credit,12/17/2020,Orig CO Name:Bankcard-8566 Orig ID:1592126793 Desc Date:201216 CO Entry,Deposits And Additions,"1,641.25","380,625.55",,0,,,
Debit,12/18/2020,Card Purchase 12/18 Audible*Yu2Ly4Gw3 Amzn.Com/Bill NJ Card 0698,Atm & Debit Card Withdrawals,-7.95,"380,617.60",,0,,,
Credit,12/18/2020,Orig CO Name:Bankcard-8566 Orig ID:1592126793 Desc Date:201217 CO Entry,Deposits And Additions,701.25,"381,318.85",,0,,,
Debit,12/18/2020,Card Purchase 12/18 Audible*Cb6S37R33 Amzn.Com/Bill NJ Card 0698,Atm & Debit Card Withdrawals,-7.95,"381,310.90",,0,,,
Credit,12/21/2020,Orig CO Name:Bankcard-8566 Orig ID:1592126793 Desc Date:201218 CO Entry,Deposits And Additions,"2,160.00","383,470.90",,0,,,
Debit,12/21/2020,Orig CO Name:Bankcard-8566 Orig ID:1592126793 Desc Date:201220 CO Entry,Electronic Withdrawals,-275,"383,195.90",,0,,,
Credit,12/21/2020,"Fedwire Credit Via: Bank of America, N.A./026009593 B/O: Soundwalk Collective Ltd",Deposits And Additions,"1,040.00","384,235.90",,0,,,
Credit,12/21/2020,Orig CO Name:Bankcard-8566 Orig ID:1592126793 Desc Date:201220 CO Entry,Deposits And Additions,371.25,"384,607.15",,0,,,
Credit,12/21/2020,Orig CO Name:Bankcard-8566 Orig ID:1592126793 Desc Date:201220 CO Entry,Deposits And Additions,"5,742.50","390,349.65",,0,,,
Credit,12/23/2020,Orig CO Name:Bankcard-8566 Orig ID:1592126793 Desc Date:201222 CO Entry,Deposits And Additions,165,"390,514.65",,0,,,
Credit,12/24/2020,Orig CO Name:Bankcard-8566 Orig ID:1592126793 Desc Date:201223 CO Entry,Deposits And Additions,836.25,"391,350.90",,0,,,
Credit,12/28/2020,Orig CO Name:Bankcard-8566 Orig ID:1592126793 Desc Date:201224 CO Entry,Deposits And Additions,465,"391,815.90",,0,,,
Credit,12/28/2020,Orig CO Name:Bankcard-8566 Orig ID:1592126793 Desc Date:201225 CO Entry,Deposits And Additions,"1,800.00","393,615.90",,0,,,
Credit,12/29/2020,Orig CO Name:Bankcard-8566 Orig ID:1592126793 Desc Date:201228 CO Entry,Deposits And Additions,465,"394,080.90",,0,,,
Debit,12/29/2020,Recurring Card Purchase 12/28 Eig*Constantcontact.CO 855-2295506 MA Card 0698,Atm & Debit Card Withdrawals,-70.77,"394,010.13",,0,,,
Debit,12/30/2020,12/30 Online ACH Payment 5272964429 To Michele Cobb (_######6800),Electronic Withdrawals,"-4,810.56","389,199.57",,0,,,
Debit,12/30/2020,12/30 Online ACH Payment 5272964468 To Michele Cobb (_######6800),Electronic Withdrawals,"-4,700.00","384,499.57",,0,,,
Credit,12/30/2020,Orig CO Name:Overdrive Orig ID:9111052000 Desc Date: CO Entry,Deposits And Additions,300,"384,799.57",,0,,,
Credit,12/30/2020,Orig CO Name:Bankcard-8566 Orig ID:1592126793 Desc Date:201229 CO Entry,Deposits And Additions,825,"385,624.57",,0,,,
Credit,12/31/2020,Orig CO Name:Bankcard-8566 Orig ID:1592126793 Desc Date:201230 CO Entry,Deposits And Additions,"1,650.00","387,274.57",,0,,,
Credit,1/4/2021,Orig CO Name:Bankcard-8566 Orig ID:1592126793 Desc Date:210103 CO Entry,Deposits And Additions,"1,320.00","388,594.57",,0,,,
Credit,1/4/2021,Orig CO Name:Bankcard-8566 Orig ID:1592126793 Desc Date:210101 CO Entry,Deposits And Additions,"2,685.00","391,279.57",,0,,,
Credit,1/4/2021,Orig CO Name:Bankcard-8566 Orig ID:1592126793 Desc Date:201231 CO Entry,Deposits And Additions,"13,901.25","405,180.82",,0,,,
Credit,1/4/2021,Orig CO Name:Bankcard-8566 Orig ID:1592126793 Desc Date:210103 CO Entry,Deposits And Additions,"1,125.00","406,305.82",,0,,,
Debit,1/4/2021,Orig CO Name:Bankcard-8566 Orig ID:1592126793 Desc Date:201231 CO Entry,Electronic Withdrawals,"-2,404.17","403,901.65",,0,,,
Debit,1/4/2021,Card Purchase 01/01 Linode.Com 855-4546633 NJ Card 0698,Atm & Debit Card Withdrawals,-30,"403,871.65",,0,,,
Credit,1/5/2021,Orig CO Name:Bankcard-8566 Orig ID:1592126793 Desc Date:210104 CO Entry,Deposits And Additions,495,"404,366.65",,0,,,
Credit,1/6/2021,Orig CO Name:Bankcard-8566 Orig ID:1592126793 Desc Date:210105 CO Entry,Deposits And Additions,"12,940.00","417,306.65",,0,,,
Debit,1/6/2021,Service Charges For The Month of December,Fees,-34.95,"417,271.70",,0,,,
Credit,1/7/2021,Orig CO Name:Bankcard-8566 Orig ID:1592126793 Desc Date:210106 CO Entry,Deposits And Additions,"2,250.00","419,521.70",,0,,,
Credit,1/8/2021,Orig CO Name:Bankcard-8566 Orig ID:1592126793 Desc Date:210107 CO Entry,Deposits And Additions,"10,990.00","430,511.70",,0,,,
Debit,1/11/2021,Recurring Card Purchase 01/10 Google *Google Storag 855-836-3987 CA Card 0698,Atm & Debit Card Withdrawals,-9.99,"430,501.71",,0,,,
Debit,1/11/2021,Recurring Card Purchase 01/10 J2 Efax Services 323-817-3205 CA Card 0698,Atm & Debit Card Withdrawals,-16.95,"430,484.76",,0,,,
Credit,1/11/2021,Orig CO Name:Bankcard-8566 Orig ID:1592126793 Desc Date:210110 CO Entry,Deposits And Additions,995,"431,479.76",,0,,,
Credit,1/11/2021,Orig CO Name:Bankcard-8566 Orig ID:1592126793 Desc Date:210108 CO Entry,Deposits And Additions,"6,875.00","438,354.76",,0,,,
Credit,1/11/2021,Orig CO Name:Bankcard-8566 Orig ID:1592126793 Desc Date:210110 CO Entry,Deposits And Additions,"3,315.00","441,669.76",,0,,,
Credit,1/12/2021,Orig CO Name:Bankcard-8566 Orig ID:1592126793 Desc Date:210111 CO Entry,Deposits And Additions,165,"441,834.76",,0,,,
Credit,1/13/2021,Orig CO Name:Podium Publishin Orig ID:1204895317 Desc Date: CO Entry,Deposits And Additions,"4,800.00","446,634.76",,0,,,
Credit,1/13/2021,Orig CO Name:Bankcard-8566 Orig ID:1592126793 Desc Date:210112 CO Entry,Deposits And Additions,"1,810.00","448,444.76",,0,,,
Debit,1/13/2021,Recurring Card Purchase 01/13 Stamps.Com 855-608-2677 CA Card 0698,Atm & Debit Card Withdrawals,-19.59,"448,425.17",,0,,,
Debit,1/14/2021,Recurring Card Purchase 01/13 Vbs*Vonage Business 866-901-0242 GA Card 0698,Atm & Debit Card Withdrawals,-84.56,"448,340.61",,0,,,
Credit,1/14/2021,Orig CO Name:Bankcard-8566 Orig ID:1592126793 Desc Date:210113 CO Entry,Deposits And Additions,"9,345.00","457,685.61",,0,,,
Credit,1/15/2021,Orig CO Name:Bankcard-8566 Orig ID:1592126793 Desc Date:210114 CO Entry,Deposits And Additions,"2,775.00","460,460.61",,0,,,
Credit,1/15/2021,Book Transfer Credit B/O: Custom House Financial (Uk) Ltd Denver CO 80237- US,Deposits And Additions,"1,500.00","461,960.61",,0,,,
Credit,1/19/2021,Orig CO Name:Bankcard-8566 Orig ID:1592126793 Desc Date:210117 CO Entry,Deposits And Additions,"2,695.00","464,655.61",,0,,,
Debit,1/19/2021,01/17 Online Transfer To Chk ...7365 Transaction#: 11018426653,Electronic Withdrawals,-703.62,"463,951.99",,0,,,
Credit,1/19/2021,Orig CO Name:Bankcard-8566 Orig ID:1592126793 Desc Date:210117 CO Entry,Deposits And Additions,"1,025.00","464,976.99",,0,,,
Credit,1/19/2021,Remote Online Deposit 1,Deposits And Additions,"7,300.00","472,276.99",,0,,,
Debit,1/19/2021,Card Purchase 01/18 Audible*715Ex1A13 Amzn.Com/Bill NJ Card 0698,Atm & Debit Card Withdrawals,-7.95,"472,269.04",,0,,,
Debit,1/19/2021,Card Purchase 01/18 Audible*723Xf6Ef3 Amzn.Com/Bill NJ Card 0698,Atm & Debit Card Withdrawals,-7.95,"472,261.09",,0,,,
Debit,1/19/2021,Card Purchase With Pin 01/16 Usps PO 35404502 7975 Hunter NY Card 0698,Atm & Debit Card Withdrawals,-66.72,"472,194.37",,0,,,
Credit,1/19/2021,Orig CO Name:Bankcard-8566 Orig ID:1592126793 Desc Date:210115 CO Entry,Deposits And Additions,"2,660.00","474,854.37",,0,,,
Credit,1/19/2021,Remote Online Deposit 1,Deposits And Additions,"3,000.00","477,854.37",,0,,,
Credit,1/19/2021,Orig CO Name:Bankcard-8566 Orig ID:1592126793 Desc Date:210118 CO Entry,Deposits And Additions,580,"478,434.37",,0,,,
Credit,1/19/2021,Remote Online Deposit 1,Deposits And Additions,"7,300.00","485,734.37",,0,,,
Credit,1/19/2021,Remote Online Deposit 1,Deposits And Additions,300,"486,034.37",,0,,,
Credit,1/19/2021,Remote Online Deposit 1,Deposits And Additions,"3,000.00","489,034.37",,0,,,
Debit,1/20/2021,Card Purchase 01/19 Audible*Lp91I9H03 Amzn.Com/Bill NJ Card 0698,Atm & Debit Card Withdrawals,-7.95,"489,026.42",,0,,,
Credit,1/20/2021,Orig CO Name:Bankcard-8566 Orig ID:1592126793 Desc Date:210119 CO Entry,Deposits And Additions,"1,740.00","490,766.42",,0,,,
Debit,1/21/2021,Card Purchase 01/20 Fedex 462396944 800-4633339 TN Card 0698,Atm & Debit Card Withdrawals,-197.46,"490,568.96",,0,,,
Credit,1/21/2021,Orig CO Name:Bankcard-8566 Orig ID:1592126793 Desc Date:210120 CO Entry,Deposits And Additions,"1,880.00","492,448.96",,0,,,
Credit,1/22/2021,Orig CO Name:Bankcard-8566 Orig ID:1592126793 Desc Date:210121 CO Entry,Deposits And Additions,"2,035.00","494,483.96",,0,,,
Credit,1/25/2021,Orig CO Name:Bankcard-8566 Orig ID:1592126793 Desc Date:210124 CO Entry,Deposits And Additions,"1,265.00","495,748.96",,0,,,
Credit,1/25/2021,Orig CO Name:Bankcard-8566 Orig ID:1592126793 Desc Date:210122 CO Entry,Deposits And Additions,"2,505.00","498,253.96",,0,,,
Credit,1/25/2021,Orig CO Name:Bankcard-8566 Orig ID:1592126793 Desc Date:210124 CO Entry,Deposits And Additions,775,"499,028.96",,0,,,
Credit,1/26/2021,Orig CO Name:Bankcard-8566 Orig ID:1592126793 Desc Date:210125 CO Entry,Deposits And Additions,850,"499,878.96",,0,,,
Credit,1/27/2021,Orig CO Name:Bankcard-8566 Orig ID:1592126793 Desc Date:210126 CO Entry,Deposits And Additions,"6,050.00","505,928.96",,0,,,
Credit,1/28/2021,Orig CO Name:Bankcard-8566 Orig ID:1592126793 Desc Date:210127 CO Entry,Deposits And Additions,"2,120.00","508,048.96",,0,,,
Credit,1/29/2021,Orig CO Name:Bankcard-8566 Orig ID:1592126793 Desc Date:210128 CO Entry,Deposits And Additions,"1,820.00","509,868.96",,0,,,
Debit,1/29/2021,Recurring Card Purchase 01/28 Eig*Constantcontact.CO 855-2295506 MA Card 0698,Atm & Debit Card Withdrawals,-70.77,"509,798.19",,0,,,
Credit,2/1/2021,Orig CO Name:Bankcard-8566 Orig ID:1592126793 Desc Date:210131 CO Entry,Deposits And Additions,715,"510,513.19",,0,,,
Credit,2/1/2021,Orig CO Name:Bankcard-8566 Orig ID:1592126793 Desc Date:210129 CO Entry,Deposits And Additions,"1,850.00","512,363.19",,0,,,
Credit,2/1/2021,Orig CO Name:Bankcard-8566 Orig ID:1592126793 Desc Date:210131 CO Entry,Deposits And Additions,"3,155.00","515,518.19",,0,,,
Debit,2/2/2021,Card Purchase 02/02 Linode 8554546633 PA Card 0698,Atm & Debit Card Withdrawals,-30,"515,488.19",,0,,,
Credit,2/2/2021,Orig CO Name:Bankcard-8566 Orig ID:1592126793 Desc Date:210201 CO Entry,Deposits And Additions,605,"516,093.19",,0,,,
Debit,2/2/2021,Orig CO Name:Bankcard-8566 Orig ID:1592126793 Desc Date:210131 CO Entry,Electronic Withdrawals,"-3,662.03","512,431.16",,0,,,
Debit,2/3/2021,Service Charges For The Month of January,Fees,-34.95,"512,396.21",,0,,,
Credit,2/3/2021,Orig CO Name:Bankcard-8566 Orig ID:1592126793 Desc Date:210202 CO Entry,Deposits And Additions,"1,320.00","513,716.21",,0,,,
Credit,2/4/2021,Orig CO Name:Bankcard-8566 Orig ID:1592126793 Desc Date:210203 CO Entry,Deposits And Additions,"1,820.00","515,536.21",,0,,,
Credit,2/5/2021,Orig CO Name:Bankcard-8566 Orig ID:1592126793 Desc Date:210204 CO Entry,Deposits And Additions,"1,210.00","516,746.21",,0,,,
Debit,2/8/2021,02/06 Online ACH Payment 5277087327 To Michele Cobb (_######6800),Electronic Withdrawals,-331.61,"516,414.60",,0,,,
Debit,2/8/2021,Orig CO Name:Venmo Orig ID:3264681992 Desc Date: CO Entry,Electronic Withdrawals,-500,"515,914.60",,0,,,
Debit,2/8/2021,Card Purchase 02/08 Aria Av 847-813-6347 IL Card 0698,Atm & Debit Card Withdrawals,"-1,257.51","514,657.09",,0,,,
Debit,2/8/2021,Card Purchase 02/08 Amzn Mktp US*Oo0V41B Amzn.Com/Bill WA Card 0698,Atm & Debit Card Withdrawals,-16.71,"514,640.38",,0,,,
Debit,2/8/2021,Card Purchase 02/08 Amzn Mktp US*F38N37Y Amzn.Com/Bill WA Card 0698,Atm & Debit Card Withdrawals,-457.2,"514,183.18",,0,,,
Debit,2/8/2021,02/08 Online Domestic Wire Transfer A/C: Sorich Productions Inc Chicago IL 60618-1503 US,Electronic Withdrawals,"-15,000.00","499,183.18",,0,,,
Debit,2/8/2021,02/08 Online Domestic Wire Transfer Via: Cy Natl Bk LA/122016066 A/C: United Talent Agency,Electronic Withdrawals,"-32,500.00","466,683.18",,0,,,
Credit,2/8/2021,Orig CO Name:Bankcard-8566 Orig ID:1592126793 Desc Date:210207 CO Entry,Deposits And Additions,275,"466,958.18",,0,,,
Debit,2/8/2021,Orig CO Name:Bankcard-8566 Orig ID:1592126793 Desc Date:210207 CO Entry,Electronic Withdrawals,-405,"466,553.18",,0,,,
Credit,2/8/2021,Orig CO Name:Bankcard-8566 Orig ID:1592126793 Desc Date:210205 CO Entry,Deposits And Additions,"1,150.00","467,703.18",,0,,,
Debit,2/8/2021,02/06 Online ACH Payment 5277087341 To Bailey Duquette (_######9908),Electronic Withdrawals,"-3,750.00","463,953.18",,0,,,
Credit,2/9/2021,Remote Online Deposit 1,Deposits And Additions,"1,200.00","465,153.18",,0,,,
Credit,2/9/2021,Remote Online Deposit 1,Deposits And Additions,"1,500.00","466,653.18",,0,,,
Credit,2/9/2021,Orig CO Name:Bankcard-8566 Orig ID:1592126793 Desc Date:210208 CO Entry,Deposits And Additions,495,"467,148.18",,0,,,
Debit,2/9/2021,Card Purchase 02/08 Amazon.Com*Bt5742G23 Amzn.Com/Bill WA Card 0698,Atm & Debit Card Withdrawals,-32.64,"467,115.54",,0,,,
Debit,2/9/2021,Card Purchase 02/09 Aria Av 847-813-6347 IL Card 0698,Atm & Debit Card Withdrawals,"-1,347.33","465,768.21",,0,,,
Debit,2/9/2021,Card Purchase 02/08 Amzn Mktp US*MI3Kc0N Amzn.Com/Bill WA Card 0698,Atm & Debit Card Withdrawals,-21.72,"465,746.49",,0,,,
Debit,2/10/2021,Recurring Card Purchase 02/10 J2 Efax Services 323-817-3205 CA Card 0698,Atm & Debit Card Withdrawals,-16.95,"465,729.54",,0,,,
Debit,2/10/2021,Recurring Card Purchase 02/10 Google *Google Storag 855-836-3987 CA Card 0698,Atm & Debit Card Withdrawals,-9.99,"465,719.55",,0,,,
Credit,2/10/2021,Orig CO Name:Bankcard-8566 Orig ID:1592126793 Desc Date:210209 CO Entry,Deposits And Additions,"4,330.00","470,049.55",,0,,,
Debit,2/10/2021,Card Purchase 02/09 Amzn Mktp US*K26Iy6A Amzn.Com/Bill WA Card 0698,Atm & Debit Card Withdrawals,-169.68,"469,879.87",,0,,,
Debit,2/11/2021,Card Purchase 02/11 Paypal *Cameratus 469-678-8011 TX Card 0698,Atm & Debit Card Withdrawals,-250,"469,629.87",,0,,,
Debit,2/11/2021,Card Purchase 02/11 Paypal *Cameratus 469-678-8011 TX Card 0698,Atm & Debit Card Withdrawals,-200,"469,429.87",,0,,,
Debit,2/11/2021,Card Purchase 02/11 Paypal *Cameratus 469-678-8011 TX Card 0698,Atm & Debit Card Withdrawals,-200,"469,229.87",,0,,,
Debit,2/11/2021,Card Purchase 02/11 Paypal *Cameratus 469-678-8011 TX Card 0698,Atm & Debit Card Withdrawals,-250,"468,979.87",,0,,,
Credit,2/11/2021,Orig CO Name:Bankcard-8566 Orig ID:1592126793 Desc Date:210210 CO Entry,Deposits And Additions,"1,565.00","470,544.87",,0,,,
Debit,2/11/2021,Card Purchase 02/11 Paypal *Cameratus 469-678-8011 TX Card 0698,Atm & Debit Card Withdrawals,-200,"470,344.87",,0,,,
Debit,2/11/2021,Card Purchase 02/11 Paypal *Cameratus 469-678-8011 TX Card 0698,Atm & Debit Card Withdrawals,-250,"470,094.87",,0,,,
Credit,2/12/2021,Orig CO Name:Bankcard-8566 Orig ID:1592126793 Desc Date:210211 CO Entry,Deposits And Additions,740,"470,834.87",,0,,,
Debit,2/16/2021,Recurring Card Purchase 02/13 Stamps.Com 855-608-2677 CA Card 0698,Atm & Debit Card Withdrawals,-19.59,"470,815.28",,0,,,
Debit,2/16/2021,Recurring Card Purchase 02/13 Dropbox*Zkv8Jsd1Jgxp Dropbox.Com CA Card 0698,Atm & Debit Card Withdrawals,-119.88,"470,695.40",,0,,,
Debit,2/16/2021,Card Purchase 02/15 Amzn Mktp US*123Ic8G Amzn.Com/Bill WA Card 0698,Atm & Debit Card Withdrawals,-41.6,"470,653.80",,0,,,
Debit,2/16/2021,Card Purchase 02/15 Amzn Mktp US*Rq6Yj18 Amzn.Com/Bill WA Card 0698,Atm & Debit Card Withdrawals,-42.89,"470,610.91",,0,,,
Debit,2/16/2021,Card Purchase 02/16 Amzn Mktp CA*2M1J39IA3 Amazon.CA WA Card 0698,Atm & Debit Card Withdrawals,-45.33,"470,565.58",,0,,,
Credit,2/16/2021,Orig CO Name:Bankcard-8566 Orig ID:1592126793 Desc Date:210212 CO Entry,Deposits And Additions,855,"471,420.58",,0,,,
Debit,2/16/2021,Card Purchase 02/15 Amzn Mktp US*HI7AK1R Amzn.Com/Bill WA Card 0698,Atm & Debit Card Withdrawals,-82.73,"471,337.85",,0,,,
Credit,2/16/2021,Orig CO Name:Bankcard-8566 Orig ID:1592126793 Desc Date:210214 CO Entry,Deposits And Additions,580,"471,917.85",,0,,,
Credit,2/16/2021,Orig CO Name:Bankcard-8566 Orig ID:1592126793 Desc Date:210215 CO Entry,Deposits And Additions,165,"472,082.85",,0,,,
Credit,2/16/2021,Orig CO Name:Bankcard-8566 Orig ID:1592126793 Desc Date:210214 CO Entry,Deposits And Additions,360,"472,442.85",,0,,,
Debit,2/16/2021,Card Purchase 02/16 Amzn Mktp US*Qu9Ey1V Amzn.Com/Bill WA Card 0698,Atm & Debit Card Withdrawals,-32.65,"472,410.20",,0,,,
Debit,2/17/2021,Card Purchase 02/17 Paypal *Cameratus 469-678-8011 TX Card 0698,Atm & Debit Card Withdrawals,-200,"472,210.20",,0,,,
Debit,2/17/2021,Card Purchase 02/17 Dhl Shipment. 71436340 800-2255345 FL Card 0698,Atm & Debit Card Withdrawals,-99.03,"472,111.17",,0,,,
Debit,2/17/2021,Card Purchase 02/17 Paypal *Cameratus 469-678-8011 TX Card 0698,Atm & Debit Card Withdrawals,-25,"472,086.17",,0,,,
Credit,2/17/2021,Remote Online Deposit 1,Deposits And Additions,"2,500.00","474,586.17",,0,,,
Debit,2/17/2021,Card Purchase 02/17 Paypal *Cameratus 469-678-8011 TX Card 0698,Atm & Debit Card Withdrawals,-250,"474,336.17",,0,,,
Credit,2/17/2021,Remote Online Deposit 1,Deposits And Additions,"1,500.00","475,836.17",,0,,,
Credit,2/17/2021,Remote Online Deposit 1,Deposits And Additions,300,"476,136.17",,0,,,
Debit,2/17/2021,Card Purchase 02/17 Dhl Shipment. 48770328 800-2255345 FL Card 0698,Atm & Debit Card Withdrawals,-211.91,"475,924.26",,0,,,
Credit,2/17/2021,Remote Online Deposit 1,Deposits And Additions,600,"476,524.26",,0,,,
Credit,2/17/2021,Orig CO Name:Bankcard-8566 Orig ID:1592126793 Desc Date:210216 CO Entry,Deposits And Additions,745,"477,269.26",,0,,,
Debit,2/17/2021,Card Purchase 02/17 Dhl Shipment. 47846382 800-2255345 FL Card 0698,Atm & Debit Card Withdrawals,-225.33,"477,043.93",,0,,,
Debit,2/17/2021,Orig CO Name:Venmo Orig ID:3264681992 Desc Date: CO Entry,Electronic Withdrawals,-22,"477,021.93",,0,,,
Debit,2/18/2021,Card Purchase 02/17 Paypal *Cameratus 469-678-8011 TX Card 0698,Atm & Debit Card Withdrawals,-25,"476,996.93",,0,,,
Credit,2/18/2021,Orig CO Name:Bankcard-8566 Orig ID:1592126793 Desc Date:210217 CO Entry,Deposits And Additions,"1,370.00","478,366.93",,0,,,
Debit,2/18/2021,Card Purchase 02/17 Fedex 465794634 800-4633339 TN Card 0698,Atm & Debit Card Withdrawals,-47.87,"478,319.06",,0,,,
Debit,2/18/2021,Card Purchase 02/17 Fedex 465894072 800-4633339 TN Card 0698,Atm & Debit Card Withdrawals,-99.99,"478,219.07",,0,,,
Debit,2/18/2021,Card Purchase 02/18 Paypal *Cameratus 469-678-8011 TX Card 0698,Atm & Debit Card Withdrawals,-400,"477,819.07",,0,,,
Debit,2/18/2021,Card Purchase 02/18 Audible*4G3788F53 Amzn.Com/Bill NJ Card 0698,Atm & Debit Card Withdrawals,-7.95,"477,811.12",,0,,,
Debit,2/18/2021,Card Purchase 02/18 Audible*Su1N44Wk3 Amzn.Com/Bill NJ Card 0698,Atm & Debit Card Withdrawals,-7.95,"477,803.17",,0,,,
Debit,2/18/2021,Orig CO Name:Venmo Orig ID:3264681992 Desc Date: CO Entry,Electronic Withdrawals,-45,"477,758.17",,0,,,
Debit,2/18/2021,Card Purchase 02/18 Paypal *Cameratus 469-678-8011 TX Card 0698,Atm & Debit Card Withdrawals,-200,"477,558.17",,0,,,
Credit,2/19/2021,Orig CO Name:Bankcard-8566 Orig ID:1592126793 Desc Date:210218 CO Entry,Deposits And Additions,"2,605.00","480,163.17",,0,,,
Debit,2/19/2021,"02/19 Online Domestic Wire Transfer Via: Citizens Bank, NA/011500120 A/C: Aba/211070175",Electronic Withdrawals,"-29,387.86","450,775.31",,0,,,
Credit,2/22/2021,Orig CO Name:Bankcard-8566 Orig ID:1592126793 Desc Date:210221 CO Entry,Deposits And Additions,25,"450,800.31",,0,,,
Debit,2/22/2021,Recurring Card Purchase 02/22 Adobe Acropro Subs 408-536-6000 CA Card 0698,Atm & Debit Card Withdrawals,-195.84,"450,604.47",,0,,,
Credit,2/22/2021,Orig CO Name:Bankcard-8566 Orig ID:1592126793 Desc Date:210221 CO Entry,Deposits And Additions,465,"451,069.47",,0,,,
Debit,2/22/2021,Orig CO Name:Paypal Orig ID:Paypalsi77 Desc Date:210222 CO Entry Descr:Inst,Electronic Withdrawals,-20,"451,049.47",,0,,,
Debit,2/22/2021,Card Purchase 02/21 Paypal *Cameratus 402-935-7733 TX Card 0698,Atm & Debit Card Withdrawals,-20,"451,029.47",,0,,,
Debit,2/22/2021,Card Purchase 02/19 Audible*Gf2L31Qo3 Amzn.Com/Bill NJ Card 0698,Atm & Debit Card Withdrawals,-7.95,"451,021.52",,0,,,
Debit,2/22/2021,Card Purchase 02/19 Paypal *Cameratus 469-678-8011 TX Card 0698,Atm & Debit Card Withdrawals,-200,"450,821.52",,0,,,
Credit,2/22/2021,Orig CO Name:Bankcard-8566 Orig ID:1592126793 Desc Date:210219 CO Entry,Deposits And Additions,715,"451,536.52",,0,,,
Credit,2/23/2021,Orig CO Name:Bankcard-8566 Orig ID:1592126793 Desc Date:210222 CO Entry,Deposits And Additions,520,"452,056.52",,0,,,
Credit,2/24/2021,Orig CO Name:Bankcard-8566 Orig ID:1592126793 Desc Date:210223 CO Entry,Deposits And Additions,850,"452,906.52",,0,,,
Debit,2/24/2021,Card Purchase 02/23 Fedex 466227183 800-4633339 TN Card 0698,Atm & Debit Card Withdrawals,-133.57,"452,772.95",,0,,,
Debit,2/25/2021,Card Purchase 02/25 Amzn Mktp US*Ax71548 Amzn.Com/Bill WA Card 0698,Atm & Debit Card Withdrawals,-42.53,"452,730.42",,0,,,
Debit,2/25/2021,Card Purchase 02/24 Fedex 466550022 800-4633339 TN Card 0698,Atm & Debit Card Withdrawals,-24.98,"452,705.44",,0,,,
Credit,2/25/2021,Orig CO Name:Bankcard-8566 Orig ID:1592126793 Desc Date:210224 CO Entry,Deposits And Additions,"1,260.00","453,965.44",,0,,,
Debit,2/25/2021,Card Purchase 02/25 Amzn Mktp US*Dy2776P Amzn.Com/Bill WA Card 0698,Atm & Debit Card Withdrawals,-32.16,"453,933.28",,0,,,
Debit,2/26/2021,Recurring Card Purchase 02/25 Eig*Constantcontact.CO 855-2295506 MA Card 0698,Atm & Debit Card Withdrawals,-103.44,"453,829.84",,0,,,
Debit,2/26/2021,Card Purchase 02/26 Amzn Mktp US*Kd04B37 Amzn.Com/Bill WA Card 0698,Atm & Debit Card Withdrawals,-11.79,"453,818.05",,0,,,
Credit,2/26/2021,Orig CO Name:Bankcard-8566 Orig ID:1592126793 Desc Date:210225 CO Entry,Deposits And Additions,"1,045.00","454,863.05",,0,,,
Debit,2/26/2021,Card Purchase 02/25 Amazon.Com*C610X8GM3 Amzn.Com/Bill WA Card 0698,Atm & Debit Card Withdrawals,-119.91,"454,743.14",,0,,,
Debit,2/26/2021,Card Purchase 02/25 Amzn Mktp US*Sm3G52V Amzn.Com/Bill WA Card 0698,Atm & Debit Card Withdrawals,-121.46,"454,621.68",,0,,,
Debit,2/26/2021,Card Purchase 02/25 Fedex 466664520 800-4633339 TN Card 0698,Atm & Debit Card Withdrawals,-49.46,"454,572.22",,0,,,
Debit,2/26/2021,Card Purchase 02/25 Amzn Mktp US*H964T4M Amzn.Com/Bill WA Card 0698,Atm & Debit Card Withdrawals,-45.58,"454,526.64",,0,,,
Debit,2/26/2021,Card Purchase 02/25 Amzn Mktp US*B32Oy1J Amzn.Com/Bill WA Card 0698,Atm & Debit Card Withdrawals,-81.84,"454,444.80",,0,,,
Debit,2/26/2021,Card Purchase 02/25 Amzn Mktp US*K688Z2N Amzn.Com/Bill WA Card 0698,Atm & Debit Card Withdrawals,-11.69,"454,433.11",,0,,,
Debit,2/26/2021,Card Purchase 02/26 Amzn Mktp US*9O7O249 Amzn.Com/Bill WA Card 0698,Atm & Debit Card Withdrawals,-22.17,"454,410.94",,0,,,
Debit,2/26/2021,Card Purchase 02/25 Amzn Mktp US*Oc82S3Z Amzn.Com/Bill WA Card 0698,Atm & Debit Card Withdrawals,-12.12,"454,398.82",,0,,,
Debit,3/1/2021,Card Purchase 02/27 Amz*Padlet Software 844-472-3538 CA Card 0698,Atm & Debit Card Withdrawals,-10,"454,388.82",,0,,,
Credit,3/1/2021,Orig CO Name:Bankcard-8566 Orig ID:1592126793 Desc Date:210228 CO Entry,Deposits And Additions,25,"454,413.82",,0,,,
Credit,3/1/2021,Orig CO Name:Bankcard-8566 Orig ID:1592126793 Desc Date:210228 CO Entry,Deposits And Additions,"1,075.00","455,488.82",,0,,,
Credit,3/1/2021,Orig CO Name:Bankcard-8566 Orig ID:1592126793 Desc Date:210226 CO Entry,Deposits And Additions,"1,075.00","456,563.82",,0,,,
Debit,3/1/2021,Card Purchase 02/28 Amzn Mktp US*H47MI3Y Amzn.Com/Bill WA Card 0698,Atm & Debit Card Withdrawals,-50.26,"456,513.56",,0,,,
Debit,3/1/2021,Card Purchase 02/28 Amzn Mktp US*Qp18H26 Amzn.Com/Bill WA Card 0698,Atm & Debit Card Withdrawals,-32.65,"456,480.91",,0,,,
Debit,3/1/2021,Card Purchase 02/28 Amzn Mktp US*Jm86J1G Amzn.Com/Bill WA Card 0698,Atm & Debit Card Withdrawals,-11.97,"456,468.94",,0,,,
Debit,3/1/2021,Card Purchase 03/01 Dhl Weight Adjustment 800-2255345 FL Card 0698,Atm & Debit Card Withdrawals,-92.41,"456,376.53",,0,,,
Debit,3/1/2021,Recurring Card Purchase 03/01 Linode 855-454-6633 PA Card 0698,Atm & Debit Card Withdrawals,-30,"456,346.53",,0,,,
Debit,3/1/2021,Card Purchase 03/01 Dhl Shipment. 55376546 800-2255345 FL Card 0698,Atm & Debit Card Withdrawals,-243.53,"456,103.00",,0,,,
Debit,3/2/2021,Orig CO Name:Bankcard-8566 Orig ID:1592126793 Desc Date:210228 CO Entry,Electronic Withdrawals,"-1,178.77","454,924.23",,0,,,
Credit,3/2/2021,Online Transfer From Chk ...7365 Transaction#: 11291057390,Deposits And Additions,"4,979.00","459,903.23",,0,,,
Credit,3/3/2021,Orig CO Name:Bankcard-8566 Orig ID:1592126793 Desc Date:210302 CO Entry,Deposits And Additions,"2,525.00","462,428.23",,0,,,
Debit,3/3/2021,Service Charges For The Month of February,Fees,-34.95,"462,393.28",,0,,,
Debit,3/3/2021,Card Purchase 03/02 Riverside.Fm Morgan Hill Card 0698,Atm & Debit Card Withdrawals,-9,"462,384.28",,0,,,
Debit,3/3/2021,Card Purchase 03/02 Fedex 467058329 800-4633339 TN Card 0698,Atm & Debit Card Withdrawals,-159.68,"462,224.60",,0,,,
Credit,3/3/2021,Card Purchase Return 03/02 Amzn Mktp US Amzn.Com/Bill WA Card 0698,Deposits And Additions,0.62,"462,225.22",,0,,,
Debit,3/4/2021,Orig CO Name:Paypal Orig ID:Paypalsi77 Desc Date:210304 CO Entry Descr:Inst,Electronic Withdrawals,-200,"462,025.22",,0,,,
Debit,3/4/2021,Orig CO Name:Sgd89 Orig ID:770510487C Desc Date: CO Entry Descr:Iat,Electronic Withdrawals,"-1,300.00","460,725.22",,0,,,
Credit,3/4/2021,Orig CO Name:Bankcard-8566 Orig ID:1592126793 Desc Date:210303 CO Entry,Deposits And Additions,825,"461,550.22",,0,,,
Debit,3/5/2021,Orig CO Name:Paypal Orig ID:Paypalsi77 Desc Date:210305 CO Entry Descr:Inst,Electronic Withdrawals,-150,"461,400.22",,0,,,
Debit,3/5/2021,Orig CO Name:Paypal Orig ID:Paypalsi77 Desc Date:210305 CO Entry Descr:Inst,Electronic Withdrawals,-250,"461,150.22",,0,,,
Credit,3/5/2021,Orig CO Name:Bankcard-8566 Orig ID:1592126793 Desc Date:210304 CO Entry,Deposits And Additions,"1,160.00","462,310.22",,0,,,
Debit,3/5/2021,Orig CO Name:Paypal Orig ID:Paypalsi77 Desc Date:210305 CO Entry Descr:Inst,Electronic Withdrawals,-150,"462,160.22",,0,,,
Credit,3/8/2021,Orig CO Name:Bankcard-8566 Orig ID:1592126793 Desc Date:210307 CO Entry,Deposits And Additions,525,"462,685.22",,0,,,
Credit,3/8/2021,Orig CO Name:Bankcard-8566 Orig ID:1592126793 Desc Date:210305 CO Entry,Deposits And Additions,195,"462,880.22",,0,,,
Debit,3/8/2021,Orig CO Name:Paypal Orig ID:Paypalsi77 Desc Date:210306 CO Entry Descr:Inst,Electronic Withdrawals,"-1,200.00","461,680.22",,0,,,
Credit,3/8/2021,Orig CO Name:Bankcard-8566 Orig ID:1592126793 Desc Date:210307 CO Entry,Deposits And Additions,195,"461,875.22",,0,,,
Debit,3/9/2021,Orig CO Name:Venmo Orig ID:3264681992 Desc Date: CO Entry,Electronic Withdrawals,-20,"461,855.22",,0,,,
Credit,3/9/2021,Orig CO Name:Bankcard-8566 Orig ID:1592126793 Desc Date:210308 CO Entry,Deposits And Additions,330,"462,185.22",,0,,,
Debit,3/10/2021,Recurring Card Purchase 03/10 J2 Efax Services 323-817-3205 CA Card 0698,Atm & Debit Card Withdrawals,-16.95,"462,168.27",,0,,,
Debit,3/10/2021,Card Purchase 03/09 Paypal *Reattendanc 402-935-7733 CA Card 0698,Atm & Debit Card Withdrawals,-114.09,"462,054.18",,0,,,
Debit,3/10/2021,Recurring Card Purchase 03/10 Google *Google Storag 855-836-3987 CA Card 0698,Atm & Debit Card Withdrawals,-9.99,"462,044.19",,0,,,
Credit,3/10/2021,Orig CO Name:Bankcard-8566 Orig ID:1592126793 Desc Date:210309 CO Entry,Deposits And Additions,550,"462,594.19",,0,,,
Credit,3/11/2021,Orig CO Name:Bankcard-8566 Orig ID:1592126793 Desc Date:210310 CO Entry,Deposits And Additions,"1,035.00","463,629.19",,0,,,
Debit,3/11/2021,Recurring Card Purchase 03/11 Pond5 646-3500410 NY Card 0698,Atm & Debit Card Withdrawals,-15,"463,614.19",,0,,,
Debit,3/12/2021,Card Purchase 03/11 Paypal *Chengdouhen 4029357733 Card 0698,Atm & Debit Card Withdrawals,-39.99,"463,574.20",,0,,,
Debit,3/12/2021,Card Purchase 03/12 Paypal *Cameratus 469-678-8011 TX Card 0698,Atm & Debit Card Withdrawals,-200,"463,374.20",,0,,,
Credit,3/12/2021,Orig CO Name:Harry N Abra1932 Orig ID:1131601701 Desc Date: CO Entry,Deposits And Additions,600,"463,974.20",,0,,,
Credit,3/12/2021,Orig CO Name:Bankcard-8566 Orig ID:1592126793 Desc Date:210311 CO Entry,Deposits And Additions,575,"464,549.20",,0,,,
Debit,3/15/2021,Recurring Card Purchase 03/13 Stamps.Com 855-608-2677 CA Card 0698,Atm & Debit Card Withdrawals,-19.59,"464,529.61",,0,,,
Credit,3/15/2021,Orig CO Name:Bankcard-8566 Orig ID:1592126793 Desc Date:210314 CO Entry,Deposits And Additions,"1,110.00","465,639.61",,0,,,
Debit,3/15/2021,Card Purchase 03/12 Fedex 402985269 800-4633339 TN Card 0698,Atm & Debit Card Withdrawals,-28.14,"465,611.47",,0,,,
Debit,3/15/2021,Card Purchase 03/14 Fedex 403243387 800-4633339 TN Card 0698,Atm & Debit Card Withdrawals,-128.53,"465,482.94",,0,,,
Debit,3/15/2021,Recurring Card Purchase 03/14 Pond5 164-62332155 NY Card 0698,Atm & Debit Card Withdrawals,-500,"464,982.94",,0,,,
Debit,3/15/2021,03/15 Online Domestic Wire Transfer A/C: Soapy Film Inc. Jersey City NJ 07302-6634 US Trn:,Electronic Withdrawals,"-15,000.00","449,982.94",,0,,,
Credit,3/15/2021,Orig CO Name:Bankcard-8566 Orig ID:1592126793 Desc Date:210314 CO Entry,Deposits And Additions,585,"450,567.94",,0,,,
Credit,3/15/2021,Orig CO Name:Bankcard-8566 Orig ID:1592126793 Desc Date:210312 CO Entry,Deposits And Additions,855,"451,422.94",,0,,,
Debit,3/15/2021,Recurring Card Purchase 03/13 Pond5 164-62332155 NY Card 0698,Atm & Debit Card Withdrawals,-327,"451,095.94",,0,,,
Debit,3/16/2021,03/16 Online Domestic Wire Transfer A/C: Sorich Productions Inc Chicago IL 60618-1503 US,Electronic Withdrawals,"-30,000.00","421,095.94",,0,,,
Credit,3/16/2021,Orig CO Name:Bankcard-8566 Orig ID:1592126793 Desc Date:210315 CO Entry,Deposits And Additions,500,"421,595.94",,0,,,
Debit,3/16/2021,03/16 Online International Wire Transfer A/C: Foreign Cur Bus Acct Bk 1 Columbus Newark De,Electronic Withdrawals,-51.38,"421,544.56",,0,,,
Debit,3/16/2021,"03/16 Online Domestic Wire Transfer Via: Citizens Bank, NA/011500120 A/C: Aba/211070175",Electronic Withdrawals,"-5,511.41","416,033.15",,0,,,
Debit,3/16/2021,03/16 Online Domestic Wire Transfer Via: Cy Natl Bk LA/122016066 A/C: United Talent Agency,Electronic Withdrawals,"-32,500.00","383,533.15",,0,,,
Debit,3/16/2021,03/16 Online Payment 11381376900 To Audiofile,Electronic Withdrawals,"-5,525.00","378,008.15",,0,,,
Debit,3/16/2021,03/16 Online ACH Payment 5281201996 To Edison Research (_######4589),Electronic Withdrawals,"-21,000.00","357,008.15",,0,,,
Debit,3/16/2021,Orig CO Name:Paypal Orig ID:Paypalsi77 Desc Date:210316 CO Entry Descr:Inst,Electronic Withdrawals,-250,"356,758.15",,0,,,
Debit,3/16/2021,Recurring Card Purchase 03/16 Pond5 164-62332155 NY Card 0698,Atm & Debit Card Withdrawals,-15,"356,743.15",,0,,,
Debit,3/17/2021,Quickpay With Zelle Payment To Sarah Christiansen Fu 11381332323,Electronic Withdrawals,"-3,500.00","353,243.15",,0,,,
Debit,3/17/2021,Orig CO Name:Branch & Bramble Orig ID:9215986202 Desc Date:210317 CO Entry,Electronic Withdrawals,"-2,050.00","351,193.15",,0,,,
Credit,3/17/2021,Orig CO Name:Bankcard-8566 Orig ID:1592126793 Desc Date:210316 CO Entry,Deposits And Additions,"3,425.00","354,618.15",,0,,,
Debit,3/17/2021,Recurring Card Purchase 03/17 Pond5 646-3500410 NY Card 0698,Atm & Debit Card Withdrawals,-123,"354,495.15",,0,,,
Debit,3/17/2021,Recurring Card Purchase 03/17 Pond5 646-3500410 NY Card 0698,Atm & Debit Card Withdrawals,-25,"354,470.15",,0,,,
Debit,3/18/2021,Card Purchase 03/18 Audible*Gl3Sm3Eh3 Amzn.Com/Bill NJ Card 0698,Atm & Debit Card Withdrawals,-7.95,"354,462.20",,0,,,
Credit,3/18/2021,Orig CO Name:Bankcard-8566 Orig ID:1592126793 Desc Date:210317 CO Entry,Deposits And Additions,"1,590.00","356,052.20",,0,,,
Debit,3/18/2021,Card Purchase 03/18 Audible*Q03Zi4Br3 Amzn.Com/Bill NJ Card 0698,Atm & Debit Card Withdrawals,-7.95,"356,044.25",,0,,,
Debit,3/18/2021,Recurring Card Purchase 03/18 Pond5 164-62332155 NY Card 0698,Atm & Debit Card Withdrawals,-25,"356,019.25",,0,,,
Debit,3/18/2021,Card Purchase 03/17 Fedex 403596726 800-4633339 TN Card 0698,Atm & Debit Card Withdrawals,-30.06,"355,989.19",,0,,,
Credit,3/19/2021,Orig CO Name:Bankcard-8566 Orig ID:1592126793 Desc Date:210318 CO Entry,Deposits And Additions,"1,170.00","357,159.19",,0,,,
Debit,3/19/2021,Card Purchase 03/18 Fedex 403708930 800-4633339 TN Card 0698,Atm & Debit Card Withdrawals,-56.09,"357,103.10",,0,,,
Credit,3/22/2021,Orig CO Name:Bankcard-8566 Orig ID:1592126793 Desc Date:210319 CO Entry,Deposits And Additions,"2,015.00","359,118.10",,0,,,
Debit,3/22/2021,Card Purchase 03/19 Audible*9T6Q849P3 Amzn.Com/Bill NJ Card 0698,Atm & Debit Card Withdrawals,-7.95,"359,110.15",,0,,,
Credit,3/22/2021,Orig CO Name:Bankcard-8566 Orig ID:1592126793 Desc Date:210321 CO Entry,Deposits And Additions,905,"360,015.15",,0,,,
Credit,3/22/2021,Orig CO Name:Bankcard-8566 Orig ID:1592126793 Desc Date:210321 CO Entry,Deposits And Additions,440,"360,455.15",,0,,,
Debit,3/23/2021,Recurring Card Purchase 03/22 Pond5 164-62332155 NY Card 0698,Atm & Debit Card Withdrawals,-32,"360,423.15",,0,,,
Credit,3/23/2021,Orig CO Name:Bankcard-8566 Orig ID:1592126793 Desc Date:210322 CO Entry,Deposits And Additions,415,"360,838.15",,0,,,
Debit,3/24/2021,Card Purchase 03/23 Fedex 404063354 800-4633339 TN Card 0698,Atm & Debit Card Withdrawals,-161.06,"360,677.09",,0,,,
Credit,3/24/2021,Orig CO Name:Bankcard-8566 Orig ID:1592126793 Desc Date:210323 CO Entry,Deposits And Additions,"1,105.00","361,782.09",,0,,,
Credit,3/25/2021,Orig CO Name:Bankcard-8566 Orig ID:1592126793 Desc Date:210324 CO Entry,Deposits And Additions,"3,825.00","365,607.09",,0,,,
Credit,3/26/2021,Orig CO Name:Bankcard-8566 Orig ID:1592126793 Desc Date:210325 CO Entry,Deposits And Additions,"1,195.00","366,802.09",,0,,,
Credit,3/29/2021,Orig CO Name:Bankcard-8566 Orig ID:1592126793 Desc Date:210328 CO Entry,Deposits And Additions,"2,190.00","368,992.09",,0,,,
Credit,3/29/2021,Orig CO Name:Bankcard-8566 Orig ID:1592126793 Desc Date:210328 CO Entry,Deposits And Additions,110,"369,102.09",,0,,,
Debit,3/29/2021,Card Purchase 03/27 Amz*Padlet Software 844-472-3538 CA Card 0698,Atm & Debit Card Withdrawals,-10,"369,092.09",,0,,,
Credit,3/29/2021,Orig CO Name:Bankcard-8566 Orig ID:1592126793 Desc Date:210326 CO Entry,Deposits And Additions,475,"369,567.09",,0,,,
Debit,3/29/2021,03/29 Online Domestic Wire Transfer Via: F121000358/121000358 A/C: Interq Research LLC,Electronic Withdrawals,"-6,000.00","363,567.09",,0,,,
Debit,3/29/2021,Recurring Card Purchase 03/28 Eig*Constantcontact.CO 855-2295506 MA Card 0698,Atm & Debit Card Withdrawals,-103.44,"363,463.65",,0,,,
Credit,3/30/2021,Orig CO Name:Bankcard-8566 Orig ID:1592126793 Desc Date:210329 CO Entry,Deposits And Additions,805,"364,268.65",,0,,,
Debit,3/31/2021,Card Purchase 03/30 Fedex 404915299 800-4633339 TN Card 0698,Atm & Debit Card Withdrawals,-30.39,"364,238.26",,0,,,
Credit,3/31/2021,Orig CO Name:Bankcard-8566 Orig ID:1592126793 Desc Date:210330 CO Entry,Deposits And Additions,"1,190.00","365,428.26",,0,,,
Credit,4/1/2021,Orig CO Name:Bankcard-8566 Orig ID:1592126793 Desc Date:210331 CO Entry,Deposits And Additions,"2,020.00","367,448.26",,0,,,
Credit,4/1/2021,Chips Credit Via: Deutsche Bank Ag/0378 B/O: 1/Zebralution Gmbh 3/De/10997 Berlin Ref:,Deposits And Additions,"9,979.00","377,427.26",,0,,,
Debit,4/1/2021,Recurring Card Purchase 04/01 Microsoft*Microsoft 36 Msbill.Info WA Card 0698,Atm & Debit Card Withdrawals,-108.86,"377,318.40",,0,,,
Debit,4/2/2021,"Zelle Payment To Janet Benson, Inc. 11496391867",Electronic Withdrawals,"-1,830.89","375,487.51",,0,,,
Credit,4/2/2021,Orig CO Name:Bankcard-8566 Orig ID:1592126793 Desc Date:210401 CO Entry,Deposits And Additions,660,"376,147.51",,0,,,
Debit,4/2/2021,Orig CO Name:Bankcard-8566 Orig ID:1592126793 Desc Date:210331 CO Entry,Electronic Withdrawals,"-1,348.08","374,799.43",,0,,,
Debit,4/2/2021,Recurring Card Purchase 04/01 Linode 855-454-6633 PA Card 0698,Atm & Debit Card Withdrawals,-30,"374,769.43",,0,,,
Debit,4/5/2021,Recurring Card Purchase 04/02 Riverside.Fm Morgan Hill Card 0698,Atm & Debit Card Withdrawals,-9,"374,760.43",,0,,,
Debit,4/5/2021,Service Charges For The Month of March,Fees,-64.95,"374,695.48",,0,,,
Credit,4/5/2021,Orig CO Name:Bankcard-8566 Orig ID:1592126793 Desc Date:210404 CO Entry,Deposits And Additions,343.75,"375,039.23",,0,,,
Credit,4/5/2021,Orig CO Name:Bankcard-8566 Orig ID:1592126793 Desc Date:210404 CO Entry,Deposits And Additions,797.5,"375,836.73",,0,,,
Credit,4/5/2021,Orig CO Name:Bankcard-8566 Orig ID:1592126793 Desc Date:210402 CO Entry,Deposits And Additions,923.75,"376,760.48",,0,,,
Credit,4/6/2021,Orig CO Name:Bankcard-8566 Orig ID:1592126793 Desc Date:210405 CO Entry,Deposits And Additions,662.5,"377,422.98",,0,,,
Debit,4/7/2021,Card Purchase 04/06 Fedex 405765801 800-4633339 TN Card 0698,Atm & Debit Card Withdrawals,-36.97,"377,386.01",,0,,,
Credit,4/7/2021,Orig CO Name:Paypal Orig ID:Paypalsd11 Desc Date:210407 CO Entry,Deposits And Additions,"1,433.70","378,819.71",,0,,,
Credit,4/7/2021,Card Purchase Return 04/06 Amz*Padlet 866-216-1072 WA Card 0698,Deposits And Additions,10,"378,829.71",,0,,,
Credit,4/7/2021,Online Transfer From Chk ...7365 Transaction#: 11532561296,Deposits And Additions,"27,000.00","405,829.71",,0,,,
Credit,4/7/2021,Online Transfer From Chk ...7365 Transaction#: 11530898089,Deposits And Additions,"15,114.09","420,943.80",,0,,,
Credit,4/7/2021,Orig CO Name:Bankcard-8566 Orig ID:1592126793 Desc Date:210406 CO Entry,Deposits And Additions,"1,682.50","422,626.30",,0,,,
Credit,4/8/2021,Orig CO Name:Bankcard-8566 Orig ID:1592126793 Desc Date:210407 CO Entry,Deposits And Additions,843.75,"423,470.05",,0,,,
Credit,4/9/2021,Orig CO Name:Bankcard-8566 Orig ID:1592126793 Desc Date:210408 CO Entry,Deposits And Additions,"2,015.00","425,485.05",,0,,,
Debit,4/12/2021,Recurring Card Purchase 04/10 Google *Google Storag 855-836-3987 CA Card 0698,Atm & Debit Card Withdrawals,-9.99,"425,475.06",,0,,,
Debit,4/12/2021,Recurring Card Purchase 04/10 J2 Efax Services 323-817-3205 CA Card 0698,Atm & Debit Card Withdrawals,-16.95,"425,458.11",,0,,,
Credit,4/12/2021,Orig CO Name:Bankcard-8566 Orig ID:1592126793 Desc Date:210411 CO Entry,Deposits And Additions,"1,628.75","427,086.86",,0,,,
Credit,4/12/2021,Orig CO Name:Bankcard-8566 Orig ID:1592126793 Desc Date:210411 CO Entry,Deposits And Additions,233.75,"427,320.61",,0,,,
Credit,4/12/2021,Orig CO Name:Bankcard-8566 Orig ID:1592126793 Desc Date:210409 CO Entry,Deposits And Additions,428.75,"427,749.36",,0,,,
Credit,4/13/2021,Orig CO Name:Bankcard-8566 Orig ID:1592126793 Desc Date:210412 CO Entry,Deposits And Additions,247.5,"427,996.86",,0,,,
Debit,4/13/2021,Recurring Card Purchase 04/13 Stamps.Com 855-608-2677 CA Card 0698,Atm & Debit Card Withdrawals,-19.59,"427,977.27",,0,,,
Debit,4/14/2021,Card Purchase 04/13 Fedex 406598914 800-4633339 TN Card 0698,Atm & Debit Card Withdrawals,-30.18,"427,947.09",,0,,,
Credit,4/14/2021,Orig CO Name:Bankcard-8566 Orig ID:1592126793 Desc Date:210413 CO Entry,Deposits And Additions,478.75,"428,425.84",,0,,,
Credit,4/15/2021,Orig CO Name:Bankcard-8566 Orig ID:1592126793 Desc Date:210414 CO Entry,Deposits And Additions,"1,058.75","429,484.59",,0,,,
Debit,4/16/2021,04/16 Online Payment 11588503210 To St Vincent De Paul Society,Electronic Withdrawals,"-1,000.00","428,484.59",,0,,,
Debit,4/16/2021,04/16 Online Domestic Wire Transfer A/C: Sorich Productions Inc Chicago IL 60618-1503 US,Electronic Withdrawals,"-13,255.00","415,229.59",,0,,,
Debit,4/16/2021,04/16 Online Payment 11587900400 To Audere Media,Electronic Withdrawals,"-7,500.00","407,729.59",,0,,,
Debit,4/16/2021,04/16 Online Payment 11588441078 To Young Female Farmers,Electronic Withdrawals,"-1,000.00","406,729.59",,0,,,
Debit,4/16/2021,04/16 Online Domestic Wire Transfer A/C: Sorich Productions Inc Chicago IL 60618-1503 US,Electronic Withdrawals,-111.6,"406,617.99",,0,,,
Debit,4/16/2021,04/16 Online Transfer To Chk ...7365 Transaction#: 11587937691,Electronic Withdrawals,"-2,100.00","404,517.99",,0,,,
Debit,4/16/2021,04/16 Online Transfer To Chk ...7365 Transaction#: 11587814647,Electronic Withdrawals,"-16,000.00","388,517.99",,0,,,
Credit,4/16/2021,Orig CO Name:Bankcard-8566 Orig ID:1592126793 Desc Date:210415 CO Entry,Deposits And Additions,"2,212.50","390,730.49",,0,,,
Credit,4/19/2021,Orig CO Name:Bankcard-8566 Orig ID:1592126793 Desc Date:210418 CO Entry,Deposits And Additions,"1,053.75","391,784.24",,0,,,
Debit,4/19/2021,Card Purchase 04/16 American Rivers 202-3477550 DC Card 0698,Atm & Debit Card Withdrawals,"-1,000.00","390,784.24",,0,,,
Debit,4/19/2021,Card Purchase 04/18 Audible*Xg1Rb6Ul3 Amzn.Com/Bill NJ Card 0698,Atm & Debit Card Withdrawals,-7.95,"390,776.29",,0,,,
Debit,4/19/2021,Card Purchase 04/18 Audible*H31Zk5GU3 Amzn.Com/Bill NJ Card 0698,Atm & Debit Card Withdrawals,-7.95,"390,768.34",,0,,,
Debit,4/19/2021,Orig CO Name:Reattendance Ltd Orig ID:770510487C Desc Date: CO Entry Descr:Iat,Electronic Withdrawals,-683.39,"390,084.95",,0,,,
Credit,4/19/2021,Orig CO Name:Bankcard-8566 Orig ID:1592126793 Desc Date:210416 CO Entry,Deposits And Additions,866.25,"390,951.20",,0,,,
Credit,4/20/2021,Orig CO Name:Bankcard-8566 Orig ID:1592126793 Desc Date:210419 CO Entry,Deposits And Additions,371.25,"391,322.45",,0,,,
Credit,4/21/2021,Orig CO Name:Bankcard-8566 Orig ID:1592126793 Desc Date:210420 CO Entry,Deposits And Additions,968.75,"392,291.20",,0,,,
Debit,4/22/2021,Orig CO Name:Granite Insuranc Orig ID:1841393599 Desc Date: CO Entry,Electronic Withdrawals,"-1,085.33","391,205.87",,0,,,
Credit,4/22/2021,Orig CO Name:Bankcard-8566 Orig ID:1592126793 Desc Date:210421 CO Entry,Deposits And Additions,708.75,"391,914.62",,0,,,
Credit,4/23/2021,Orig CO Name:Bankcard-8566 Orig ID:1592126793 Desc Date:210422 CO Entry,Deposits And Additions,687.5,"392,602.12",,0,,,
Debit,4/26/2021,Orig CO Name:Reattendance Ltd Orig ID:770510487C Desc Date: CO Entry Descr:Iat,Electronic Withdrawals,-114.33,"392,487.79",,0,,,
Credit,4/26/2021,Orig CO Name:Bankcard-8566 Orig ID:1592126793 Desc Date:210425 CO Entry,Deposits And Additions,155,"392,642.79",,0,,,
Credit,4/26/2021,Orig CO Name:Bankcard-8566 Orig ID:1592126793 Desc Date:210425 CO Entry,Deposits And Additions,923.75,"393,566.54",,0,,,
Credit,4/26/2021,Orig CO Name:Bankcard-8566 Orig ID:1592126793 Desc Date:210423 CO Entry,Deposits And Additions,786.25,"394,352.79",,0,,,
Credit,4/27/2021,Orig CO Name:Bankcard-8566 Orig ID:1592126793 Desc Date:210426 CO Entry,Deposits And Additions,195,"394,547.79",,0,,,
Debit,4/28/2021,04/28 Online Payment 11662592652 To Margo Candelario,Electronic Withdrawals,"-1,000.00","393,547.79",,0,,,
Credit,4/28/2021,Orig CO Name:Bankcard-8566 Orig ID:1592126793 Desc Date:210427 CO Entry,Deposits And Additions,"1,105.00","394,652.79",,0,,,
Debit,4/28/2021,Recurring Card Purchase 04/27 Eig*Constantcontact.CO 855-2295506 MA Card 0698,Atm & Debit Card Withdrawals,-103.44,"394,549.35",,0,,,
Credit,4/29/2021,Orig CO Name:Bankcard-8566 Orig ID:1592126793 Desc Date:210428 CO Entry,Deposits And Additions,"1,063.75","395,613.10",,0,,,
Credit,4/30/2021,Orig CO Name:Bankcard-8566 Orig ID:1592126793 Desc Date:210429 CO Entry,Deposits And Additions,591.25,"396,204.35",,0,,,
Debit,5/3/2021,Recurring Card Purchase 05/02 Linode 855-454-6633 PA Card 0698,Atm & Debit Card Withdrawals,-30,"396,174.35",,0,,,
Debit,5/3/2021,Orig CO Name:Bankcard-8566 Orig ID:1592126793 Desc Date:210430 CO Entry,Electronic Withdrawals,"-1,081.55","395,092.80",,0,,,
Debit,5/3/2021,05/03 Online Domestic Wire Transfer Via: Cy Natl Bk LA/122016066 A/C: United Talent Agency,Electronic Withdrawals,"-5,000.00","390,092.80",,0,,,
Credit,5/3/2021,Remote Online Deposit 1,Deposits And Additions,89.7,"390,182.50",,0,,,
Credit,5/3/2021,Orig CO Name:Bankcard-8566 Orig ID:1592126793 Desc Date:210430 CO Entry,Deposits And Additions,"1,412.50","391,595.00",,0,,,
Credit,5/3/2021,Orig CO Name:Bankcard-8566 Orig ID:1592126793 Desc Date:210502 CO Entry,Deposits And Additions,"1,917.50","393,512.50",,0,,,
Credit,5/3/2021,Orig CO Name:Bankcard-8566 Orig ID:1592126793 Desc Date:210502 CO Entry,Deposits And Additions,470,"393,982.50",,0,,,
Credit,5/4/2021,Orig CO Name:Bankcard-8566 Orig ID:1592126793 Desc Date:210503 CO Entry,Deposits And Additions,"1,523.75","395,506.25",,0,,,
Debit,5/5/2021,Service Charges For The Month of April,Fees,-34.95,"395,471.30",,0,,,
Credit,5/5/2021,Orig CO Name:Bankcard-8566 Orig ID:1592126793 Desc Date:210504 CO Entry,Deposits And Additions,"1,593.75","397,065.05",,0,,,
Credit,5/6/2021,Orig CO Name:Bankcard-8566 Orig ID:1592126793 Desc Date:210505 CO Entry,Deposits And Additions,"1,710.00","398,775.05",,0,,,
Debit,5/6/2021,Orig CO Name:Reattendance Ltd Orig ID:770510487C Desc Date: CO Entry Descr:Iat,Electronic Withdrawals,-114.58,"398,660.47",,0,,,
Credit,5/7/2021,Orig CO Name:Bankcard-8566 Orig ID:1592126793 Desc Date:210506 CO Entry,Deposits And Additions,"1,222.50","399,882.97",,0,,,
Debit,5/7/2021,Card Purchase 05/07 Prime Video*Ph2950W63 888-802-3080 WA Card 0698,Atm & Debit Card Withdrawals,-2.99,"399,879.98",,0,,,
Debit,5/10/2021,Recurring Card Purchase 05/10 Google *Google Storag 855-836-3987 CA Card 0698,Atm & Debit Card Withdrawals,-9.99,"399,869.99",,0,,,
Debit,5/10/2021,Card Purchase 05/08 Amazon Digit*2L7Wz6B Amzn.Com/Bill WA Card 0698,Atm & Debit Card Withdrawals,-7.99,"399,862.00",,0,,,
Credit,5/10/2021,Orig CO Name:Bankcard-8566 Orig ID:1592126793 Desc Date:210509 CO Entry,Deposits And Additions,"1,950.00","401,812.00",,0,,,
Credit,5/10/2021,Orig CO Name:Bankcard-8566 Orig ID:1592126793 Desc Date:210507 CO Entry,Deposits And Additions,"1,613.75","403,425.75",,0,,,
Credit,5/10/2021,Orig CO Name:Bankcard-8566 Orig ID:1592126793 Desc Date:210509 CO Entry,Deposits And Additions,318.75,"403,744.50",,0,,,
Credit,5/11/2021,Orig CO Name:Bankcard-8566 Orig ID:1592126793 Desc Date:210510 CO Entry,Deposits And Additions,662.5,"404,407.00",,0,,,
Debit,5/11/2021,Recurring Card Purchase 05/10 J2 Efax Services 323-817-3205 CA Card 0698,Atm & Debit Card Withdrawals,-16.95,"404,390.05",,0,,,
Debit,5/11/2021,Card Purchase 05/11 Amzn Mktp US*2L95T2G Amzn.Com/Bill WA Card 0698,Atm & Debit Card Withdrawals,-51.15,"404,338.90",,0,,,
Debit,5/12/2021,Card Purchase 05/11 Amazon.Com*2L2Ru9Xt0 Amzn.Com/Bill WA Card 0698,Atm & Debit Card Withdrawals,-32.65,"404,306.25",,0,,,
Debit,5/12/2021,Recurring Card Purchase 05/11 Web*Networksolutions 888-6429675 FL Card 0698,Atm & Debit Card Withdrawals,-50.97,"404,255.28",,0,,,
Credit,5/12/2021,Orig CO Name:Bankcard-8566 Orig ID:1592126793 Desc Date:210511 CO Entry,Deposits And Additions,"5,663.75","409,919.03",,0,,,
Debit,5/13/2021,Recurring Card Purchase 05/13 Stamps.Com 855-608-2677 CA Card 0698,Atm & Debit Card Withdrawals,-19.59,"409,899.44",,0,,,
Credit,5/13/2021,Orig CO Name:Spotify Iso Orig ID:4284601835 Desc Date:210513 CO Entry,Deposits And Additions,300,"410,199.44",,0,,,
Credit,5/13/2021,Orig CO Name:Bankcard-8566 Orig ID:1592126793 Desc Date:210512 CO Entry,Deposits And Additions,"1,735.00","411,934.44",,0,,,
Credit,5/14/2021,Orig CO Name:Bankcard-8566 Orig ID:1592126793 Desc Date:210513 CO Entry,Deposits And Additions,711.25,"412,645.69",,0,,,
Credit,5/17/2021,Orig CO Name:Bankcard-8566 Orig ID:1592126793 Desc Date:210516 CO Entry,Deposits And Additions,587.5,"413,233.19",,0,,,
Credit,5/17/2021,Orig CO Name:Bankcard-8566 Orig ID:1592126793 Desc Date:210516 CO Entry,Deposits And Additions,293.75,"413,526.94",,0,,,
Credit,5/17/2021,Orig CO Name:Bankcard-8566 Orig ID:1592126793 Desc Date:210514 CO Entry,Deposits And Additions,"1,440.00","414,966.94",,0,,,
Debit,5/18/2021,Card Purchase 05/18 Prime Video*2L4Qj6Uj0 888-802-3080 WA Card 0698,Atm & Debit Card Withdrawals,-3.99,"414,962.95",,0,,,
Debit,5/18/2021,Card Purchase 05/18 Audible*2L3T022W2 Amzn.Com/Bill NJ Card 0698,Atm & Debit Card Withdrawals,-7.95,"414,955.00",,0,,,
Debit,5/18/2021,Card Purchase 05/18 Audible*2R23G4Jr1 Amzn.Com/Bill NJ Card 0698,Atm & Debit Card Withdrawals,-7.95,"414,947.05",,0,,,
Credit,5/18/2021,Orig CO Name:Bankcard-8566 Orig ID:1592126793 Desc Date:210517 CO Entry,Deposits And Additions,170,"415,117.05",,0,,,
Credit,5/19/2021,Orig CO Name:Bankcard-8566 Orig ID:1592126793 Desc Date:210518 CO Entry,Deposits And Additions,123.75,"415,240.80",,0,,,
Debit,5/19/2021,Orig CO Name:Paypal Orig ID:Paypalsi77 Desc Date:210519 CO Entry Descr:Inst,Electronic Withdrawals,"-2,000.00","413,240.80",,0,,,
Credit,5/20/2021,Orig CO Name:Uta Comedy Touri Orig ID:4101813436 Desc Date:210519 CO Entry,Deposits And Additions,"2,500.00","415,740.80",,0,,,
Credit,5/21/2021,Orig CO Name:Bankcard-8566 Orig ID:1592126793 Desc Date:210520 CO Entry,Deposits And Additions,348.75,"416,089.55",,0,,,
Debit,5/24/2021,Card Purchase 05/23 Amzn Mktp US*2R4M72B Amzn.Com/Bill WA Card 0698,Atm & Debit Card Withdrawals,-21.72,"416,067.83",,0,,,
Credit,5/24/2021,Orig CO Name:Bankcard-8566 Orig ID:1592126793 Desc Date:210521 CO Entry,Deposits And Additions,123.75,"416,191.58",,0,,,
Credit,5/25/2021,Orig CO Name:Bankcard-8566 Orig ID:1592126793 Desc Date:210524 CO Entry,Deposits And Additions,123.75,"416,315.33",,0,,,
Credit,5/26/2021,Orig CO Name:Bankcard-8566 Orig ID:1592126793 Desc Date:210525 CO Entry,Deposits And Additions,847.5,"417,162.83",,0,,,
Credit,5/28/2021,Orig CO Name:Bankcard-8566 Orig ID:1592126793 Desc Date:210527 CO Entry,Deposits And Additions,300,"417,462.83",,0,,,
Credit,6/1/2021,Orig CO Name:Bankcard-8566 Orig ID:1592126793 Desc Date:210530 CO Entry,Deposits And Additions,123.75,"417,586.58",,0,,,
Debit,6/1/2021,Recurring Card Purchase 05/28 Eig*Constantcontact.CO 855-2295506 MA Card 0698,Atm & Debit Card Withdrawals,-103.44,"417,483.14",,0,,,
Credit,6/1/2021,Orig CO Name:Bankcard-8566 Orig ID:1592126793 Desc Date:210530 CO Entry,Deposits And Additions,123.75,"417,606.89",,0,,,
Credit,6/1/2021,Orig CO Name:Bankcard-8566 Orig ID:1592126793 Desc Date:210528 CO Entry,Deposits And Additions,123.75,"417,730.64",,0,,,
Debit,6/2/2021,Orig CO Name:Bankcard-8566 Orig ID:1592126793 Desc Date:210531 CO Entry,Electronic Withdrawals,"-1,150.88","416,579.76",,0,,,
Debit,6/2/2021,Recurring Card Purchase 06/01 Linode 855-454-6633 PA Card 0698,Atm & Debit Card Withdrawals,-30,"416,549.76",,0,,,
Credit,6/2/2021,Orig CO Name:Bankcard-8566 Orig ID:1592126793 Desc Date:210601 CO Entry,Deposits And Additions,123.75,"416,673.51",,0,,,
Debit,6/3/2021,"Zelle Payment To Janet Benson, Inc. 11906635755",Electronic Withdrawals,-696.48,"415,977.03",,0,,,
Credit,6/3/2021,Orig CO Name:Bankcard-8566 Orig ID:1592126793 Desc Date:210602 CO Entry,Deposits And Additions,123.75,"416,100.78",,0,,,
Debit,6/4/2021,"06/04 Online Domestic Wire Transfer Via: Citizens Bank, NA/011500120 A/C: Aba/211070175",Electronic Withdrawals,"-7,614.25","408,486.53",,0,,,
Debit,6/4/2021,06/04 Online ACH Payment 5290694942 To Bailey Duquette (_######9908),Electronic Withdrawals,"-3,800.00","404,686.53",,0,,,
Debit,6/4/2021,"06/04 Online Domestic Wire Transfer Via: Citizens Bank, NA/011500120 A/C: Aba/211070175",Electronic Withdrawals,"-10,042.11","394,644.42",,0,,,
Debit,6/4/2021,06/04 Online ACH Payment 5290694668 To Bailey Duquette (_######9908),Electronic Withdrawals,"-3,700.00","390,944.42",,0,,,
Debit,6/4/2021,06/04 Online ACH Payment 5290694575 To Edison Research (_######4589),Electronic Withdrawals,"-21,000.00","369,944.42",,0,,,
Debit,6/4/2021,06/04 Online ACH Payment 5290694484 To Interq (_########5036),Electronic Withdrawals,"-6,000.00","363,944.42",,0,,,
Debit,6/4/2021,Orig CO Name:Venmo Orig ID:3264681992 Desc Date:210603 CO Entry,Electronic Withdrawals,-110,"363,834.42",,0,,,
Debit,6/4/2021,Orig CO Name:Venmo Orig ID:3264681992 Desc Date:210603 CO Entry,Electronic Withdrawals,-110,"363,724.42",,0,,,
Debit,6/4/2021,06/04 Online Payment 11911604070 To Cristaux,Electronic Withdrawals,"-5,128.99","358,595.43",,0,,,
Credit,6/7/2021,Orig CO Name:Venmo Orig ID:4264681992 Desc Date:210604 CO Entry,Deposits And Additions,110,"358,705.43",,0,,,
Credit,6/7/2021,Orig CO Name:Venmo Orig ID:4264681992 Desc Date:210606 CO Entry,Deposits And Additions,110,"358,815.43",,0,,,
Debit,6/7/2021,Orig CO Name:Venmo Orig ID:3264681992 Desc Date:210604 CO Entry,Electronic Withdrawals,-110,"358,705.43",,0,,,
Credit,6/7/2021,Orig CO Name:Bankcard-8566 Orig ID:1592126793 Desc Date:210606 CO Entry,Deposits And Additions,223.75,"358,929.18",,0,,,
Debit,6/7/2021,Orig CO Name:Venmo Orig ID:3264681992 Desc Date:210605 CO Entry,Electronic Withdrawals,-110,"358,819.18",,0,,,
Debit,6/7/2021,"06/07 Online Domestic Wire Transfer Via: Citizens Bank, NA/011500120 A/C: Aba/211070175",Electronic Withdrawals,"-8,301.00","350,518.18",,0,,,
Debit,6/7/2021,Orig CO Name:Bankcard-8566 Orig ID:1592126793 Desc Date:210604 CO Entry,Electronic Withdrawals,"-2,335.00","348,183.18",,0,,,
Credit,6/9/2021,Orig CO Name:Bankcard-8566 Orig ID:1592126793 Desc Date:210608 CO Entry,Deposits And Additions,325,"348,508.18",,0,,,
Credit,6/10/2021,Orig CO Name:Bankcard-8566 Orig ID:1592126793 Desc Date:210609 CO Entry,Deposits And Additions,"2,566.25","351,074.43",,0,,,
Debit,6/10/2021,Recurring Card Purchase 06/10 J2 Efax Services 323-817-3205 CA Card 0698,Atm & Debit Card Withdrawals,-16.95,"351,057.48",,0,,,
Credit,6/11/2021,Orig CO Name:Bankcard-8566 Orig ID:1592126793 Desc Date:210610 CO Entry,Deposits And Additions,530,"351,587.48",,0,,,
Debit,6/11/2021,Recurring Card Purchase 06/10 Google *Google Storag 855-836-3987 CA Card 0698,Atm & Debit Card Withdrawals,-9.99,"351,577.49",,0,,,
Credit,6/14/2021,Orig CO Name:Bankcard-8566 Orig ID:1592126793 Desc Date:210613 CO Entry,Deposits And Additions,123.75,"351,701.24",,0,,,
Debit,6/14/2021,Service Charges For The Month of May,Fees,-34.95,"351,666.29",,0,,,
Debit,6/14/2021,Recurring Card Purchase 06/13 Stamps.Com 855-608-2677 CA Card 0698,Atm & Debit Card Withdrawals,-19.59,"351,646.70",,0,,,
Credit,6/14/2021,Orig CO Name:Bankcard-8566 Orig ID:1592126793 Desc Date:210611 CO Entry,Deposits And Additions,420,"352,066.70",,0,,,
Credit,6/14/2021,Orig CO Name:Bankcard-8566 Orig ID:1592126793 Desc Date:210613 CO Entry,Deposits And Additions,320,"352,386.70",,0,,,
Credit,6/15/2021,Orig CO Name:Bankcard-8566 Orig ID:1592126793 Desc Date:210614 CO Entry,Deposits And Additions,333.75,"352,720.45",,0,,,
Credit,6/15/2021,Remote Online Deposit 1,Deposits And Additions,450,"353,170.45",,0,,,
Credit,6/16/2021,Orig CO Name:Bankcard-8566 Orig ID:1592126793 Desc Date:210615 CO Entry,Deposits And Additions,270,"353,440.45",,0,,,
Credit,6/17/2021,Orig CO Name:Bankcard-8566 Orig ID:1592126793 Desc Date:210616 CO Entry,Deposits And Additions,123.75,"353,564.20",,0,,,
Debit,6/17/2021,Orig CO Name:Sra Associates Orig ID:1273846756 Desc Date:210616 CO Entry,Electronic Withdrawals,-93.6,"353,470.60",,0,,,
Credit,6/18/2021,Orig CO Name:Bankcard-8566 Orig ID:1592126793 Desc Date:210617 CO Entry,Deposits And Additions,320,"353,790.60",,0,,,
Credit,6/18/2021,Orig CO Name:Venmo Orig ID:4264681992 Desc Date:210617 CO Entry,Deposits And Additions,110,"353,900.60",,0,,,
Credit,6/21/2021,Orig CO Name:Bankcard-8566 Orig ID:1592126793 Desc Date:210620 CO Entry,Deposits And Additions,333.75,"354,234.35",,0,,,
Credit,6/21/2021,Orig CO Name:Bankcard-8566 Orig ID:1592126793 Desc Date:210618 CO Entry,Deposits And Additions,595,"354,829.35",,0,,,
Debit,6/21/2021,Card Purchase 06/18 Audible*2190615W1 Amzn.Com/Bill NJ Card 0698,Atm & Debit Card Withdrawals,-7.95,"354,821.40",,0,,,
Debit,6/21/2021,Card Purchase 06/18 Audible*2112X7Cc2 Amzn.Com/Bill NJ Card 0698,Atm & Debit Card Withdrawals,-7.95,"354,813.45",,0,,,
Credit,6/22/2021,Orig CO Name:Bankcard-8566 Orig ID:1592126793 Desc Date:210621 CO Entry,Deposits And Additions,210,"355,023.45",,0,,,
Credit,6/23/2021,Orig CO Name:Bankcard-8566 Orig ID:1592126793 Desc Date:210622 CO Entry,Deposits And Additions,543.75,"355,567.20",,0,,,
Debit,6/23/2021,Recurring Card Purchase 06/22 Web*Networksolutions 888-6429675 FL Card 0698,Atm & Debit Card Withdrawals,-75.98,"355,491.22",,0,,,
Credit,6/24/2021,Orig CO Name:Bankcard-8566 Orig ID:1592126793 Desc Date:210623 CO Entry,Deposits And Additions,"1,407.50","356,898.72",,0,,,
Credit,6/25/2021,Orig CO Name:Bankcard-8566 Orig ID:1592126793 Desc Date:210624 CO Entry,Deposits And Additions,"1,118.75","358,017.47",,0,,,
Credit,6/28/2021,Orig CO Name:Bankcard-8566 Orig ID:1592126793 Desc Date:210625 CO Entry,Deposits And Additions,870,"358,887.47",,0,,,
Credit,6/28/2021,Orig CO Name:Bankcard-8566 Orig ID:1592126793 Desc Date:210627 CO Entry,Deposits And Additions,123.75,"359,011.22",,0,,,
Debit,6/28/2021,Recurring Card Purchase 06/27 Eig*Constantcontact.CO 855-2295506 MA Card 0698,Atm & Debit Card Withdrawals,-103.44,"358,907.78",,0,,,
Credit,6/28/2021,Orig CO Name:Bankcard-8566 Orig ID:1592126793 Desc Date:210627 CO Entry,Deposits And Additions,553.75,"359,461.53",,0,,,
Credit,6/29/2021,Orig CO Name:Harpercollins-Ha Orig ID:5568227951 Desc Date:210629 CO Entry,Deposits And Additions,"1,250.00","360,711.53",,0,,,
Credit,6/29/2021,Orig CO Name:Bankcard-8566 Orig ID:1592126793 Desc Date:210628 CO Entry,Deposits And Additions,123.75,"360,835.28",,0,,,
Debit,6/30/2021,06/30 Online Transfer To Chk ...7365 Transaction#: 12075423117,Electronic Withdrawals,"-10,000.00","350,835.28",,0,,,
Credit,7/1/2021,Orig CO Name:Bankcard-8566 Orig ID:1592126793 Desc Date:210630 CO Entry,Deposits And Additions,110,"350,945.28",,0,,,
Debit,7/2/2021,Recurring Card Purchase 07/02 Linode 855-454-6633 PA Card 0698,Atm & Debit Card Withdrawals,-30,"350,915.28",,0,,,
Credit,7/2/2021,Orig CO Name:Bankcard-8566 Orig ID:1592126793 Desc Date:210701 CO Entry,Deposits And Additions,"3,263.75","354,179.03",,0,,,
Debit,7/2/2021,Orig CO Name:Bankcard-8566 Orig ID:1592126793 Desc Date:210630 CO Entry,Electronic Withdrawals,-565.97,"353,613.06",,0,,,
Credit,7/6/2021,Orig CO Name:Bankcard-8566 Orig ID:1592126793 Desc Date:210702 CO Entry,Deposits And Additions,"3,160.00","356,773.06",,0,,,
Credit,7/6/2021,Online Transfer From Chk ...7365 Transaction#: 12119388361,Deposits And Additions,"10,000.00","366,773.06",,0,,,
Debit,7/6/2021,Service Charges For The Month of June,Fees,-34.95,"366,738.11",,0,,,
Credit,7/6/2021,Orig CO Name:Bankcard-8566 Orig ID:1592126793 Desc Date:210704 CO Entry,Deposits And Additions,273.75,"367,011.86",,0,,,
Credit,7/6/2021,Orig CO Name:Bankcard-8566 Orig ID:1592126793 Desc Date:210704 CO Entry,Deposits And Additions,192.5,"367,204.36",,0,,,
Credit,7/6/2021,Orig CO Name:Bankcard-8566 Orig ID:1592126793 Desc Date:210705 CO Entry,Deposits And Additions,"1,376.25","368,580.61",,0,,,
Credit,7/7/2021,Remote Online Deposit 1,Deposits And Additions,"2,000.00","370,580.61",,0,,,
Credit,7/7/2021,Orig CO Name:Bankcard-8566 Orig ID:1592126793 Desc Date:210706 CO Entry,Deposits And Additions,667.5,"371,248.11",,0,,,
Credit,7/8/2021,Orig CO Name:Bankcard-8566 Orig ID:1592126793 Desc Date:210707 CO Entry,Deposits And Additions,"3,393.75","374,641.86",,0,,,
Credit,7/9/2021,Orig CO Name:Bankcard-8566 Orig ID:1592126793 Desc Date:210708 CO Entry,Deposits And Additions,"8,162.50","382,804.36",,0,,,
Debit,7/12/2021,Recurring Card Purchase 07/10 Google *Google Storag 855-836-3987 CA Card 0698,Atm & Debit Card Withdrawals,-9.99,"382,794.37",,0,,,
Credit,7/12/2021,Orig CO Name:Bankcard-8566 Orig ID:1592126793 Desc Date:210709 CO Entry,Deposits And Additions,"6,172.50","388,966.87",,0,,,
Credit,7/12/2021,Orig CO Name:Bankcard-8566 Orig ID:1592126793 Desc Date:210711 CO Entry,Deposits And Additions,"1,740.00","390,706.87",,0,,,
Credit,7/12/2021,Orig CO Name:Bankcard-8566 Orig ID:1592126793 Desc Date:210711 CO Entry,Deposits And Additions,976.25,"391,683.12",,0,,,
Credit,7/12/2021,Online Transfer From Chk ...7365 Transaction#: 12158813650,Deposits And Additions,700,"392,383.12",,0,,,
Debit,7/12/2021,Recurring Card Purchase 07/10 J2 Efax Services 323-817-3205 CA Card 0698,Atm & Debit Card Withdrawals,-16.95,"392,366.17",,0,,,
Debit,7/12/2021,07/12 Online International Wire Transfer A/C: Svenska Handelsbanken Ab Publ Stockholm,Electronic Withdrawals,-700,"391,666.17",,0,,,
Debit,7/12/2021,07/12 Online ACH Payment 5294995085 To Audiofile Publications (_######6478),Electronic Withdrawals,"-13,855.00","377,811.17",,0,,,
Debit,7/12/2021,"07/12 Online Domestic Wire Transfer Via: Citizens Bank, NA/011500120 A/C: Aba/211070175",Electronic Withdrawals,"-5,247.07","372,564.10",,0,,,
Debit,7/12/2021,"07/12 Online Domestic Wire Transfer Via: Citizens Bank, NA/011500120 A/C: Aba/211070175",Electronic Withdrawals,"-6,221.57","366,342.53",,0,,,
Debit,7/12/2021,07/12 Online Payment 12158806064 To Cristaux,Electronic Withdrawals,-255.9,"366,086.63",,0,,,
Debit,7/12/2021,"Zelle Payment To Janet Benson, Inc. 12157602964",Electronic Withdrawals,-111.85,"365,974.78",,0,,,
Credit,7/13/2021,Orig CO Name:Bankcard-8566 Orig ID:1592126793 Desc Date:210712 CO Entry,Deposits And Additions,"1,082.50","367,057.28",,0,,,
Debit,7/13/2021,Orig CO Name:Branch & Bramble Orig ID:9215986202 Desc Date:210713 CO Entry,Electronic Withdrawals,"-18,005.00","349,052.28",,0,,,
Debit,7/14/2021,Recurring Card Purchase 07/13 Stamps.Com 855-608-2677 CA Card 0698,Atm & Debit Card Withdrawals,-19.59,"349,032.69",,0,,,
Credit,7/14/2021,Orig CO Name:Bankcard-8566 Orig ID:1592126793 Desc Date:210713 CO Entry,Deposits And Additions,"1,995.00","351,027.69",,0,,,
Debit,7/14/2021,Recurring Card Purchase 07/13 Web*Networksolutions 888-6429675 FL Card 0698,Atm & Debit Card Withdrawals,-85.98,"350,941.71",,0,,,
Credit,7/15/2021,Orig CO Name:Bankcard-8566 Orig ID:1592126793 Desc Date:210714 CO Entry,Deposits And Additions,"19,812.50","370,754.21",,0,,,
Credit,7/16/2021,Orig CO Name:Bankcard-8566 Orig ID:1592126793 Desc Date:210715 CO Entry,Deposits And Additions,"11,942.50","382,696.71",,0,,,
Debit,7/19/2021,Card Purchase 07/18 Audible*2E8Zg8Lg2 Amzn.Com/Bill NJ Card 0698,Atm & Debit Card Withdrawals,-7.95,"382,688.76",,0,,,
Debit,7/19/2021,Card Purchase 07/18 Audible*2E76B4Lo2 Amzn.Com/Bill NJ Card 0698,Atm & Debit Card Withdrawals,-7.95,"382,680.81",,0,,,
Credit,7/19/2021,Orig CO Name:Bankcard-8566 Orig ID:1592126793 Desc Date:210718 CO Entry,Deposits And Additions,745,"383,425.81",,0,,,
Credit,7/19/2021,Orig CO Name:Bankcard-8566 Orig ID:1592126793 Desc Date:210716 CO Entry,Deposits And Additions,"36,572.50","419,998.31",,0,,,
Credit,7/20/2021,Orig CO Name:Bankcard-8566 Orig ID:1592126793 Desc Date:210719 CO Entry,Deposits And Additions,210,"420,208.31",,0,,,
Credit,7/21/2021,Credit Return: Online Payment 11588441078 To Young Female Farmers,Deposits And Additions,"1,000.00","421,208.31",,0,,,
Credit,7/21/2021,Orig CO Name:Bankcard-8566 Orig ID:1592126793 Desc Date:210720 CO Entry,Deposits And Additions,432.5,"421,640.81",,0,,,
Credit,7/22/2021,Orig CO Name:Bankcard-8566 Orig ID:1592126793 Desc Date:210721 CO Entry,Deposits And Additions,"7,442.50","429,083.31",,0,,,
Credit,7/23/2021,Orig CO Name:Bankcard-8566 Orig ID:1592126793 Desc Date:210722 CO Entry,Deposits And Additions,150,"429,233.31",,0,,,
Credit,7/26/2021,Orig CO Name:Bankcard-8566 Orig ID:1592126793 Desc Date:210725 CO Entry,Deposits And Additions,440,"429,673.31",,0,,,
Credit,7/26/2021,Orig CO Name:Bankcard-8566 Orig ID:1592126793 Desc Date:210723 CO Entry,Deposits And Additions,"1,732.50","431,405.81",,0,,,
Credit,7/27/2021,Orig CO Name:Harpercollins-Ha Orig ID:5568227951 Desc Date:210727 CO Entry,Deposits And Additions,"10,010.00","441,415.81",,0,,,
Credit,7/28/2021,Orig CO Name:Bankcard-8566 Orig ID:1592126793 Desc Date:210727 CO Entry,Deposits And Additions,302.5,"441,718.31",,0,,,
Credit,7/29/2021,Orig CO Name:Bankcard-8566 Orig ID:1592126793 Desc Date:210728 CO Entry,Deposits And Additions,770,"442,488.31",,0,,,
Debit,7/29/2021,Recurring Card Purchase 07/28 Eig*Constantcontact.CO 855-2295506 MA Card 0698,Atm & Debit Card Withdrawals,-103.44,"442,384.87",,0,,,
Credit,7/30/2021,Orig CO Name:Bankcard-8566 Orig ID:1592126793 Desc Date:210729 CO Entry,Deposits And Additions,240,"442,624.87",,0,,,
Credit,8/2/2021,Orig CO Name:Bankcard-8566 Orig ID:1592126793 Desc Date:210731 CO Entry,Deposits And Additions,247.5,"442,872.37",,0,,,
Credit,8/2/2021,Orig CO Name:Bankcard-8566 Orig ID:1592126793 Desc Date:210730 CO Entry,Deposits And Additions,165,"443,037.37",,0,,,
Debit,8/2/2021,Orig CO Name:Bankcard-8566 Orig ID:1592126793 Desc Date:210731 CO Entry,Electronic Withdrawals,"-5,008.26","438,029.11",,0,,,
Debit,8/2/2021,Recurring Card Purchase 08/02 Linode 855-454-6633 PA Card 0698,Atm & Debit Card Withdrawals,-30,"437,999.11",,0,,,
Credit,8/3/2021,Orig CO Name:Bankcard-8566 Orig ID:1592126793 Desc Date:210802 CO Entry,Deposits And Additions,82.5,"438,081.61",,0,,,
Credit,8/3/2021,Orig CO Name:Bankcard-8566 Orig ID:1592126793 Desc Date:210802 CO Entry,Deposits And Additions,445,"438,526.61",,0,,,
Debit,8/4/2021,Service Charges For The Month of July,Fees,-34.95,"438,491.66",,0,,,
Credit,8/4/2021,Orig CO Name:Bankcard-8566 Orig ID:1592126793 Desc Date:210803 CO Entry,Deposits And Additions,242.5,"438,734.16",,0,,,
Credit,8/5/2021,Orig CO Name:Bankcard-8566 Orig ID:1592126793 Desc Date:210804 CO Entry,Deposits And Additions,185,"438,919.16",,0,,,
Credit,8/6/2021,Remote Online Deposit 1,Deposits And Additions,500,"439,419.16",,0,,,
Credit,8/6/2021,Remote Online Deposit 1,Deposits And Additions,200,"439,619.16",,0,,,
Credit,8/6/2021,Orig CO Name:Bankcard-8566 Orig ID:1592126793 Desc Date:210805 CO Entry,Deposits And Additions,"1,112.50","440,731.66",,0,,,
Credit,8/9/2021,Orig CO Name:Bankcard-8566 Orig ID:1592126793 Desc Date:210806 CO Entry,Deposits And Additions,370,"441,101.66",,0,,,
Credit,8/9/2021,Orig CO Name:Bankcard-8566 Orig ID:1592126793 Desc Date:210808 CO Entry,Deposits And Additions,150,"441,251.66",,0,,,
Credit,8/9/2021,Orig CO Name:Bankcard-8566 Orig ID:1592126793 Desc Date:210808 CO Entry,Deposits And Additions,300,"441,551.66",,0,,,
Debit,8/10/2021,08/10 Online Transfer To Chk ...7365 Transaction#: 12353156429,Electronic Withdrawals,"-15,000.00","426,551.66",,0,,,
Debit,8/10/2021,Recurring Card Purchase 08/10 J2 Efax Services 323-817-3205 CA Card 0698,Atm & Debit Card Withdrawals,-16.95,"426,534.71",,0,,,
Debit,8/10/2021,Recurring Card Purchase 08/10 Google *Google Storag 855-836-3987 CA Card 0698,Atm & Debit Card Withdrawals,-9.99,"426,524.72",,0,,,
Credit,8/10/2021,Orig CO Name:Bankcard-8566 Orig ID:1592126793 Desc Date:210809 CO Entry,Deposits And Additions,260,"426,784.72",,0,,,
Credit,8/11/2021,Online Transfer From Chk ...7365 Transaction#: 12359694205,Deposits And Additions,"15,000.00","441,784.72",,0,,,
Credit,8/11/2021,Orig CO Name:Bankcard-8566 Orig ID:1592126793 Desc Date:210810 CO Entry,Deposits And Additions,225,"442,009.72",,0,,,
Debit,8/12/2021,Orig CO Name:Branch & Bramble Orig ID:9215986202 Desc Date:210812 CO Entry,Electronic Withdrawals,"-12,895.00","429,114.72",,0,,,
Credit,8/12/2021,Orig CO Name:Bankcard-8566 Orig ID:1592126793 Desc Date:210811 CO Entry,Deposits And Additions,165,"429,279.72",,0,,,
Credit,8/12/2021,Remote Online Deposit 1,Deposits And Additions,"12,550.00","441,829.72",,0,,,
Credit,8/13/2021,Orig CO Name:Bankcard-8566 Orig ID:1592126793 Desc Date:210812 CO Entry,Deposits And Additions,525,"442,354.72",,0,,,
Debit,8/13/2021,Recurring Card Purchase 08/13 Stamps.Com 855-608-2677 CA Card 0698,Atm & Debit Card Withdrawals,-19.59,"442,335.13",,0,,,
Credit,8/13/2021,Online Transfer From Chk ...7365 Transaction#: 12379379057,Deposits And Additions,"20,000.00","462,335.13",,0,,,
Credit,8/16/2021,Orig CO Name:Bankcard-8566 Orig ID:1592126793 Desc Date:210815 CO Entry,Deposits And Additions,685,"463,020.13",,0,,,
Credit,8/16/2021,Orig CO Name:Bankcard-8566 Orig ID:1592126793 Desc Date:210813 CO Entry,Deposits And Additions,165,"463,185.13",,0,,,
Debit,8/18/2021,Card Purchase 08/18 Audible*2D66B7500 Amzn.Com/Bill NJ Card 0698,Atm & Debit Card Withdrawals,-7.95,"463,177.18",,0,,,
Debit,8/18/2021,Card Purchase 08/18 Audible*2D3H83Qi1 Amzn.Com/Bill NJ Card 0698,Atm & Debit Card Withdrawals,-7.95,"463,169.23",,0,,,
Credit,8/19/2021,Orig CO Name:Bankcard-8566 Orig ID:1592126793 Desc Date:210818 CO Entry,Deposits And Additions,585,"463,754.23",,0,,,
Debit,8/19/2021,Orig CO Name:Venmo Orig ID:3264681992 Desc Date:210818 CO Entry,Electronic Withdrawals,-120,"463,634.23",,0,,,
Credit,8/20/2021,Orig CO Name:Bankcard-8566 Orig ID:1592126793 Desc Date:210819 CO Entry,Deposits And Additions,"1,665.00","465,299.23",,0,,,
Credit,8/23/2021,Orig CO Name:Bankcard-8566 Orig ID:1592126793 Desc Date:210822 CO Entry,Deposits And Additions,122.5,"465,421.73",,0,,,
Credit,8/23/2021,Orig CO Name:Bankcard-8566 Orig ID:1592126793 Desc Date:210822 CO Entry,Deposits And Additions,122.5,"465,544.23",,0,,,
Credit,8/23/2021,Orig CO Name:Bankcard-8566 Orig ID:1592126793 Desc Date:210820 CO Entry,Deposits And Additions,780,"466,324.23",,0,,,
Credit,8/24/2021,Orig CO Name:Bankcard-8566 Orig ID:1592126793 Desc Date:210823 CO Entry,Deposits And Additions,80,"466,404.23",,0,,,
Credit,8/25/2021,Orig CO Name:Bankcard-8566 Orig ID:1592126793 Desc Date:210824 CO Entry,Deposits And Additions,122.5,"466,526.73",,0,,,
Credit,8/26/2021,Orig CO Name:Bankcard-8566 Orig ID:1592126793 Desc Date:210825 CO Entry,Deposits And Additions,350,"466,876.73",,0,,,
Credit,8/27/2021,Orig CO Name:Bankcard-8566 Orig ID:1592126793 Desc Date:210826 CO Entry,Deposits And Additions,267.5,"467,144.23",,0,,,
Credit,8/30/2021,Orig CO Name:Bankcard-8566 Orig ID:1592126793 Desc Date:210829 CO Entry,Deposits And Additions,190,"467,334.23",,0,,,
Credit,8/30/2021,Orig CO Name:Bankcard-8566 Orig ID:1592126793 Desc Date:210829 CO Entry,Deposits And Additions,230,"467,564.23",,0,,,
Debit,8/30/2021,Recurring Card Purchase 08/28 Eig*Constantcontact.CO 855-2295506 MA Card 0698,Atm & Debit Card Withdrawals,-103.44,"467,460.79",,0,,,
Credit,8/30/2021,Orig CO Name:Bankcard-8566 Orig ID:1592126793 Desc Date:210827 CO Entry,Deposits And Additions,142.5,"467,603.29",,0,,,
Credit,9/1/2021,Orig CO Name:Bankcard-8566 Orig ID:1592126793 Desc Date:210831 CO Entry,Deposits And Additions,437.5,"468,040.79",,0,,,
Debit,9/1/2021,Recurring Card Purchase 09/01 Linode 855-454-6633 PA Card 0698,Atm & Debit Card Withdrawals,-30,"468,010.79",,0,,,
Credit,9/2/2021,Orig CO Name:Bankcard-8566 Orig ID:1592126793 Desc Date:210901 CO Entry,Deposits And Additions,"1,042.50","469,053.29",,0,,,
Debit,9/2/2021,Orig CO Name:Bankcard-8566 Orig ID:1592126793 Desc Date:210831 CO Entry,Electronic Withdrawals,-481.71,"468,571.58",,0,,,
Debit,9/3/2021,Service Charges For The Month of August,Fees,-34.95,"468,536.63",,0,,,
Credit,9/3/2021,Orig CO Name:Bankcard-8566 Orig ID:1592126793 Desc Date:210902 CO Entry,Deposits And Additions,280,"468,816.63",,0,,,
Credit,9/7/2021,Orig CO Name:Bankcard-8566 Orig ID:1592126793 Desc Date:210905 CO Entry,Deposits And Additions,875,"469,691.63",,0,,,
Credit,9/7/2021,Orig CO Name:Bankcard-8566 Orig ID:1592126793 Desc Date:210903 CO Entry,Deposits And Additions,260,"469,951.63",,0,,,
Credit,9/7/2021,Orig CO Name:Bankcard-8566 Orig ID:1592126793 Desc Date:210906 CO Entry,Deposits And Additions,210,"470,161.63",,0,,,
Credit,9/7/2021,Orig CO Name:Bankcard-8566 Orig ID:1592126793 Desc Date:210905 CO Entry,Deposits And Additions,165,"470,326.63",,0,,,
Debit,9/7/2021,Orig CO Name:Great American-G Orig ID:3800146791 Desc Date:210903 CO Entry,Electronic Withdrawals,-518,"469,808.63",,0,,,
Debit,9/7/2021,Recurring Card Purchase 09/04 Web*Networksolutions 888-6429675 FL Card 0698,Atm & Debit Card Withdrawals,-75.97,"469,732.66",,0,,,
Credit,9/8/2021,Orig CO Name:Bankcard-8566 Orig ID:1592126793 Desc Date:210907 CO Entry,Deposits And Additions,260,"469,992.66",,0,,,
Credit,9/9/2021,Orig CO Name:Bankcard-8566 Orig ID:1592126793 Desc Date:210908 CO Entry,Deposits And Additions,692.5,"470,685.16",,0,,,
Debit,9/10/2021,Recurring Card Purchase 09/10 Google *Google Storag 855-836-3987 CA Card 0698,Atm & Debit Card Withdrawals,-9.99,"470,675.17",,0,,,
Debit,9/10/2021,Recurring Card Purchase 09/10 J2 Efax Services 323-817-3205 CA Card 0698,Atm & Debit Card Withdrawals,-16.95,"470,658.22",,0,,,
Credit,9/10/2021,Orig CO Name:Bankcard-8566 Orig ID:1592126793 Desc Date:210909 CO Entry,Deposits And Additions,242.5,"470,900.72",,0,,,
Credit,9/13/2021,Orig CO Name:Bankcard-8566 Orig ID:1592126793 Desc Date:210912 CO Entry,Deposits And Additions,40,"470,940.72",,0,,,
Debit,9/13/2021,Recurring Card Purchase 09/13 Stamps.Com 855-608-2677 CA Card 0698,Atm & Debit Card Withdrawals,-19.59,"470,921.13",,0,,,
Credit,9/13/2021,Orig CO Name:Bankcard-8566 Orig ID:1592126793 Desc Date:210912 CO Entry,Deposits And Additions,320,"471,241.13",,0,,,
Credit,9/13/2021,Orig CO Name:Bankcard-8566 Orig ID:1592126793 Desc Date:210910 CO Entry,Deposits And Additions,102.5,"471,343.63",,0,,,
Credit,9/15/2021,Orig CO Name:Bankcard-8566 Orig ID:1592126793 Desc Date:210914 CO Entry,Deposits And Additions,437.5,"471,781.13",,0,,,
Credit,9/16/2021,Orig CO Name:Bankcard-8566 Orig ID:1592126793 Desc Date:210915 CO Entry,Deposits And Additions,787.5,"472,568.63",,0,,,
Credit,9/17/2021,Orig CO Name:Bankcard-8566 Orig ID:1592126793 Desc Date:210916 CO Entry,Deposits And Additions,462.5,"473,031.13",,0,,,
Credit,9/20/2021,Orig CO Name:Bankcard-8566 Orig ID:1592126793 Desc Date:210919 CO Entry,Deposits And Additions,40,"473,071.13",,0,,,
Credit,9/20/2021,Orig CO Name:Bankcard-8566 Orig ID:1592126793 Desc Date:210917 CO Entry,Deposits And Additions,"1,335.00","474,406.13",,0,,,
Debit,9/20/2021,Card Purchase 09/18 Audible*2G2Fi47Z1 Amzn.Com/Bill NJ Card 0698,Atm & Debit Card Withdrawals,-7.95,"474,398.18",,0,,,
Credit,9/20/2021,Orig CO Name:Bankcard-8566 Orig ID:1592126793 Desc Date:210919 CO Entry,Deposits And Additions,"1,142.50","475,540.68",,0,,,
Debit,9/20/2021,Card Purchase 09/18 Audible*2G0U80711 Amzn.Com/Bill NJ Card 0698,Atm & Debit Card Withdrawals,-7.95,"475,532.73",,0,,,
Credit,9/21/2021,Orig CO Name:Bankcard-8566 Orig ID:1592126793 Desc Date:210920 CO Entry,Deposits And Additions,82.5,"475,615.23",,0,,,
Credit,9/22/2021,Orig CO Name:Bankcard-8566 Orig ID:1592126793 Desc Date:210921 CO Entry,Deposits And Additions,"1,592.50","477,207.73",,0,,,
Credit,9/23/2021,Orig CO Name:Bankcard-8566 Orig ID:1592126793 Desc Date:210922 CO Entry,Deposits And Additions,765,"477,972.73",,0,,,
Credit,9/24/2021,Orig CO Name:Bankcard-8566 Orig ID:1592126793 Desc Date:210923 CO Entry,Deposits And Additions,247.5,"478,220.23",,0,,,
Credit,9/24/2021,Remote Online Deposit 1,Deposits And Additions,"10,890.00","489,110.23",,0,,,
Credit,9/27/2021,Orig CO Name:Bankcard-8566 Orig ID:1592126793 Desc Date:210926 CO Entry,Deposits And Additions,492.5,"489,602.73",,0,,,
Credit,9/27/2021,Orig CO Name:Bankcard-8566 Orig ID:1592126793 Desc Date:210924 CO Entry,Deposits And Additions,765,"490,367.73",,0,,,
Credit,9/28/2021,Orig CO Name:Bankcard-8566 Orig ID:1592126793 Desc Date:210927 CO Entry,Deposits And Additions,40,"490,407.73",,0,,,
Debit,9/28/2021,Recurring Card Purchase 09/27 Eig*Constantcontact.CO 855-2295506 MA Card 0698,Atm & Debit Card Withdrawals,-103.44,"490,304.29",,0,,,
Credit,9/29/2021,Orig CO Name:Bankcard-8566 Orig ID:1592126793 Desc Date:210928 CO Entry,Deposits And Additions,"1,497.50","491,801.79",,0,,,
Credit,9/30/2021,Orig CO Name:Bankcard-8566 Orig ID:1592126793 Desc Date:210929 CO Entry,Deposits And Additions,"1,272.50","493,074.29",,0,,,
Credit,10/1/2021,Orig CO Name:Bankcard-8566 Orig ID:1592126793 Desc Date:210930 CO Entry,Deposits And Additions,717.5,"493,791.79",,0,,,
Debit,10/1/2021,10/01 Online Domestic Wire Transfer A/C: Soapy Film Inc. Jersey City NJ 07302-6634 US Trn:,Electronic Withdrawals,"-15,000.00","478,791.79",,0,,,
Credit,10/4/2021,Orig CO Name:Bankcard-8566 Orig ID:1592126793 Desc Date:211001 CO Entry,Deposits And Additions,950,"479,741.79",,0,,,
Credit,10/4/2021,Orig CO Name:Bankcard-8566 Orig ID:1592126793 Desc Date:211003 CO Entry,Deposits And Additions,"1,861.25","481,603.04",,0,,,
Debit,10/4/2021,Orig CO Name:Bankcard-8566 Orig ID:1592126793 Desc Date:210930 CO Entry,Electronic Withdrawals,-727.95,"480,875.09",,0,,,
Debit,10/4/2021,Recurring Card Purchase 10/02 Linode 855-454-6633 PA Card 0698,Atm & Debit Card Withdrawals,-30,"480,845.09",,0,,,
Credit,10/4/2021,Orig CO Name:Bankcard-8566 Orig ID:1592126793 Desc Date:211003 CO Entry,Deposits And Additions,992.5,"481,837.59",,0,,,
Debit,10/5/2021,Service Charges For The Month of September,Fees,-34.95,"481,802.64",,0,,,
Credit,10/5/2021,Orig CO Name:Bankcard-8566 Orig ID:1592126793 Desc Date:211004 CO Entry,Deposits And Additions,556.25,"482,358.89",,0,,,
Debit,10/6/2021,Card Purchase 10/05 Fedex 425812106 800-4633339 TN Card 0698,Atm & Debit Card Withdrawals,-67.61,"482,291.28",,0,,,
Credit,10/6/2021,Orig CO Name:Bankcard-8566 Orig ID:1592126793 Desc Date:211005 CO Entry,Deposits And Additions,"1,256.25","483,547.53",,0,,,
Credit,10/7/2021,Orig CO Name:Bankcard-8566 Orig ID:1592126793 Desc Date:211006 CO Entry,Deposits And Additions,"3,797.50","487,345.03",,0,,,
Credit,10/8/2021,Orig CO Name:Bankcard-8566 Orig ID:1592126793 Desc Date:211007 CO Entry,Deposits And Additions,"5,582.50","492,927.53",,0,,,
Debit,10/12/2021,Recurring Card Purchase 10/10 J2 Efax Services 323-817-3205 CA Card 0698,Atm & Debit Card Withdrawals,-16.95,"492,910.58",,0,,,
Debit,10/12/2021,"10/12 Online Domestic Wire Transfer Via: Citizens Bank, NA/011500120 A/C: Aba/211070175",Electronic Withdrawals,"-5,513.39","487,397.19",,0,,,
Debit,10/12/2021,"10/12 Online Domestic Wire Transfer Via: Citizens Bank, NA/011500120 A/C: Aba/211070175",Electronic Withdrawals,"-5,156.96","482,240.23",,0,,,
Credit,10/12/2021,Orig CO Name:Bankcard-8566 Orig ID:1592126793 Desc Date:211010 CO Entry,Deposits And Additions,210,"482,450.23",,0,,,
Credit,10/12/2021,Orig CO Name:Bankcard-8566 Orig ID:1592126793 Desc Date:211010 CO Entry,Deposits And Additions,"2,075.00","484,525.23",,0,,,
Credit,10/12/2021,Orig CO Name:Bankcard-8566 Orig ID:1592126793 Desc Date:211008 CO Entry,Deposits And Additions,"13,316.25","497,841.48",,0,,,
Credit,10/12/2021,Online Transfer From Chk ...7365 Transaction#: 12776050324,Deposits And Additions,"19,925.00","517,766.48",,0,,,
Debit,10/12/2021,Recurring Card Purchase 10/10 Google *Google Storag 855-836-3987 CA Card 0698,Atm & Debit Card Withdrawals,-9.99,"517,756.49",,0,,,
Debit,10/13/2021,Recurring Card Purchase 10/13 Stamps.Com 855-608-2677 CA Card 0698,Atm & Debit Card Withdrawals,-19.59,"517,736.90",,0,,,
Credit,10/13/2021,Orig CO Name:Bankcard-8566 Orig ID:1592126793 Desc Date:211012 CO Entry,Deposits And Additions,"2,190.00","519,926.90",,0,,,
Credit,10/15/2021,Orig CO Name:Bankcard-8566 Orig ID:1592126793 Desc Date:211014 CO Entry,Deposits And Additions,371.25,"520,298.15",,0,,,
Debit,10/18/2021,Card Purchase 10/18 Audible*2Y85Z03G0 Amzn.Com/Bill NJ Card 0698,Atm & Debit Card Withdrawals,-7.95,"520,290.20",,0,,,
Debit,10/18/2021,Card Purchase 10/18 Audible*2Y7E57N30 Amzn.Com/Bill NJ Card 0698,Atm & Debit Card Withdrawals,-7.95,"520,282.25",,0,,,
Credit,10/18/2021,Orig CO Name:Bankcard-8566 Orig ID:1592126793 Desc Date:211015 CO Entry,Deposits And Additions,206.25,"520,488.50",,0,,,
Credit,10/18/2021,Orig CO Name:Bankcard-8566 Orig ID:1592126793 Desc Date:211017 CO Entry,Deposits And Additions,206.25,"520,694.75",,0,,,
Credit,10/18/2021,Orig CO Name:Bankcard-8566 Orig ID:1592126793 Desc Date:211017 CO Entry,Deposits And Additions,416.25,"521,111.00",,0,,,
Credit,10/19/2021,Orig CO Name:Bankcard-8566 Orig ID:1592126793 Desc Date:211018 CO Entry,Deposits And Additions,206.25,"521,317.25",,0,,,
Credit,10/20/2021,Orig CO Name:Bankcard-8566 Orig ID:1592126793 Desc Date:211019 CO Entry,Deposits And Additions,"3,781.25","525,098.50",,0,,,
Credit,10/21/2021,Orig CO Name:Bankcard-8566 Orig ID:1592126793 Desc Date:211020 CO Entry,Deposits And Additions,206.25,"525,304.75",,0,,,
Credit,10/22/2021,Orig CO Name:Bankcard-8566 Orig ID:1592126793 Desc Date:211021 CO Entry,Deposits And Additions,581.25,"525,886.00",,0,,,
Credit,10/27/2021,Orig CO Name:Bankcard-8566 Orig ID:1592126793 Desc Date:211026 CO Entry,Deposits And Additions,741.25,"526,627.25",,0,,,
Credit,10/28/2021,Orig CO Name:Bankcard-8566 Orig ID:1592126793 Desc Date:211027 CO Entry,Deposits And Additions,856.25,"527,483.50",,0,,,
Debit,10/29/2021,Recurring Card Purchase 10/28 Eig*Constantcontact.CO 855-2295506 MA Card 0698,Atm & Debit Card Withdrawals,-103.44,"527,380.06",,0,,,
Debit,10/29/2021,Recurring Card Purchase 10/28 Web*Networksolutions 888-6429675 FL Card 0698,Atm & Debit Card Withdrawals,-42.99,"527,337.07",,0,,,
Credit,11/1/2021,Orig CO Name:Bankcard-8566 Orig ID:1592126793 Desc Date:211029 CO Entry,Deposits And Additions,"2,206.25","529,543.32",,0,,,
Debit,11/2/2021,Orig CO Name:Bankcard-8566 Orig ID:1592126793 Desc Date:211031 CO Entry,Electronic Withdrawals,"-1,842.22","527,701.10",,0,,,
Debit,11/2/2021,Recurring Card Purchase 11/01 Linode 855-454-6633 PA Card 0698,Atm & Debit Card Withdrawals,-30,"527,671.10",,0,,,
Debit,11/3/2021,Service Charges For The Month of October,Fees,-34.95,"527,636.15",,0,,,
Credit,11/3/2021,Orig CO Name:Bankcard-8566 Orig ID:1592126793 Desc Date:211102 CO Entry,Deposits And Additions,330,"527,966.15",,0,,,
Credit,11/4/2021,Orig CO Name:Bankcard-8566 Orig ID:1592126793 Desc Date:211103 CO Entry,Deposits And Additions,"5,371.25","533,337.40",,0,,,
Credit,11/5/2021,Orig CO Name:Bankcard-8566 Orig ID:1592126793 Desc Date:211104 CO Entry,Deposits And Additions,536.25,"533,873.65",,0,,,
Credit,11/8/2021,Orig CO Name:Bankcard-8566 Orig ID:1592126793 Desc Date:211107 CO Entry,Deposits And Additions,330,"534,203.65",,0,,,
Debit,11/8/2021,Orig CO Name:Yourmembership A Orig ID:1900278160 Desc Date:211107 CO Entry,Electronic Withdrawals,"-7,702.39","526,501.26",,0,,,
Credit,11/8/2021,Orig CO Name:Bankcard-8566 Orig ID:1592126793 Desc Date:211107 CO Entry,Deposits And Additions,742.5,"527,243.76",,0,,,
Credit,11/9/2021,Orig CO Name:Harpercollins-Ha Orig ID:5568227951 Desc Date:211109 CO Entry,Deposits And Additions,"2,200.00","529,443.76",,0,,,
Credit,11/10/2021,Orig CO Name:Bankcard-8566 Orig ID:1592126793 Desc Date:211109 CO Entry,Deposits And Additions,907.5,"530,351.26",,0,,,
Debit,11/10/2021,Orig CO Name:Venmo Orig ID:3264681992 Desc Date:211109 CO Entry,Electronic Withdrawals,-100,"530,251.26",,0,,,
Debit,11/10/2021,Recurring Card Purchase 11/10 Google *Google Storag 855-836-3987 CA Card 0698,Atm & Debit Card Withdrawals,-9.99,"530,241.27",,0,,,
Debit,11/10/2021,Recurring Card Purchase 11/10 J2 Efax Services 323-817-3205 CA Card 0698,Atm & Debit Card Withdrawals,-16.95,"530,224.32",,0,,,
Credit,11/12/2021,Orig CO Name:Bankcard-8566 Orig ID:1592126793 Desc Date:211110 CO Entry,Deposits And Additions,637.5,"530,861.82",,0,,,
Credit,11/12/2021,Orig CO Name:Bankcard-8566 Orig ID:1592126793 Desc Date:211111 CO Entry,Deposits And Additions,495,"531,356.82",,0,,,
Credit,11/15/2021,Orig CO Name:Bankcard-8566 Orig ID:1592126793 Desc Date:211112 CO Entry,Deposits And Additions,495,"531,851.82",,0,,,
Credit,11/15/2021,Orig CO Name:Bankcard-8566 Orig ID:1592126793 Desc Date:211114 CO Entry,Deposits And Additions,330,"532,181.82",,0,,,
Debit,11/15/2021,"Zelle Payment To Janet Benson, Inc. 13009036630",Electronic Withdrawals,-46.02,"532,135.80",,0,,,
Debit,11/15/2021,Orig CO Name:Bankcard-8566 Orig ID:1592126793 Desc Date:211114 CO Entry,Electronic Withdrawals,-815,"531,320.80",,0,,,
Debit,11/15/2021,11/15 Online Domestic Wire Transfer A/C: The Samonte Group LLC Los Angeles CA,Electronic Withdrawals,"-14,000.00","517,320.80",,0,,,
Debit,11/15/2021,11/15 Online Domestic Wire Transfer Via: Itasca Bank/071922175 A/C: Cristaux International,Electronic Withdrawals,"-4,830.00","512,490.80",,0,,,
Debit,11/16/2021,Orig CO Name:Venmo Orig ID:3264681992 Desc Date:211115 CO Entry,Electronic Withdrawals,-175,"512,315.80",,0,,,
Credit,11/17/2021,Orig CO Name:Bankcard-8566 Orig ID:1592126793 Desc Date:211116 CO Entry,Deposits And Additions,"2,942.50","515,258.30",,0,,,
Credit,11/18/2021,Orig CO Name:Bankcard-8566 Orig ID:1592126793 Desc Date:211117 CO Entry,Deposits And Additions,412.5,"515,670.80",,0,,,
Debit,11/18/2021,Recurring Card Purchase 11/18 Stamps.Com 855-608-2677 CA Card 0698,Atm & Debit Card Withdrawals,-19.59,"515,651.21",,0,,,
Debit,11/18/2021,Card Purchase 11/18 Audible*Nu79N6Lk3 Amzn.Com/Bill NJ Card 0698,Atm & Debit Card Withdrawals,-7.95,"515,643.26",,0,,,
Debit,11/18/2021,Card Purchase 11/18 Audible*Ao2085M83 Amzn.Com/Bill NJ Card 0698,Atm & Debit Card Withdrawals,-7.95,"515,635.31",,0,,,
Credit,11/19/2021,Orig CO Name:Bankcard-8566 Orig ID:1592126793 Desc Date:211118 CO Entry,Deposits And Additions,"17,291.25","532,926.56",,0,,,
Credit,11/22/2021,Orig CO Name:Bankcard-8566 Orig ID:1592126793 Desc Date:211119 CO Entry,Deposits And Additions,"13,412.50","546,339.06",,0,,,
Credit,11/22/2021,Orig CO Name:Bankcard-8566 Orig ID:1592126793 Desc Date:211121 CO Entry,Deposits And Additions,"2,025.00","548,364.06",,0,,,
Credit,11/22/2021,Orig CO Name:Bankcard-8566 Orig ID:1592126793 Desc Date:211121 CO Entry,Deposits And Additions,"14,605.00","562,969.06",,0,,,
Credit,11/23/2021,Orig CO Name:Bankcard-8566 Orig ID:1592126793 Desc Date:211122 CO Entry,Deposits And Additions,"1,455.00","564,424.06",,0,,,
Credit,11/24/2021,Orig CO Name:Bankcard-8566 Orig ID:1592126793 Desc Date:211123 CO Entry,Deposits And Additions,"10,671.25","575,095.31",,0,,,
Credit,11/26/2021,Orig CO Name:Bankcard-8566 Orig ID:1592126793 Desc Date:211125 CO Entry,Deposits And Additions,990,"576,085.31",,0,,,
Credit,11/26/2021,Orig CO Name:Bankcard-8566 Orig ID:1592126793 Desc Date:211124 CO Entry,Deposits And Additions,"8,725.00","584,810.31",,0,,,
Debit,11/29/2021,11/29 Online Transfer To Chk ...7365 Transaction#: 13112874287,Electronic Withdrawals,"-5,117.28","579,693.03",,0,,,
Credit,11/29/2021,Orig CO Name:Bankcard-8566 Orig ID:1592126793 Desc Date:211128 CO Entry,Deposits And Additions,701.25,"580,394.28",,0,,,
Credit,11/29/2021,Orig CO Name:Bankcard-8566 Orig ID:1592126793 Desc Date:211128 CO Entry,Deposits And Additions,866.25,"581,260.53",,0,,,
Debit,11/29/2021,Recurring Card Purchase 11/27 Eig*Constantcontact.CO 855-2295506 MA Card 0698,Atm & Debit Card Withdrawals,-103.44,"581,157.09",,0,,,
Credit,11/29/2021,Orig CO Name:Bankcard-8566 Orig ID:1592126793 Desc Date:211126 CO Entry,Deposits And Additions,330,"581,487.09",,0,,,
Credit,11/30/2021,Orig CO Name:Bankcard-8566 Orig ID:1592126793 Desc Date:211129 CO Entry,Deposits And Additions,"1,361.25","582,848.34",,0,,,
Credit,12/1/2021,Orig CO Name:Bankcard-8566 Orig ID:1592126793 Desc Date:211130 CO Entry,Deposits And Additions,825,"583,673.34",,0,,,
Debit,12/2/2021,Orig CO Name:Bankcard-8566 Orig ID:1592126793 Desc Date:211130 CO Entry,Electronic Withdrawals,"-3,821.27","579,852.07",,0,,,
Credit,12/2/2021,Orig CO Name:Bankcard-8566 Orig ID:1592126793 Desc Date:211201 CO Entry,Deposits And Additions,"1,601.25","581,453.32",,0,,,
Debit,12/2/2021,Recurring Card Purchase 12/01 Linode 855-454-6633 PA Card 0698,Atm & Debit Card Withdrawals,-30,"581,423.32",,0,,,
Debit,12/3/2021,Service Charges For The Month of November,Fees,-34.95,"581,388.37",,0,,,
Credit,12/3/2021,Orig CO Name:Bankcard-8566 Orig ID:1592126793 Desc Date:211202 CO Entry,Deposits And Additions,"1,826.25","583,214.62",,0,,,
Credit,12/6/2021,Orig CO Name:Bankcard-8566 Orig ID:1592126793 Desc Date:211203 CO Entry,Deposits And Additions,"1,661.25","584,875.87",,0,,,
Credit,12/6/2021,Orig CO Name:Bankcard-8566 Orig ID:1592126793 Desc Date:211205 CO Entry,Deposits And Additions,"2,021.25","586,897.12",,0,,,
Credit,12/7/2021,Orig CO Name:Bankcard-8566 Orig ID:1592126793 Desc Date:211206 CO Entry,Deposits And Additions,330,"587,227.12",,0,,,
Credit,12/8/2021,Orig CO Name:Bankcard-8566 Orig ID:1592126793 Desc Date:211207 CO Entry,Deposits And Additions,"3,195.00","590,422.12",,0,,,
Credit,12/9/2021,Orig CO Name:Bankcard-8566 Orig ID:1592126793 Desc Date:211208 CO Entry,Deposits And Additions,"1,650.00","592,072.12",,0,,,
Credit,12/10/2021,Orig CO Name:Bankcard-8566 Orig ID:1592126793 Desc Date:211209 CO Entry,Deposits And Additions,"1,155.00","593,227.12",,0,,,
Debit,12/10/2021,Recurring Card Purchase 12/10 J2 Efax Services 323-817-3205 CA Card 0698,Atm & Debit Card Withdrawals,-16.95,"593,210.17",,0,,,
Debit,12/10/2021,Recurring Card Purchase 12/10 Google *Google Storag 855-836-3987 CA Card 0698,Atm & Debit Card Withdrawals,-9.99,"593,200.18",,0,,,
Credit,12/13/2021,Orig CO Name:Bankcard-8566 Orig ID:1592126793 Desc Date:211212 CO Entry,Deposits And Additions,165,"593,365.18",,0,,,
Credit,12/13/2021,Orig CO Name:Bankcard-8566 Orig ID:1592126793 Desc Date:211212 CO Entry,Deposits And Additions,"2,861.25","596,226.43",,0,,,
Credit,12/13/2021,Orig CO Name:Bankcard-8566 Orig ID:1592126793 Desc Date:211210 CO Entry,Deposits And Additions,671.25,"596,897.68",,0,,,
Credit,12/14/2021,Orig CO Name:Bankcard-8566 Orig ID:1592126793 Desc Date:211213 CO Entry,Deposits And Additions,330,"597,227.68",,0,,,
Debit,12/14/2021,Recurring Card Purchase 12/14 Stamps.Com 855-608-2677 CA Card 0698,Atm & Debit Card Withdrawals,-19.59,"597,208.09",,0,,,
Credit,12/15/2021,Orig CO Name:Bankcard-8566 Orig ID:1592126793 Desc Date:211214 CO Entry,Deposits And Additions,"1,155.00","598,363.09",,0,,,
Credit,12/16/2021,Orig CO Name:Bankcard-8566 Orig ID:1592126793 Desc Date:211215 CO Entry,Deposits And Additions,"22,405.00","620,768.09",,0,,,
Credit,12/17/2021,Orig CO Name:Bankcard-8566 Orig ID:1592126793 Desc Date:211216 CO Entry,Deposits And Additions,"8,790.00","629,558.09",,0,,,
Credit,12/17/2021,Orig CO Name:Overdrive Orig ID:9111052000 Desc Date: CO Entry,Deposits And Additions,300,"629,858.09",,0,,,
Credit,12/20/2021,Orig CO Name:Bankcard-8566 Orig ID:1592126793 Desc Date:211219 CO Entry,Deposits And Additions,825,"630,683.09",,0,,,
Debit,12/20/2021,Card Purchase 12/18 Audible*Lo9Mv5Lx3 Amzn.Com/Bill NJ Card 0698,Atm & Debit Card Withdrawals,-7.95,"630,675.14",,0,,,
Credit,12/20/2021,Orig CO Name:Bankcard-8566 Orig ID:1592126793 Desc Date:211219 CO Entry,Deposits And Additions,"1,950.00","632,625.14",,0,,,
Credit,12/20/2021,Orig CO Name:Bankcard-8566 Orig ID:1592126793 Desc Date:211217 CO Entry,Deposits And Additions,"4,650.00","637,275.14",,0,,,
Credit,12/21/2021,Orig CO Name:Bankcard-8566 Orig ID:1592126793 Desc Date:211220 CO Entry,Deposits And Additions,720,"637,995.14",,0,,,
Credit,12/21/2021,Orig CO Name:Wise Inc Orig ID:1453233521 Desc Date:211220 CO Entry,Deposits And Additions,165,"638,160.14",,0,,,
Credit,12/22/2021,Orig CO Name:Bankcard-8566 Orig ID:1592126793 Desc Date:211221 CO Entry,Deposits And Additions,"1,425.00","639,585.14",,0,,,
Debit,12/23/2021,Orig CO Name:Venmo Orig ID:3264681992 Desc Date:211222 CO Entry,Electronic Withdrawals,-50,"639,535.14",,0,,,
Credit,12/23/2021,Orig CO Name:Bankcard-8566 Orig ID:1592126793 Desc Date:211222 CO Entry,Deposits And Additions,"1,725.00","641,260.14",,0,,,
Credit,12/24/2021,Orig CO Name:Podium Publishin Orig ID:1204895317 Desc Date: CO Entry,Deposits And Additions,"4,800.00","646,060.14",,0,,,
Credit,12/24/2021,Orig CO Name:Bankcard-8566 Orig ID:1592126793 Desc Date:211223 CO Entry,Deposits And Additions,495,"646,555.14",,0,,,
Credit,12/27/2021,Orig CO Name:Bankcard-8566 Orig ID:1592126793 Desc Date:211224 CO Entry,Deposits And Additions,"1,455.00","648,010.14",,0,,,
Credit,12/27/2021,Orig CO Name:Bankcard-8566 Orig ID:1592126793 Desc Date:211226 CO Entry,Deposits And Additions,330,"648,340.14",,0,,,
Credit,12/27/2021,Orig CO Name:Bankcard-8566 Orig ID:1592126793 Desc Date:211226 CO Entry,Deposits And Additions,495,"648,835.14",,0,,,
Credit,12/28/2021,Orig CO Name:Bankcard-8566 Orig ID:1592126793 Desc Date:211227 CO Entry,Deposits And Additions,536.25,"649,371.39",,0,,,
Credit,12/29/2021,Orig CO Name:Bankcard-8566 Orig ID:1592126793 Desc Date:211228 CO Entry,Deposits And Additions,"1,095.00","650,466.39",,0,,,
Credit,12/29/2021,Remote Online Deposit 1,Deposits And Additions,"2,910.00","653,376.39",,0,,,
Credit,12/29/2021,Remote Online Deposit 1,Deposits And Additions,"7,300.00","660,676.39",,0,,,
Credit,12/29/2021,Remote Online Deposit 1,Deposits And Additions,"1,500.00","662,176.39",,0,,,
Credit,12/30/2021,Orig CO Name:Bankcard-8566 Orig ID:1592126793 Desc Date:211229 CO Entry,Deposits And Additions,"1,361.25","663,537.64",,0,,,
Credit,12/31/2021,Orig CO Name:Bankcard-8566 Orig ID:1592126793 Desc Date:211230 CO Entry,Deposits And Additions,"1,155.00","664,692.64",,0,,,
Credit,1/3/2022,Orig CO Name:Bankcard-8566 Orig ID:1592126793 Desc Date:220102 CO Entry,Deposits And Additions,"17,645.00","682,337.64",,0,,,
Credit,1/3/2022,Orig CO Name:Bankcard-8566 Orig ID:1592126793 Desc Date:211231 CO Entry,Deposits And Additions,"10,870.00","693,207.64",,0,,,
Credit,1/3/2022,Orig CO Name:Bankcard-8566 Orig ID:1592126793 Desc Date:220102 CO Entry,Deposits And Additions,"2,445.00","695,652.64",,0,,,
Debit,1/3/2022,Orig CO Name:Bankcard-8566 Orig ID:1592126793 Desc Date:211231 CO Entry,Electronic Withdrawals,"-3,297.80","692,354.84",,0,,,
Credit,1/4/2022,Orig CO Name:Bankcard-8566 Orig ID:1592126793 Desc Date:220103 CO Entry,Deposits And Additions,"1,155.00","693,509.84",,0,,,
Debit,1/5/2022,Service Charges For The Month of December,Fees,-25,"693,484.84",,0,,,
Credit,1/5/2022,Orig CO Name:Bankcard-8566 Orig ID:1592126793 Desc Date:220104 CO Entry,Deposits And Additions,"3,020.00","696,504.84",,0,,,
Credit,1/6/2022,Orig CO Name:Bankcard-8566 Orig ID:1592126793 Desc Date:220105 CO Entry,Deposits And Additions,"9,825.00","706,329.84",,0,,,
Credit,1/6/2022,Book Transfer Credit B/O: Custom House Financial (Uk) Ltd Denver CO 80237- US,Deposits And Additions,"1,500.00","707,829.84",,0,,,
Credit,1/7/2022,Orig CO Name:Bankcard-8566 Orig ID:1592126793 Desc Date:220106 CO Entry,Deposits And Additions,"12,745.00","720,574.84",,0,,,
Credit,1/10/2022,Remote Online Deposit 1,Deposits And Additions,"7,300.00","727,874.84",,0,,,
Credit,1/10/2022,Remote Online Deposit 1,Deposits And Additions,"7,300.00","735,174.84",,0,,,
Credit,1/10/2022,Orig CO Name:Bankcard-8566 Orig ID:1592126793 Desc Date:220107 CO Entry,Deposits And Additions,"8,050.00","743,224.84",,0,,,
Debit,1/10/2022,Recurring Card Purchase 01/08 Eig*Constantcontact.CO 855-2295506 MA Card 4199,Atm & Debit Card Withdrawals,-103.44,"743,121.40",,0,,,
Credit,1/10/2022,Orig CO Name:Bankcard-8566 Orig ID:1592126793 Desc Date:220109 CO Entry,Deposits And Additions,"3,175.00","746,296.40",,0,,,
Credit,1/10/2022,Remote Online Deposit 1,Deposits And Additions,300,"746,596.40",,0,,,
Credit,1/10/2022,Remote Online Deposit 1,Deposits And Additions,300,"746,896.40",,0,,,
Credit,1/10/2022,Remote Online Deposit 1,Deposits And Additions,"1,200.00","748,096.40",,0,,,
Credit,1/10/2022,Remote Online Deposit 1,Deposits And Additions,"3,000.00","751,096.40",,0,,,
Credit,1/10/2022,Remote Online Deposit 1,Deposits And Additions,165,"751,261.40",,0,,,
Credit,1/10/2022,Orig CO Name:Bankcard-8566 Orig ID:1592126793 Desc Date:220109 CO Entry,Deposits And Additions,"8,390.00","759,651.40",,0,,,
Credit,1/11/2022,Online Transfer From Chk ...7365 Transaction#: 13430128605,Deposits And Additions,"3,750.00","763,401.40",,0,,,
Credit,1/11/2022,Orig CO Name:Bankcard-8566 Orig ID:1592126793 Desc Date:220110 CO Entry,Deposits And Additions,"2,060.00","765,461.40",,0,,,
Debit,1/12/2022,01/12 Online ACH Payment 5318274986 To Baileyduquette (_######9908),Electronic Withdrawals,"-3,750.00","761,711.40",,0,,,
Debit,1/12/2022,01/12 Online ACH Payment 5318274894 To Baileyduquette (_######9908),Electronic Withdrawals,"-2,200.00","759,511.40",,0,,,
Debit,1/12/2022,01/12 Online ACH Payment 5318274811 To Baileyduquette (_######9908),Electronic Withdrawals,-112.5,"759,398.90",,0,,,
Credit,1/12/2022,Orig CO Name:Bankcard-8566 Orig ID:1592126793 Desc Date:220111 CO Entry,Deposits And Additions,"4,585.00","763,983.90",,0,,,
Debit,1/12/2022,Deposited Item Returned Stop Payment 099010812 # of,Electronic Withdrawals,-300,"763,683.90",,0,,,
Credit,1/13/2022,Orig CO Name:Bankcard-8566 Orig ID:1592126793 Desc Date:220112 CO Entry,Deposits And Additions,"4,175.00","767,858.90",,0,,,
Credit,1/14/2022,Orig CO Name:Bankcard-8566 Orig ID:1592126793 Desc Date:220113 CO Entry,Deposits And Additions,"1,715.00","769,573.90",,0,,,
Credit,1/18/2022,Orig CO Name:Bankcard-8566 Orig ID:1592126793 Desc Date:220117 CO Entry,Deposits And Additions,470,"770,043.90",,0,,,
Credit,1/18/2022,Book Transfer Credit B/O: National Westminster Bank Plc London United Kingdom Ec2M,Deposits And Additions,612,"770,655.90",,0,,,
Credit,1/18/2022,Orig CO Name:Bankcard-8566 Orig ID:1592126793 Desc Date:220116 CO Entry,Deposits And Additions,970,"771,625.90",,0,,,
Credit,1/18/2022,Orig CO Name:Bankcard-8566 Orig ID:1592126793 Desc Date:220114 CO Entry,Deposits And Additions,"5,790.00","777,415.90",,0,,,
Credit,1/18/2022,Orig CO Name:Bankcard-8566 Orig ID:1592126793 Desc Date:220116 CO Entry,Deposits And Additions,"3,760.00","781,175.90",,0,,,
Debit,1/18/2022,Recurring Card Purchase 01/17 Google *Google Storag 855-836-3987 CA Card 4199,Atm & Debit Card Withdrawals,-9.99,"781,165.91",,0,,,
Credit,1/18/2022,Orig CO Name:Chicago Review P Orig ID:9362812923 Desc Date: CO Entry,Deposits And Additions,300,"781,465.91",,0,,,
Credit,1/19/2022,Orig CO Name:Bankcard-8566 Orig ID:1592126793 Desc Date:220118 CO Entry,Deposits And Additions,"2,270.00","783,735.91",,0,,,
Debit,1/19/2022,Card Purchase 01/18 Linode 855-454-6633 PA Card 4199,Atm & Debit Card Withdrawals,-30,"783,705.91",,0,,,
Credit,1/20/2022,Book Transfer Credit B/O: Commerzbank Aktiengesellschaft Frankfurt Am Main Germany,Deposits And Additions,"9,975.00","793,680.91",,0,,,
Credit,1/20/2022,Orig CO Name:Bankcard-8566 Orig ID:1592126793 Desc Date:220119 CO Entry,Deposits And Additions,"1,575.00","795,255.91",,0,,,
Debit,1/21/2022,Card Purchase With Pin 01/21 Nnt Paper Source. I001 New York NY Card 4199,Atm & Debit Card Withdrawals,-20.15,"795,235.76",,0,,,
Credit,1/21/2022,Orig CO Name:Bankcard-8566 Orig ID:1592126793 Desc Date:220120 CO Entry,Deposits And Additions,"3,945.00","799,180.76",,0,,,
Credit,1/21/2022,Remote Online Deposit 1,Deposits And Additions,"3,000.00","802,180.76",,0,,,
Credit,1/24/2022,Orig CO Name:Bankcard-8566 Orig ID:1592126793 Desc Date:220121 CO Entry,Deposits And Additions,"1,715.00","803,895.76",,0,,,
Debit,1/24/2022,01/22 Online Transfer To Chk ...7365 Transaction#: 13502534990,Electronic Withdrawals,"-20,000.00","783,895.76",,0,,,
Credit,1/24/2022,Orig CO Name:Bankcard-8566 Orig ID:1592126793 Desc Date:220123 CO Entry,Deposits And Additions,"8,125.00","792,020.76",,0,,,
Credit,1/24/2022,Orig CO Name:Bankcard-8566 Orig ID:1592126793 Desc Date:220123 CO Entry,Deposits And Additions,"3,770.00","795,790.76",,0,,,
Credit,1/25/2022,Orig CO Name:Bankcard-8566 Orig ID:1592126793 Desc Date:220124 CO Entry,Deposits And Additions,"2,620.00","798,410.76",,0,,,
Debit,1/25/2022,01/25 Online ACH Payment 5319788936 To Baileyduquette (_######9908),Electronic Withdrawals,"-3,750.00","794,660.76",,0,,,
Debit,1/25/2022,01/25 Online ACH Payment 5319788896 To Edisonresearch (_######4589),Electronic Withdrawals,"-18,500.00","776,160.76",,0,,,
Debit,1/25/2022,Orig CO Name:Venmo Orig ID:3264681992 Desc Date:220124 CO Entry,Electronic Withdrawals,-175,"775,985.76",,0,,,
Debit,1/25/2022,"01/25 Online Domestic Wire Transfer Via: Citizens Bank, NA/011500120 A/C: Aba/211070175",Electronic Withdrawals,"-6,835.62","769,150.14",,0,,,
Debit,1/25/2022,"01/25 Online Domestic Wire Transfer Via: Citizens Bank, NA/011500120 A/C: Aba/211070175",Electronic Withdrawals,"-5,221.25","763,928.89",,0,,,
Debit,1/25/2022,"01/25 Online Domestic Wire Transfer Via: Citizens Bank, NA/011500120 A/C: Aba/211070175",Electronic Withdrawals,"-10,473.69","753,455.20",,0,,,
Credit,1/26/2022,Orig CO Name:Bankcard-8566 Orig ID:1592126793 Desc Date:220125 CO Entry,Deposits And Additions,"7,565.00","761,020.20",,0,,,
Debit,1/27/2022,Card Purchase 01/27 Sq *Limousine Nyc LLC Gosq.Com NY Card 4199,Atm & Debit Card Withdrawals,-444.21,"760,575.99",,0,,,
Credit,1/27/2022,Orig CO Name:Bankcard-8566 Orig ID:1592126793 Desc Date:220126 CO Entry,Deposits And Additions,"7,935.00","768,510.99",,0,,,
Credit,1/28/2022,Orig CO Name:Bankcard-8566 Orig ID:1592126793 Desc Date:220127 CO Entry,Deposits And Additions,"15,220.00","783,730.99",,0,,,
Debit,1/28/2022,Card Purchase 01/28 Amzn Mktp US*2K4903G Amzn.Com/Bill WA Card 4199,Atm & Debit Card Withdrawals,-41.66,"783,689.33",,0,,,
Debit,1/28/2022,Card Purchase 01/27 Fedex 97702861 800-4633339 TN Card 4199,Atm & Debit Card Withdrawals,-414.51,"783,274.82",,0,,,
Debit,1/28/2022,Card Purchase 01/27 Amzn Mktp US*O39X372 Amzn.Com/Bill WA Card 4199,Atm & Debit Card Withdrawals,-22.91,"783,251.91",,0,,,
Credit,1/31/2022,Orig CO Name:Bankcard-8566 Orig ID:1592126793 Desc Date:220128 CO Entry,Deposits And Additions,"6,680.00","789,931.91",,0,,,
Credit,1/31/2022,Orig CO Name:Bankcard-8566 Orig ID:1592126793 Desc Date:220130 CO Entry,Deposits And Additions,"5,830.00","795,761.91",,0,,,
Credit,1/31/2022,Orig CO Name:Bankcard-8566 Orig ID:1592126793 Desc Date:220130 CO Entry,Deposits And Additions,275,"796,036.91",,0,,,
Credit,2/1/2022,Orig CO Name:Bankcard-8566 Orig ID:1592126793 Desc Date:220131 CO Entry,Deposits And Additions,330,"796,366.91",,0,,,
Credit,2/1/2022,Orig CO Name:Harpercollins-Ha Orig ID:5568227951 Desc Date:220201 CO Entry,Deposits And Additions,"7,300.00","803,666.91",,0,,,
Credit,2/2/2022,Orig CO Name:Bankcard-8566 Orig ID:1592126793 Desc Date:220201 CO Entry,Deposits And Additions,"2,440.00","806,106.91",,0,,,
Debit,2/2/2022,Recurring Card Purchase 02/01 Linode 855-454-6633 PA Card 4199,Atm & Debit Card Withdrawals,-30,"806,076.91",,0,,,
Debit,2/2/2022,Orig CO Name:Bankcard-8566 Orig ID:1592126793 Desc Date:220131 CO Entry,Electronic Withdrawals,"-6,467.18","799,609.73",,0,,,
Debit,2/3/2022,Recurring Card Purchase 02/02 Eig*Constantcontact.CO 855-2295506 MA Card 4199,Atm & Debit Card Withdrawals,-103.44,"799,506.29",,0,,,
Debit,2/3/2022,Card Purchase 02/02 Fedex 439940905 800-4633339 TN Card 4199,Atm & Debit Card Withdrawals,-92.7,"799,413.59",,0,,,
Debit,2/3/2022,Orig CO Name:Podcast Movement Orig ID:9215986202 Desc Date:220203 CO Entry,Electronic Withdrawals,"-12,500.00","786,913.59",,0,,,
Credit,2/3/2022,Orig CO Name:Bankcard-8566 Orig ID:1592126793 Desc Date:220202 CO Entry,Deposits And Additions,"5,310.00","792,223.59",,0,,,
Credit,2/4/2022,Orig CO Name:Bankcard-8566 Orig ID:1592126793 Desc Date:220203 CO Entry,Deposits And Additions,"1,215.00","793,438.59",,0,,,
Debit,2/7/2022,Card Purchase 02/04 Fedex 440236895 800-4633339 TN Card 4199,Atm & Debit Card Withdrawals,-29.21,"793,409.38",,0,,,
Debit,2/7/2022,Card Purchase 02/05 Amzn Mktp US*Ug9Se9K Amzn.Com/Bill WA Card 4199,Atm & Debit Card Withdrawals,-180.11,"793,229.27",,0,,,
Debit,2/7/2022,Card Purchase 02/05 Amzn Mktp CA*W89Ek01P3 Amazon.CA WA Card 4199,Atm & Debit Card Withdrawals,-62.13,"793,167.14",,0,,,
Credit,2/7/2022,Orig CO Name:Bankcard-8566 Orig ID:1592126793 Desc Date:220206 CO Entry,Deposits And Additions,165,"793,332.14",,0,,,
Debit,2/7/2022,Card Purchase 02/05 Amzn Mktp US*W91Z58Q Amzn.Com/Bill WA Card 4199,Atm & Debit Card Withdrawals,-153.26,"793,178.88",,0,,,
Debit,2/7/2022,Card Purchase 02/06 Amzn Mktp US*Gr2317G Amzn.Com/Bill WA Card 4199,Atm & Debit Card Withdrawals,-114.2,"793,064.68",,0,,,
Credit,2/7/2022,Orig CO Name:Bankcard-8566 Orig ID:1592126793 Desc Date:220206 CO Entry,Deposits And Additions,"1,645.00","794,709.68",,0,,,
Credit,2/7/2022,Orig CO Name:Bankcard-8566 Orig ID:1592126793 Desc Date:220204 CO Entry,Deposits And Additions,"3,925.00","798,634.68",,0,,,
Debit,2/8/2022,Card Purchase 02/08 Amzn Mktp CA*7R3H413G3 Amazon.CA WA Card 4199,Atm & Debit Card Withdrawals,-52.85,"798,581.83",,0,,,
Credit,2/8/2022,Orig CO Name:Bankcard-8566 Orig ID:1592126793 Desc Date:220207 CO Entry,Deposits And Additions,775,"799,356.83",,0,,,
Debit,2/9/2022,Orig CO Name:Venmo Orig ID:3264681992 Desc Date:220208 CO Entry,Electronic Withdrawals,-175,"799,181.83",,0,,,
Debit,2/9/2022,"Zelle Payment To Janet Benson, Inc. 13633313338",Electronic Withdrawals,-10.7,"799,171.13",,0,,,
Credit,2/9/2022,Orig CO Name:Bankcard-8566 Orig ID:1592126793 Desc Date:220208 CO Entry,Deposits And Additions,"1,415.00","800,586.13",,0,,,
Debit,2/9/2022,Card Purchase 02/09 Amazon.Com*851Xz4Kt3 Amzn.Com/Bill WA Card 4199,Atm & Debit Card Withdrawals,-76.64,"800,509.49",,0,,,
Debit,2/9/2022,Card Purchase 02/09 Target.Com * 800-591-3869 MN Card 4199,Atm & Debit Card Withdrawals,-86.63,"800,422.86",,0,,,
Debit,2/9/2022,Card Purchase 02/08 Amzn Mktp US*451X73B Amzn.Com/Bill WA Card 4199,Atm & Debit Card Withdrawals,-23.06,"800,399.80",,0,,,
Debit,2/9/2022,Card Purchase 02/08 Fedex 440458206 800-4633339 TN Card 4199,Atm & Debit Card Withdrawals,-28.29,"800,371.51",,0,,,
Debit,2/10/2022,Card Purchase 02/10 Amzn Mktp US*Hv7827A Amzn.Com/Bill WA Card 4199,Atm & Debit Card Withdrawals,-10.94,"800,360.57",,0,,,
Debit,2/10/2022,Card Purchase 02/10 Amzn Mktp US*Qp1M41T Amzn.Com/Bill WA Card 4199,Atm & Debit Card Withdrawals,-299.34,"800,061.23",,0,,,
Debit,2/10/2022,Card Purchase 02/09 Amzn Mktp US*Dt6Zw9L Amzn.Com/Bill WA Card 4199,Atm & Debit Card Withdrawals,-16.41,"800,044.82",,0,,,
Debit,2/10/2022,Card Purchase 02/10 Amzn Mktp US*G785U8C Amzn.Com/Bill WA Card 4199,Atm & Debit Card Withdrawals,-10.71,"800,034.11",,0,,,
Debit,2/10/2022,Card Purchase 02/10 Amazon.Com*NJ7706683 Amzn.Com/Bill WA Card 4199,Atm & Debit Card Withdrawals,-75.06,"799,959.05",,0,,,
Debit,2/10/2022,Card Purchase 02/09 Amzn Mktp US*855Bk2O Amzn.Com/Bill WA Card 4199,Atm & Debit Card Withdrawals,-10.94,"799,948.11",,0,,,
Debit,2/10/2022,Card Purchase 02/09 Amzn Mktp US*Y46Tq4L Amzn.Com/Bill WA Card 4199,Atm & Debit Card Withdrawals,-90.89,"799,857.22",,0,,,
Credit,2/10/2022,Orig CO Name:Bankcard-8566 Orig ID:1592126793 Desc Date:220209 CO Entry,Deposits And Additions,"1,160.00","801,017.22",,0,,,
Credit,2/11/2022,Orig CO Name:Bankcard-8566 Orig ID:1592126793 Desc Date:220210 CO Entry,Deposits And Additions,"4,645.00","805,662.22",,0,,,
Debit,2/11/2022,Card Purchase 02/10 Fedex 346448564 800-4633339 TN Card 4199,Atm & Debit Card Withdrawals,-69.03,"805,593.19",,0,,,
Debit,2/11/2022,Card Purchase 02/10 Fedex 440879851 800-4633339 TN Card 4199,Atm & Debit Card Withdrawals,-189.21,"805,403.98",,0,,,
Credit,2/14/2022,Orig CO Name:Bankcard-8566 Orig ID:1592126793 Desc Date:220213 CO Entry,Deposits And Additions,110,"805,513.98",,0,,,
Credit,2/14/2022,Orig CO Name:Bankcard-8566 Orig ID:1592126793 Desc Date:220213 CO Entry,Deposits And Additions,825,"806,338.98",,0,,,
Credit,2/14/2022,Orig CO Name:Bankcard-8566 Orig ID:1592126793 Desc Date:220211 CO Entry,Deposits And Additions,"1,775.00","808,113.98",,0,,,
Credit,2/15/2022,Orig CO Name:Bankcard-8566 Orig ID:1592126793 Desc Date:220214 CO Entry,Deposits And Additions,"2,165.00","810,278.98",,0,,,
Debit,2/15/2022,Recurring Card Purchase 02/15 Dropbox Cnlzcmd358Ln 141-58576933 CA Card 4199,Atm & Debit Card Withdrawals,-119.88,"810,159.10",,0,,,
Credit,2/16/2022,Orig CO Name:Bankcard-8566 Orig ID:1592126793 Desc Date:220215 CO Entry,Deposits And Additions,995,"811,154.10",,0,,,
Debit,2/16/2022,Card Purchase 02/15 Reattendance Ltd Banbury Card 4199,Atm & Debit Card Withdrawals,-109,"811,045.10",,0,,,
Debit,2/17/2022,Card Purchase 02/17 Google *Google Stora G.CO/Helppay# CA Card 4199,Atm & Debit Card Withdrawals,-9.99,"811,035.11",,0,,,
Credit,2/17/2022,Orig CO Name:Bankcard-8566 Orig ID:1592126793 Desc Date:220216 CO Entry,Deposits And Additions,"1,345.00","812,380.11",,0,,,
Credit,2/18/2022,Orig CO Name:Bankcard-8566 Orig ID:1592126793 Desc Date:220217 CO Entry,Deposits And Additions,"2,625.00","815,005.11",,0,,,
Debit,2/18/2022,Orig CO Name:Venmo Orig ID:3264681992 Desc Date:220217 CO Entry,Electronic Withdrawals,-32.61,"814,972.50",,0,,,
Debit,2/18/2022,Orig CO Name:Venmo Orig ID:3264681992 Desc Date:220217 CO Entry,Electronic Withdrawals,-293,"814,679.50",,0,,,
Debit,2/22/2022,Card Purchase 02/20 Fedex 442079749 800-4633339 TN Card 4199,Atm & Debit Card Withdrawals,-45.05,"814,634.45",,0,,,
Credit,2/22/2022,Orig CO Name:Bankcard-8566 Orig ID:1592126793 Desc Date:220220 CO Entry,Deposits And Additions,830,"815,464.45",,0,,,
Credit,2/22/2022,Orig CO Name:Bankcard-8566 Orig ID:1592126793 Desc Date:220221 CO Entry,Deposits And Additions,165,"815,629.45",,0,,,
Credit,2/22/2022,Orig CO Name:Bankcard-8566 Orig ID:1592126793 Desc Date:220218 CO Entry,Deposits And Additions,"1,600.00","817,229.45",,0,,,
Credit,2/22/2022,Orig CO Name:Harpercollins-Ha Orig ID:5568227951 Desc Date:220222 CO Entry,Deposits And Additions,990,"818,219.45",,0,,,
Credit,2/22/2022,Orig CO Name:Bankcard-8566 Orig ID:1592126793 Desc Date:220220 CO Entry,Deposits And Additions,550,"818,769.45",,0,,,
Credit,2/23/2022,Orig CO Name:Bankcard-8566 Orig ID:1592126793 Desc Date:220222 CO Entry,Deposits And Additions,"1,640.00","820,409.45",,0,,,
Debit,2/24/2022,Card Purchase 02/24 Amzn Mktp US*1I5Ol4A Amzn.Com/Bill WA Card 4199,Atm & Debit Card Withdrawals,-75.56,"820,333.89",,0,,,
Debit,2/24/2022,Card Purchase 02/24 Amzn Mktp US*1B28K4K Amzn.Com/Bill WA Card 4199,Atm & Debit Card Withdrawals,-75.12,"820,258.77",,0,,,
Credit,2/24/2022,Orig CO Name:Bankcard-8566 Orig ID:1592126793 Desc Date:220223 CO Entry,Deposits And Additions,"2,005.00","822,263.77",,0,,,
Credit,2/25/2022,Orig CO Name:Bankcard-8566 Orig ID:1592126793 Desc Date:220224 CO Entry,Deposits And Additions,"1,955.00","824,218.77",,0,,,
Credit,2/28/2022,Orig CO Name:Bankcard-8566 Orig ID:1592126793 Desc Date:220227 CO Entry,Deposits And Additions,540,"824,758.77",,0,,,
Credit,2/28/2022,Orig CO Name:Bankcard-8566 Orig ID:1592126793 Desc Date:220225 CO Entry,Deposits And Additions,"1,820.00","826,578.77",,0,,,
Credit,2/28/2022,Orig CO Name:Bankcard-8566 Orig ID:1592126793 Desc Date:220227 CO Entry,Deposits And Additions,"2,045.00","828,623.77",,0,,,
Debit,2/28/2022,Card Purchase 02/25 Reattendance Ltd Banbury Card 4199,Atm & Debit Card Withdrawals,-763,"827,860.77",,0,,,
Debit,3/1/2022,Card Purchase 02/28 Vmo*Vimeo.Com 646-470-8422 NY Card 4199,Atm & Debit Card Withdrawals,-396.33,"827,464.44",,0,,,
Credit,3/1/2022,Remote Online Deposit 1,Deposits And Additions,175,"827,639.44",,0,,,
Credit,3/1/2022,Remote Online Deposit 1,Deposits And Additions,220,"827,859.44",,0,,,
Credit,3/1/2022,Orig CO Name:Bankcard-8566 Orig ID:1592126793 Desc Date:220228 CO Entry,Deposits And Additions,740,"828,599.44",,0,,,
Credit,3/1/2022,Remote Online Deposit 1,Deposits And Additions,"1,210.00","829,809.44",,0,,,
Credit,3/1/2022,Remote Online Deposit 1,Deposits And Additions,"1,500.00","831,309.44",,0,,,
Credit,3/1/2022,Remote Online Deposit 1,Deposits And Additions,"1,800.00","833,109.44",,0,,,
Debit,3/1/2022,Card Purchase 02/28 Amazon.Com*1I1Qc6IX0 Amzn.Com/Bill WA Card 4199,Atm & Debit Card Withdrawals,"-1,950.00","831,159.44",,0,,,
Credit,3/1/2022,Remote Online Deposit 1,Deposits And Additions,440,"831,599.44",,0,,,
Credit,3/2/2022,Orig CO Name:Bankcard-8566 Orig ID:1592126793 Desc Date:220301 CO Entry,Deposits And Additions,"1,505.00","833,104.44",,0,,,
Debit,3/2/2022,Recurring Card Purchase 03/01 Linode 855-454-6633 PA Card 4199,Atm & Debit Card Withdrawals,-30,"833,074.44",,0,,,
Debit,3/2/2022,Orig CO Name:Bankcard-8566 Orig ID:1592126793 Desc Date:220228 CO Entry,Electronic Withdrawals,"-1,974.68","831,099.76",,0,,,
Debit,3/3/2022,Recurring Card Purchase 03/02 Eig*Constantcontact.CO 855-2295506 MA Card 4199,Atm & Debit Card Withdrawals,-103.44,"830,996.32",,0,,,
Credit,3/3/2022,Orig CO Name:Bankcard-8566 Orig ID:1592126793 Desc Date:220302 CO Entry,Deposits And Additions,"1,760.00","832,756.32",,0,,,
Credit,3/4/2022,Orig CO Name:Bankcard-8566 Orig ID:1592126793 Desc Date:220303 CO Entry,Deposits And Additions,85,"832,841.32",,0,,,
Credit,3/7/2022,Orig CO Name:Bankcard-8566 Orig ID:1592126793 Desc Date:220304 CO Entry,Deposits And Additions,250,"833,091.32",,0,,,
Credit,3/7/2022,Orig CO Name:Bankcard-8566 Orig ID:1592126793 Desc Date:220306 CO Entry,Deposits And Additions,330,"833,421.32",,0,,,
Debit,3/8/2022,Card Purchase 03/08 Amzn Mktp US*1W5P85W Amzn.Com/Bill WA Card 4199,Atm & Debit Card Withdrawals,-21.76,"833,399.56",,0,,,
Credit,3/9/2022,Orig CO Name:Bankcard-8566 Orig ID:1592126793 Desc Date:220308 CO Entry,Deposits And Additions,165,"833,564.56",,0,,,
Credit,3/10/2022,Orig CO Name:Bankcard-8566 Orig ID:1592126793 Desc Date:220309 CO Entry,Deposits And Additions,330,"833,894.56",,0,,,
Credit,3/10/2022,Online Transfer From Chk ...7365 Transaction#: 13848634925,Deposits And Additions,"12,500.00","846,394.56",,0,,,
Credit,3/11/2022,Orig CO Name:Bankcard-8566 Orig ID:1592126793 Desc Date:220310 CO Entry,Deposits And Additions,300,"846,694.56",,0,,,
Credit,3/14/2022,Orig CO Name:Bankcard-8566 Orig ID:1592126793 Desc Date:220311 CO Entry,Deposits And Additions,165,"846,859.56",,0,,,
Credit,3/14/2022,Orig CO Name:Bankcard-8566 Orig ID:1592126793 Desc Date:220313 CO Entry,Deposits And Additions,165,"847,024.56",,0,,,
Credit,3/14/2022,Orig CO Name:Bankcard-8566 Orig ID:1592126793 Desc Date:220313 CO Entry,Deposits And Additions,85,"847,109.56",,0,,,
Debit,3/14/2022,Orig CO Name:Esli Sugich Musi Orig ID:9215986202 Desc Date:220312 CO Entry,Electronic Withdrawals,-150,"846,959.56",,0,,,
Credit,3/15/2022,Orig CO Name:Bankcard-8566 Orig ID:1592126793 Desc Date:220314 CO Entry,Deposits And Additions,165,"847,124.56",,0,,,
Debit,3/16/2022,Recurring Card Purchase 03/15 Reattendance Ltd Banbury Card 4199,Atm & Debit Card Withdrawals,-109,"847,015.56",,0,,,
Debit,3/17/2022,Card Purchase 03/16 Google*Ads2117630056 Support.Googl CA Card 4199,Atm & Debit Card Withdrawals,-500,"846,515.56",,0,,,
Debit,3/18/2022,Recurring Card Purchase 03/17 Google *Google Storag 855-836-3987 CA Card 4199,Atm & Debit Card Withdrawals,-9.99,"846,505.57",,0,,,
Credit,3/21/2022,Orig CO Name:Bankcard-8566 Orig ID:1592126793 Desc Date:220320 CO Entry,Deposits And Additions,390,"846,895.57",,0,,,
Debit,3/21/2022,"03/21 Online Domestic Wire Transfer Via: Citizens Bank, NA/011500120 A/C: Aba/211070175",Electronic Withdrawals,"-5,597.46","841,298.11",,0,,,
Credit,3/22/2022,Orig CO Name:Bankcard-8566 Orig ID:1592126793 Desc Date:220321 CO Entry,Deposits And Additions,165,"841,463.11",,0,,,
Credit,3/25/2022,Orig CO Name:Bankcard-8566 Orig ID:1592126793 Desc Date:220324 CO Entry,Deposits And Additions,165,"841,628.11",,0,,,
Credit,3/28/2022,Orig CO Name:Bankcard-8566 Orig ID:1592126793 Desc Date:220325 CO Entry,Deposits And Additions,165,"841,793.11",,0,,,
Credit,3/29/2022,Orig CO Name:Bankcard-8566 Orig ID:1592126793 Desc Date:220328 CO Entry,Deposits And Additions,60,"841,853.11",,0,,,
Debit,3/31/2022,"Zelle Payment To Janet Benson, Inc. 14003469734",Electronic Withdrawals,"-1,547.94","840,305.17",,0,,,
Debit,3/31/2022,Zelle Payment To Seija Rankin 14003522334,Electronic Withdrawals,"-1,000.00","839,305.17",,0,,,
Credit,3/31/2022,Orig CO Name:Bankcard-8566 Orig ID:1592126793 Desc Date:220330 CO Entry,Deposits And Additions,165,"839,470.17",,0,,,
Debit,4/1/2022,"04/01 Online Domestic Wire Transfer Via: Citizens Bank, NA/011500120 A/C: Aba/211070175",Electronic Withdrawals,"-27,049.24","812,420.93",,0,,,
Debit,4/1/2022,04/01 Online Domestic Wire Transfer Via: F121000358/121000358 A/C: Interq Research LLC,Electronic Withdrawals,"-6,500.00","805,920.93",,0,,,
Debit,4/1/2022,04/01 Online Transfer To Chk ...7365 Transaction#: 14009902560,Electronic Withdrawals,"-2,000.00","803,920.93",,0,,,
Debit,4/1/2022,"04/01 Online Payment 14009367112 To Tva, Inc",Electronic Withdrawals,"-5,000.00","798,920.93",,0,,,
Debit,4/1/2022,04/01 Online Domestic Wire Transfer A/C: The Samonte Group LLC Los Angeles CA,Electronic Withdrawals,"-21,000.00","777,920.93",,0,,,
Debit,4/1/2022,04/01 Online Transfer To Chk ...7365 Transaction#: 14008876144,Electronic Withdrawals,"-22,250.00","755,670.93",,0,,,
Debit,4/1/2022,04/01 Online Transfer To Chk ...7365 Transaction#: 14008867191,Electronic Withdrawals,"-7,350.00","748,320.93",,0,,,
Debit,4/1/2022,04/01 Online Payment 14008831498 To Bhai Inc,Electronic Withdrawals,"-50,000.00","698,320.93",,0,,,
Debit,4/1/2022,04/01 Online Payment 14008966244 To Sarah Christensen Fu,Electronic Withdrawals,"-6,100.00","692,220.93",,0,,,
Debit,4/4/2022,"04/04 Online Domestic Wire Transfer Via: Citizens Bank, NA/011500120 A/C: Aba/211070175",Electronic Withdrawals,"-11,620.57","680,600.36",,0,,,
Credit,4/4/2022,Orig CO Name:Bankcard-8566 Orig ID:1592126793 Desc Date:220403 CO Entry,Deposits And Additions,123.75,"680,724.11",,0,,,
Debit,4/4/2022,Recurring Card Purchase 04/02 Eig*Constantcontact.CO 855-2295506 MA Card 4199,Atm & Debit Card Withdrawals,-136.1,"680,588.01",,0,,,
Debit,4/4/2022,Card Purchase 04/02 Google*Ads2117630056 Support.Googl CA Card 4199,Atm & Debit Card Withdrawals,-301.43,"680,286.58",,0,,,
Credit,4/4/2022,Orig CO Name:Bankcard-8566 Orig ID:1592126793 Desc Date:220403 CO Entry,Deposits And Additions,495,"680,781.58",,0,,,
Debit,4/4/2022,Orig CO Name:Bankcard-8566 Orig ID:1592126793 Desc Date:220331 CO Entry,Electronic Withdrawals,-301.53,"680,480.05",,0,,,
Debit,4/4/2022,Orig CO Name:Branch & Bramble Orig ID:9215986202 Desc Date:220404 CO Entry,Electronic Withdrawals,"-3,375.00","677,105.05",,0,,,
Debit,4/4/2022,Recurring Card Purchase 04/01 Linode 855-454-6633 PA Card 4199,Atm & Debit Card Withdrawals,-30,"677,075.05",,0,,,
Debit,4/4/2022,"04/04 Online Domestic Wire Transfer Via: Citizens Bank, NA/011500120 A/C: Aba/211070175",Electronic Withdrawals,"-27,049.24","650,025.81",,0,,,
Debit,4/4/2022,04/04 Online International Wire Transfer A/C: Coutts And CO Essex United Kingdom Sso O-Ej,Electronic Withdrawals,"-18,500.00","631,525.81",,0,,,
Debit,4/4/2022,04/04 Online Domestic Wire Transfer Via: Peoples Bank/221172186 A/C: Audiofile Publications,Electronic Withdrawals,"-20,230.00","611,295.81",,0,,,
Debit,4/5/2022,Orig CO Name:Bankcard-8566 Orig ID:1592126793 Desc Date:220404 CO Entry,Electronic Withdrawals,-825,"610,470.81",,0,,,
Debit,4/5/2022,Card Purchase 04/03 Book Industry Charitab 734-4774789 MI Card 4199,Atm & Debit Card Withdrawals,"-1,035.00","609,435.81",,0,,,
Credit,4/7/2022,Orig CO Name:Bankcard-8566 Orig ID:1592126793 Desc Date:220406 CO Entry,Deposits And Additions,233.75,"609,669.56",,0,,,
Debit,4/8/2022,Orig CO Name:Bankcard-8566 Orig ID:1592126793 Desc Date:220407 CO Entry,Electronic Withdrawals,-195,"609,474.56",,0,,,
Credit,4/8/2022,Orig CO Name:Bankcard-8566 Orig ID:1592126793 Desc Date:220407 CO Entry,Deposits And Additions,690,"610,164.56",,0,,,
Credit,4/11/2022,Orig CO Name:Paypal Orig ID:Paypalsd11 Desc Date:220410 CO Entry,Deposits And Additions,586.08,"610,750.64",,0,,,
Credit,4/11/2022,Orig CO Name:Bankcard-8566 Orig ID:1592126793 Desc Date:220408 CO Entry,Deposits And Additions,330,"611,080.64",,0,,,
Credit,4/14/2022,Orig CO Name:Bankcard-8566 Orig ID:1592126793 Desc Date:220413 CO Entry,Deposits And Additions,25,"611,105.64",,0,,,
Credit,4/15/2022,Online Transfer From Chk ...7365 Transaction#: 14126221569,Deposits And Additions,"5,000.00","616,105.64",,0,,,
Credit,4/18/2022,Orig CO Name:Bankcard-8566 Orig ID:1592126793 Desc Date:220415 CO Entry,Deposits And Additions,373.75,"616,479.39",,0,,,
Credit,4/18/2022,Orig CO Name:Bankcard-8566 Orig ID:1592126793 Desc Date:220417 CO Entry,Deposits And Additions,165,"616,644.39",,0,,,
Debit,4/18/2022,Recurring Card Purchase 04/15 Reattendance Ltd Banbury Card 4199,Atm & Debit Card Withdrawals,-109,"616,535.39",,0,,,
Credit,4/18/2022,Orig CO Name:Bankcard-8566 Orig ID:1592126793 Desc Date:220417 CO Entry,Deposits And Additions,123.75,"616,659.14",,0,,,
Debit,4/18/2022,Card Purchase 04/17 Google *Google Stora G.CO/Helppay# CA Card 4199,Atm & Debit Card Withdrawals,-9.99,"616,649.15",,0,,,
Credit,4/19/2022,Orig CO Name:6800Forte Busine Orig ID:1813898207 Desc Date: CO Entry,Deposits And Additions,"27,049.24","643,698.39",,0,,,
Debit,4/19/2022,Orig CO Name:Caitlynpaxs Orig ID:770510487C Desc Date: CO Entry Descr:Iat,Electronic Withdrawals,"-1,004.99","642,693.40",,0,,,
Credit,4/22/2022,Orig CO Name:Bankcard-8566 Orig ID:1592126793 Desc Date:220421 CO Entry,Deposits And Additions,247.5,"642,940.90",,0,,,
Credit,4/25/2022,Orig CO Name:Bankcard-8566 Orig ID:1592126793 Desc Date:220424 CO Entry,Deposits And Additions,123.75,"643,064.65",,0,,,
Credit,4/25/2022,Orig CO Name:Bankcard-8566 Orig ID:1592126793 Desc Date:220422 CO Entry,Deposits And Additions,123.75,"643,188.40",,0,,,
Credit,4/27/2022,Orig CO Name:Bankcard-8566 Orig ID:1592126793 Desc Date:220426 CO Entry,Deposits And Additions,247.5,"643,435.90",,0,,,
Credit,4/27/2022,Remote Online Deposit 1,Deposits And Additions,110,"643,545.90",,0,,,
Credit,4/28/2022,Orig CO Name:Bankcard-8566 Orig ID:1592126793 Desc Date:220427 CO Entry,Deposits And Additions,"1,747.50","645,293.40",,0,,,
Credit,4/29/2022,Orig CO Name:Bankcard-8566 Orig ID:1592126793 Desc Date:220428 CO Entry,Deposits And Additions,123.75,"645,417.15",,0,,,
Debit,4/29/2022,Orig CO Name:Granite Insuranc Orig ID:2472319830 Desc Date:220428 CO Entry,Electronic Withdrawals,-936.33,"644,480.82",,0,,,
Debit,5/2/2022,Orig CO Name:Bankcard-8566 Orig ID:1592126793 Desc Date:220430 CO Entry,Electronic Withdrawals,-532.27,"643,948.55",,0,,,
Debit,5/2/2022,Recurring Card Purchase 05/01 Linode 855-454-6633 PA Card 4199,Atm & Debit Card Withdrawals,-30,"643,918.55",,0,,,
Credit,5/2/2022,Orig CO Name:Bankcard-8566 Orig ID:1592126793 Desc Date:220430 CO Entry,Deposits And Additions,"5,000.00","648,918.55",,0,,,
Credit,5/2/2022,Orig CO Name:Bankcard-8566 Orig ID:1592126793 Desc Date:220429 CO Entry,Deposits And Additions,495,"649,413.55",,0,,,
Credit,5/3/2022,Orig CO Name:Apple Inc. Orig ID:8942404110 Desc Date: CO Entry,Deposits And Additions,"20,000.00","669,413.55",,0,,,
Debit,5/3/2022,Recurring Card Purchase 05/02 Eig*Constantcontact.CO 855-2295506 MA Card 4199,Atm & Debit Card Withdrawals,-136.1,"669,277.45",,0,,,
Debit,5/4/2022,Service Charges For The Month of April,Fees,-75,"669,202.45",,0,,,
Credit,5/6/2022,Orig CO Name:Bankcard-8566 Orig ID:1592126793 Desc Date:220505 CO Entry,Deposits And Additions,275,"669,477.45",,0,,,
Credit,5/9/2022,Orig CO Name:Bankcard-8566 Orig ID:1592126793 Desc Date:220506 CO Entry,Deposits And Additions,225,"669,702.45",,0,,,
Credit,5/10/2022,Online Transfer From Chk ...7365 Transaction#: 14313568721,Deposits And Additions,"3,525.00","673,227.45",,0,,,
Credit,5/11/2022,Orig CO Name:Bankcard-8566 Orig ID:1592126793 Desc Date:220510 CO Entry,Deposits And Additions,123.75,"673,351.20",,0,,,
Credit,5/12/2022,Orig CO Name:Bankcard-8566 Orig ID:1592126793 Desc Date:220511 CO Entry,Deposits And Additions,225,"673,576.20",,0,,,
Debit,5/13/2022,"Zelle Payment To Janet Benson, Inc. 14341217380",Electronic Withdrawals,-599.88,"672,976.32",,0,,,
Debit,5/13/2022,Card Purchase 05/12 Eataly NY Fidi Salido New York NY Card 4199,Atm & Debit Card Withdrawals,-199.39,"672,776.93",,0,,,
Credit,5/16/2022,Orig CO Name:Bankcard-8566 Orig ID:1592126793 Desc Date:220513 CO Entry,Deposits And Additions,873.75,"673,650.68",,0,,,
Credit,5/16/2022,Orig CO Name:Bankcard-8566 Orig ID:1592126793 Desc Date:220515 CO Entry,Deposits And Additions,165,"673,815.68",,0,,,
Debit,5/16/2022,Recurring Card Purchase 05/15 Reattendance Ltd Banbury Card 4199,Atm & Debit Card Withdrawals,-109,"673,706.68",,0,,,
Credit,5/16/2022,Orig CO Name:Bankcard-8566 Orig ID:1592126793 Desc Date:220515 CO Entry,Deposits And Additions,123.75,"673,830.43",,0,,,
Credit,5/17/2022,Orig CO Name:Bankcard-8566 Orig ID:1592126793 Desc Date:220516 CO Entry,Deposits And Additions,123.75,"673,954.18",,0,,,
Debit,5/18/2022,Recurring Card Purchase 05/17 Google *Google Storag 855-836-3987 CA Card 4199,Atm & Debit Card Withdrawals,-9.99,"673,944.19",,0,,,
Debit,5/18/2022,Zelle Payment To Anthony Ramos Jpm999Bz08F9,Electronic Withdrawals,"-1,000.00","672,944.19",,0,,,
Debit,5/19/2022,05/19 Online Domestic Wire Transfer Via: Itasca Bank/071922175 A/C: Cristaux International,Electronic Withdrawals,"-2,665.26","670,278.93",,0,,,
Debit,5/19/2022,"05/19 Online Domestic Wire Transfer Via: Citizens Bank, NA/011500120 A/C: Aba/211070175",Electronic Withdrawals,"-13,554.91","656,724.02",,0,,,
Credit,5/19/2022,Orig CO Name:Bankcard-8566 Orig ID:1592126793 Desc Date:220518 CO Entry,Deposits And Additions,247.5,"656,971.52",,0,,,
Credit,5/19/2022,Online Transfer From Chk ...7365 Transaction#: 14377973592,Deposits And Additions,"4,725.00","661,696.52",,0,,,
Debit,5/19/2022,05/19 Online Payment 14377093624 To Bailey Duquette,Electronic Withdrawals,"-3,800.00","657,896.52",,0,,,
Debit,5/19/2022,"05/19 Online Domestic Wire Transfer Via: Citizens Bank, NA/011500120 A/C: Aba/211070175",Electronic Withdrawals,"-5,184.78","652,711.74",,0,,,
Debit,5/20/2022,05/20 Online Payment 14390438061 To Kristen Arnett,Electronic Withdrawals,"-1,000.00","651,711.74",,0,,,
Debit,5/20/2022,05/20 Online Payment 14390523376 To Gigi Getty,Electronic Withdrawals,"-1,000.00","650,711.74",,0,,,
Credit,5/20/2022,Orig CO Name:Bankcard-8566 Orig ID:1592126793 Desc Date:220519 CO Entry,Deposits And Additions,25,"650,736.74",,0,,,
Credit,5/20/2022,Orig CO Name:Bankcard-8566 Orig ID:1592126793 Desc Date:220519 CO Entry,Deposits And Additions,0.04,"650,736.78",,0,,,
Credit,5/23/2022,Orig CO Name:Bankcard-8566 Orig ID:1592126793 Desc Date:220522 CO Entry,Deposits And Additions,123.75,"650,860.53",,0,,,
Credit,5/25/2022,Orig CO Name:Bankcard-8566 Orig ID:1592126793 Desc Date:220524 CO Entry,Deposits And Additions,165,"651,025.53",,0,,,
Debit,5/26/2022,Orig CO Name:Cristaux Interna Orig ID:0383913206 Desc Date:220525 CO Entry,Electronic Withdrawals,-195.82,"650,829.71",,0,,,
Credit,5/27/2022,Orig CO Name:Bankcard-8566 Orig ID:1592126793 Desc Date:220526 CO Entry,Deposits And Additions,247.5,"651,077.21",,0,,,
Credit,5/31/2022,Orig CO Name:Bankcard-8566 Orig ID:1592126793 Desc Date:220527 CO Entry,Deposits And Additions,123.75,"651,200.96",,0,,,
Credit,6/1/2022,Orig CO Name:Bankcard-8566 Orig ID:1592126793 Desc Date:220531 CO Entry,Deposits And Additions,123.75,"651,324.71",,0,,,
Debit,6/2/2022,Recurring Card Purchase 06/01 Linode 855-454-6633 PA Card 4199,Atm & Debit Card Withdrawals,-30,"651,294.71",,0,,,
Debit,6/2/2022,Orig CO Name:Bankcard-8566 Orig ID:1592126793 Desc Date:220531 CO Entry,Electronic Withdrawals,-201.69,"651,093.02",,0,,,
Credit,6/3/2022,Orig CO Name:Bankcard-8566 Orig ID:1592126793 Desc Date:220602 CO Entry,Deposits And Additions,123.75,"651,216.77",,0,,,
Debit,6/3/2022,Recurring Card Purchase 06/02 Eig*Constantcontact.CO 855-2295506 MA Card 4199,Atm & Debit Card Withdrawals,-136.1,"651,080.67",,0,,,
Credit,6/6/2022,Orig CO Name:Bankcard-8566 Orig ID:1592126793 Desc Date:220603 CO Entry,Deposits And Additions,288.75,"651,369.42",,0,,,
Debit,6/6/2022,Card Purchase 06/03 Web*Networksolutions 888-6429675 FL Card 4199,Atm & Debit Card Withdrawals,-50.97,"651,318.45",,0,,,
Debit,6/6/2022,Card Purchase 06/04 Intuit *Quickbooks Cl.Intuit.Com CA Card 4199,Atm & Debit Card Withdrawals,-381.05,"650,937.40",,0,,,
Credit,6/6/2022,Card Purchase Return 06/04 Intuit *Quickbooks Cl.Intuit.Com CA Card 4199,Deposits And Additions,381.05,"651,318.45",,0,,,
Debit,6/6/2022,Card Purchase 06/04 Intuit *Quickbooks Cl.Intuit.Com CA Card 4199,Atm & Debit Card Withdrawals,-381.05,"650,937.40",,0,,,
Debit,6/6/2022,06/04 Online ACH Payment 5338409321 To Edisonresearch (_######4589),Electronic Withdrawals,"-18,500.00","632,437.40",,0,,,
Credit,6/6/2022,Online Transfer From Chk ...7365 Transaction#: 14505538542,Deposits And Additions,60,"632,497.40",,0,,,
Debit,6/7/2022,"Zelle Payment To Janet Benson, Inc. 14523157371",Electronic Withdrawals,-28.4,"632,469.00",,0,,,
Credit,6/8/2022,Orig CO Name:Bankcard-8566 Orig ID:1592126793 Desc Date:220607 CO Entry,Deposits And Additions,123.75,"632,592.75",,0,,,
Credit,6/9/2022,Orig CO Name:Bankcard-8566 Orig ID:1592126793 Desc Date:220608 CO Entry,Deposits And Additions,123.75,"632,716.50",,0,,,
Credit,6/10/2022,Orig CO Name:Bankcard-8566 Orig ID:1592126793 Desc Date:220609 CO Entry,Deposits And Additions,"1,725.00","634,441.50",,0,,,
Credit,6/13/2022,Orig CO Name:Bankcard-8566 Orig ID:1592126793 Desc Date:220612 CO Entry,Deposits And Additions,233.75,"634,675.25",,0,,,
Credit,6/13/2022,Orig CO Name:Bankcard-8566 Orig ID:1592126793 Desc Date:220610 CO Entry,Deposits And Additions,420,"635,095.25",,0,,,
Credit,6/13/2022,Orig CO Name:Bankcard-8566 Orig ID:1592126793 Desc Date:220612 CO Entry,Deposits And Additions,220,"635,315.25",,0,,,
Credit,6/14/2022,Orig CO Name:Bankcard-8566 Orig ID:1592126793 Desc Date:220613 CO Entry,Deposits And Additions,530,"635,845.25",,0,,,
Credit,6/15/2022,Orig CO Name:Bankcard-8566 Orig ID:1592126793 Desc Date:220614 CO Entry,Deposits And Additions,"1,011.25","636,856.50",,0,,,
Credit,6/16/2022,Orig CO Name:Bankcard-8566 Orig ID:1592126793 Desc Date:220615 CO Entry,Deposits And Additions,"1,117.50","637,974.00",,0,,,
Debit,6/16/2022,Recurring Card Purchase 06/15 Reattendance Ltd Banbury Card 4199,Atm & Debit Card Withdrawals,-109,"637,865.00",,0,,,
Credit,6/21/2022,Orig CO Name:Bankcard-8566 Orig ID:1592126793 Desc Date:220617 CO Entry,Deposits And Additions,330,"638,195.00",,0,,,
Debit,6/21/2022,Recurring Card Purchase 06/18 Google *Google Storag 855-836-3987 CA Card 4199,Atm & Debit Card Withdrawals,-10.88,"638,184.12",,0,,,
Credit,6/21/2022,Orig CO Name:Bankcard-8566 Orig ID:1592126793 Desc Date:220619 CO Entry,Deposits And Additions,653.75,"638,837.87",,0,,,
Credit,6/21/2022,Orig CO Name:Bankcard-8566 Orig ID:1592126793 Desc Date:220619 CO Entry,Deposits And Additions,543.75,"639,381.62",,0,,,
Credit,6/22/2022,Orig CO Name:Bankcard-8566 Orig ID:1592126793 Desc Date:220621 CO Entry,Deposits And Additions,440,"639,821.62",,0,,,
Credit,6/23/2022,Orig CO Name:Bankcard-8566 Orig ID:1592126793 Desc Date:220622 CO Entry,Deposits And Additions,"1,248.75","641,070.37",,0,,,
Credit,6/27/2022,Orig CO Name:Bankcard-8566 Orig ID:1592126793 Desc Date:220624 CO Entry,Deposits And Additions,577.5,"641,647.87",,0,,,
Credit,6/27/2022,Orig CO Name:Bankcard-8566 Orig ID:1592126793 Desc Date:220626 CO Entry,Deposits And Additions,233.75,"641,881.62",,0,,,
Credit,6/28/2022,Orig CO Name:Bankcard-8566 Orig ID:1592126793 Desc Date:220627 CO Entry,Deposits And Additions,110,"641,991.62",,0,,,
Credit,6/29/2022,Orig CO Name:Bankcard-8566 Orig ID:1592126793 Desc Date:220628 CO Entry,Deposits And Additions,110,"642,101.62",,0,,,
Credit,7/1/2022,Orig CO Name:Bankcard-8566 Orig ID:1592126793 Desc Date:220630 CO Entry,Deposits And Additions,"1,733.75","643,835.37",,0,,,
Debit,7/1/2022,"Recurring Card Purchase 07/01 Akamai Technologies, 617-444-3000 MA Card 4199",Atm & Debit Card Withdrawals,-30,"643,805.37",,0,,,
Credit,7/5/2022,Orig CO Name:Bankcard-8566 Orig ID:1592126793 Desc Date:220704 CO Entry,Deposits And Additions,430,"644,235.37",,0,,,
Debit,7/5/2022,"07/05 Online Domestic Wire Transfer Via: Citizens Bank, NA/011500120 A/C: Aba/211070175",Electronic Withdrawals,"-6,041.22","638,194.15",,0,,,
Debit,7/5/2022,07/05 Online Domestic Wire Transfer Via: F121000358/121000358 A/C: Interq Research LLC,Electronic Withdrawals,"-6,500.00","631,694.15",,0,,,
Debit,7/5/2022,07/05 Online Domestic Wire Transfer Via: Citibank Nyc/021000089 A/C: Bailey Duquette Nyc,Electronic Withdrawals,"-1,625.00","630,069.15",,0,,,
Debit,7/5/2022,07/05 Online Payment 14735184655 To Cristaux,Electronic Withdrawals,-35.16,"630,033.99",,0,,,
Debit,7/5/2022,Orig CO Name:Bankcard-8566 Orig ID:1592126793 Desc Date:220630 CO Entry,Electronic Withdrawals,-545.9,"629,488.09",,0,,,
Debit,7/5/2022,Recurring Card Purchase 07/02 Eig*Constantcontact.CO 855-2295506 MA Card 4199,Atm & Debit Card Withdrawals,-136.1,"629,351.99",,0,,,
Credit,7/5/2022,Orig CO Name:Bankcard-8566 Orig ID:1592126793 Desc Date:220701 CO Entry,Deposits And Additions,550,"629,901.99",,0,,,
Credit,7/5/2022,Card Purchase Return 07/01 Fedex 440458206 Memphis TN Card 4199,Deposits And Additions,3.56,"629,905.55",,0,,,
Credit,7/5/2022,Card Purchase Return 07/01 Fedex 425812106 Memphis TN Card 0698,Deposits And Additions,10.81,"629,916.36",,0,,,
Credit,7/5/2022,Card Purchase Return 07/01 Fedex 97702861 Memphis TN Card 4199,Deposits And Additions,48.3,"629,964.66",,0,,,
Credit,7/5/2022,Card Purchase Return 07/01 Fedex 440236895 Memphis TN Card 4199,Deposits And Additions,3.71,"629,968.37",,0,,,
Credit,7/5/2022,Orig CO Name:Bankcard-8566 Orig ID:1592126793 Desc Date:220703 CO Entry,Deposits And Additions,"1,420.00","631,388.37",,0,,,
Credit,7/5/2022,Card Purchase Return 07/01 Fedex 442079749 Memphis TN Card 4199,Deposits And Additions,7.21,"631,395.58",,0,,,
Credit,7/5/2022,Card Purchase Return 07/01 Fedex 346448564 Memphis TN Card 4199,Deposits And Additions,9.9,"631,405.48",,0,,,
Credit,7/5/2022,Card Purchase Return 07/01 Fedex 440879851 Memphis TN Card 4199,Deposits And Additions,25.43,"631,430.91",,0,,,
Credit,7/5/2022,Card Purchase Return 07/01 Fedex 439940905 Memphis TN Card 4199,Deposits And Additions,11.88,"631,442.79",,0,,,
Credit,7/6/2022,Orig CO Name:Bankcard-8566 Orig ID:1592126793 Desc Date:220705 CO Entry,Deposits And Additions,360,"631,802.79",,0,,,
Credit,7/7/2022,Orig CO Name:Bankcard-8566 Orig ID:1592126793 Desc Date:220706 CO Entry,Deposits And Additions,"1,680.00","633,482.79",,0,,,
Credit,7/8/2022,Orig CO Name:Bankcard-8566 Orig ID:1592126793 Desc Date:220707 CO Entry,Deposits And Additions,440,"633,922.79",,0,,,
Credit,7/11/2022,Orig CO Name:Bankcard-8566 Orig ID:1592126793 Desc Date:220710 CO Entry,Deposits And Additions,302.5,"634,225.29",,0,,,
Credit,7/11/2022,Orig CO Name:Bankcard-8566 Orig ID:1592126793 Desc Date:220708 CO Entry,Deposits And Additions,440,"634,665.29",,0,,,
Credit,7/11/2022,Orig CO Name:Bankcard-8566 Orig ID:1592126793 Desc Date:220710 CO Entry,Deposits And Additions,"1,042.50","635,707.79",,0,,,
Debit,7/12/2022,07/12 Online Transfer To Chk ...7365 Transaction#: 14789448246,Electronic Withdrawals,-495,"635,212.79",,0,,,
Credit,7/12/2022,Orig CO Name:Bankcard-8566 Orig ID:1592126793 Desc Date:220711 CO Entry,Deposits And Additions,750,"635,962.79",,0,,,
Credit,7/13/2022,Orig CO Name:Bankcard-8566 Orig ID:1592126793 Desc Date:220712 CO Entry,Deposits And Additions,"4,760.00","640,722.79",,0,,,
Credit,7/14/2022,Orig CO Name:Bankcard-8566 Orig ID:1592126793 Desc Date:220713 CO Entry,Deposits And Additions,"5,060.00","645,782.79",,0,,,
Debit,7/14/2022,Recurring Card Purchase 07/13 Web*Networksolutions 888-6429675 FL Card 4199,Atm & Debit Card Withdrawals,-85.98,"645,696.81",,0,,,
Credit,7/15/2022,Orig CO Name:Bankcard-8566 Orig ID:1592126793 Desc Date:220714 CO Entry,Deposits And Additions,"7,542.50","653,239.31",,0,,,
Debit,7/18/2022,Recurring Card Purchase 07/15 Reattendance Ltd Banbury Card 4199,Atm & Debit Card Withdrawals,-109,"653,130.31",,0,,,
Credit,7/18/2022,Orig CO Name:Bankcard-8566 Orig ID:1592126793 Desc Date:220717 CO Entry,Deposits And Additions,275,"653,405.31",,0,,,
Credit,7/18/2022,Orig CO Name:Bankcard-8566 Orig ID:1592126793 Desc Date:220717 CO Entry,Deposits And Additions,"35,782.50","689,187.81",,0,,,
Debit,7/18/2022,Recurring Card Purchase 07/17 Google *Google Storag 855-836-3987 CA Card 4199,Atm & Debit Card Withdrawals,-10.88,"689,176.93",,0,,,
Credit,7/18/2022,Orig CO Name:Bankcard-8566 Orig ID:1592126793 Desc Date:220715 CO Entry,Deposits And Additions,"15,782.50","704,959.43",,0,,,
Credit,7/19/2022,Credit Return: Online Payment 14735184655 To Cristaux,Deposits And Additions,35.16,"704,994.59",,0,,,
Credit,7/19/2022,Orig CO Name:Bankcard-8566 Orig ID:1592126793 Desc Date:220718 CO Entry,Deposits And Additions,385,"705,379.59",,0,,,
Credit,7/20/2022,Orig CO Name:Bankcard-8566 Orig ID:1592126793 Desc Date:220719 CO Entry,Deposits And Additions,687.5,"706,067.09",,0,,,
Debit,7/20/2022,07/20 Online Domestic Wire Transfer Via: Keybank Albany/021300077 A/C: Pier Sixty LLC Nyc,Electronic Withdrawals,"-39,000.00","667,067.09",,0,,,
Debit,7/20/2022,07/20 Online Domestic Wire Transfer Via: Peoples Bank/221172186 A/C: Audiofile Publications,Electronic Withdrawals,"-1,000.00","666,067.09",,0,,,
Credit,7/21/2022,Orig CO Name:Bankcard-8566 Orig ID:1592126793 Desc Date:220720 CO Entry,Deposits And Additions,"1,100.00","667,167.09",,0,,,
Credit,7/22/2022,Orig CO Name:Bankcard-8566 Orig ID:1592126793 Desc Date:220721 CO Entry,Deposits And Additions,"3,025.00","670,192.09",,0,,,
Credit,7/25/2022,Orig CO Name:Bankcard-8566 Orig ID:1592126793 Desc Date:220724 CO Entry,Deposits And Additions,"10,430.00","680,622.09",,0,,,
Credit,7/25/2022,Orig CO Name:Bankcard-8566 Orig ID:1592126793 Desc Date:220724 CO Entry,Deposits And Additions,82.5,"680,704.59",,0,,,
Credit,7/26/2022,Orig CO Name:Bankcard-8566 Orig ID:1592126793 Desc Date:220725 CO Entry,Deposits And Additions,82.5,"680,787.09",,0,,,
Credit,7/27/2022,Orig CO Name:Bankcard-8566 Orig ID:1592126793 Desc Date:220726 CO Entry,Deposits And Additions,82.5,"680,869.59",,0,,,
Credit,7/28/2022,Orig CO Name:Bankcard-8566 Orig ID:1592126793 Desc Date:220727 CO Entry,Deposits And Additions,"1,260.00","682,129.59",,0,,,
Credit,7/29/2022,Orig CO Name:Bankcard-8566 Orig ID:1592126793 Desc Date:220728 CO Entry,Deposits And Additions,320,"682,449.59",,0,,,
Debit,8/1/2022,Recurring Card Purchase 08/01 Linode . Akamai 609-380-7100 PA Card 4199,Atm & Debit Card Withdrawals,-30,"682,419.59",,0,,,
Credit,8/1/2022,Orig CO Name:Bankcard-8566 Orig ID:1592126793 Desc Date:220729 CO Entry,Deposits And Additions,502.5,"682,922.09",,0,,,
Credit,8/1/2022,Orig CO Name:Bankcard-8566 Orig ID:1592126793 Desc Date:220731 CO Entry,Deposits And Additions,160,"683,082.09",,0,,,
Debit,8/2/2022,Orig CO Name:Bankcard-8566 Orig ID:1592126793 Desc Date:220731 CO Entry,Electronic Withdrawals,"-4,423.01","678,659.08",,0,,,
Credit,8/3/2022,Orig CO Name:Bankcard-8566 Orig ID:1592126793 Desc Date:220802 CO Entry,Deposits And Additions,310,"678,969.08",,0,,,
Debit,8/3/2022,Service Charges For The Month of July,Fees,-25,"678,944.08",,0,,,
Debit,8/3/2022,Recurring Card Purchase 08/02 Eig*Constantcontact.CO 855-2295506 MA Card 4199,Atm & Debit Card Withdrawals,-136.1,"678,807.98",,0,,,
Credit,8/4/2022,Orig CO Name:Bankcard-8566 Orig ID:1592126793 Desc Date:220803 CO Entry,Deposits And Additions,110,"678,917.98",,0,,,
Credit,8/8/2022,Orig CO Name:Bankcard-8566 Orig ID:1592126793 Desc Date:220807 CO Entry,Deposits And Additions,800,"679,717.98",,0,,,
Credit,8/8/2022,Orig CO Name:Bankcard-8566 Orig ID:1592126793 Desc Date:220805 CO Entry,Deposits And Additions,727.5,"680,445.48",,0,,,
Credit,8/8/2022,Remote Online Deposit 1,Deposits And Additions,"8,580.00","689,025.48",,0,,,
Credit,8/9/2022,Orig CO Name:Harpercollins-Ha Orig ID:5568227951 Desc Date:220809 CO Entry,Deposits And Additions,"8,690.00","697,715.48",,0,,,
Credit,8/9/2022,Orig CO Name:Bankcard-8566 Orig ID:1592126793 Desc Date:220808 CO Entry,Deposits And Additions,82.5,"697,797.98",,0,,,
Credit,8/10/2022,Orig CO Name:Bankcard-8566 Orig ID:1592126793 Desc Date:220809 CO Entry,Deposits And Additions,520,"698,317.98",,0,,,
Credit,8/11/2022,Orig CO Name:Bankcard-8566 Orig ID:1592126793 Desc Date:220810 CO Entry,Deposits And Additions,247.5,"698,565.48",,0,,,
Credit,8/12/2022,Orig CO Name:Bankcard-8566 Orig ID:1592126793 Desc Date:220811 CO Entry,Deposits And Additions,965,"699,530.48",,0,,,
Credit,8/15/2022,Orig CO Name:Bankcard-8566 Orig ID:1592126793 Desc Date:220812 CO Entry,Deposits And Additions,585,"700,115.48",,0,,,
Credit,8/15/2022,Orig CO Name:Bankcard-8566 Orig ID:1592126793 Desc Date:220814 CO Entry,Deposits And Additions,247.5,"700,362.98",,0,,,
Debit,8/16/2022,08/16 Online Transfer To Chk ...7365 Transaction#: 15062481764,Electronic Withdrawals,"-7,776.00","692,586.98",,0,,,
Debit,8/16/2022,08/16 Online Domestic Wire Transfer Via: Citibank Nyc/021000089 A/C: Bailey Duquette Nyc,Electronic Withdrawals,"-3,750.00","688,836.98",,0,,,
Debit,8/16/2022,Recurring Card Purchase 08/15 Reattendance Ltd Banbury Card 4199,Atm & Debit Card Withdrawals,-109,"688,727.98",,0,,,
Credit,8/16/2022,Orig CO Name:Bankcard-8566 Orig ID:1592126793 Desc Date:220815 CO Entry,Deposits And Additions,247.5,"688,975.48",,0,,,
Debit,8/16/2022,08/16 Online Domestic Wire Transfer A/C: Graphic Executions Inc. New York NY 10013-1218,Electronic Withdrawals,-572,"688,403.48",,0,,,
Debit,8/17/2022,Orig CO Name:Branch & Bramble Orig ID:9215986202 Desc Date:220817 CO Entry,Electronic Withdrawals,"-26,625.00","661,778.48",,0,,,
Credit,8/17/2022,Orig CO Name:Bankcard-8566 Orig ID:1592126793 Desc Date:220816 CO Entry,Deposits And Additions,722.5,"662,500.98",,0,,,
Debit,8/18/2022,Recurring Card Purchase 08/17 Google *Google Stora G.CO/Helppay# CA Card 4199,Atm & Debit Card Withdrawals,-10.88,"662,490.10",,0,,,
Credit,8/18/2022,Orig CO Name:Bankcard-8566 Orig ID:1592126793 Desc Date:220817 CO Entry,Deposits And Additions,82.5,"662,572.60",,0,,,
Credit,8/19/2022,Orig CO Name:Bankcard-8566 Orig ID:1592126793 Desc Date:220818 CO Entry,Deposits And Additions,420,"662,992.60",,0,,,
Debit,8/22/2022,Card Purchase 08/19 Fedex 546903424 800-4633339 TN Card 4199,Atm & Debit Card Withdrawals,-125.28,"662,867.32",,0,,,
Credit,8/22/2022,Orig CO Name:Bankcard-8566 Orig ID:1592126793 Desc Date:220819 CO Entry,Deposits And Additions,440,"663,307.32",,0,,,
Credit,8/22/2022,Orig CO Name:Bankcard-8566 Orig ID:1592126793 Desc Date:220821 CO Entry,Deposits And Additions,"1,100.00","664,407.32",,0,,,
Credit,8/24/2022,Orig CO Name:Bankcard-8566 Orig ID:1592126793 Desc Date:220823 CO Entry,Deposits And Additions,"1,270.00","665,677.32",,0,,,
Credit,8/25/2022,Orig CO Name:Bankcard-8566 Orig ID:1592126793 Desc Date:220824 CO Entry,Deposits And Additions,82.5,"665,759.82",,0,,,
Debit,8/26/2022,Orig CO Name:Bankcard-8566 Orig ID:1592126793 Desc Date:220825 CO Entry,Electronic Withdrawals,-45,"665,714.82",,0,,,
Credit,8/29/2022,Orig CO Name:Bankcard-8566 Orig ID:1592126793 Desc Date:220828 CO Entry,Deposits And Additions,150,"665,864.82",,0,,,
Credit,8/29/2022,Orig CO Name:Bankcard-8566 Orig ID:1592126793 Desc Date:220828 CO Entry,Deposits And Additions,642.5,"666,507.32",,0,,,
Credit,8/31/2022,Orig CO Name:Bankcard-8566 Orig ID:1592126793 Desc Date:220830 CO Entry,Deposits And Additions,762.5,"667,269.82",,0,,,
Debit,9/1/2022,Recurring Card Purchase 09/01 Linode . Akamai 609-380-7100 PA Card 4199,Atm & Debit Card Withdrawals,-30,"667,239.82",,0,,,
Credit,9/1/2022,Orig CO Name:Bankcard-8566 Orig ID:1592126793 Desc Date:220831 CO Entry,Deposits And Additions,285,"667,524.82",,0,,,
Credit,9/2/2022,Orig CO Name:Bankcard-8566 Orig ID:1592126793 Desc Date:220901 CO Entry,Deposits And Additions,592.5,"668,117.32",,0,,,
Debit,9/2/2022,Orig CO Name:Bankcard-8566 Orig ID:1592126793 Desc Date:220831 CO Entry,Electronic Withdrawals,-520.7,"667,596.62",,0,,,
Credit,9/6/2022,Orig CO Name:Bankcard-8566 Orig ID:1592126793 Desc Date:220905 CO Entry,Deposits And Additions,435,"668,031.62",,0,,,
Credit,9/6/2022,Orig CO Name:Bankcard-8566 Orig ID:1592126793 Desc Date:220904 CO Entry,Deposits And Additions,215,"668,246.62",,0,,,
Credit,9/6/2022,Orig CO Name:Bankcard-8566 Orig ID:1592126793 Desc Date:220902 CO Entry,Deposits And Additions,157.5,"668,404.12",,0,,,
Debit,9/6/2022,Recurring Card Purchase 09/04 Web*Networksolutions 888-6429675 FL Card 4199,Atm & Debit Card Withdrawals,-75.97,"668,328.15",,0,,,
Debit,9/6/2022,Recurring Card Purchase 09/02 Eig*Constantcontact.CO 855-2295506 MA Card 4199,Atm & Debit Card Withdrawals,-136.1,"668,192.05",,0,,,
Credit,9/6/2022,Orig CO Name:Bankcard-8566 Orig ID:1592126793 Desc Date:220904 CO Entry,Deposits And Additions,730,"668,922.05",,0,,,
Debit,9/6/2022,Card Purchase 09/02 Fedex 548232008 800-4633339 TN Card 4199,Atm & Debit Card Withdrawals,-185.51,"668,736.54",,0,,,
Credit,9/7/2022,Orig CO Name:Bankcard-8566 Orig ID:1592126793 Desc Date:220906 CO Entry,Deposits And Additions,125,"668,861.54",,0,,,
Credit,9/8/2022,Orig CO Name:Bankcard-8566 Orig ID:1592126793 Desc Date:220907 CO Entry,Deposits And Additions,667.5,"669,529.04",,0,,,
Credit,9/9/2022,Orig CO Name:Bankcard-8566 Orig ID:1592126793 Desc Date:220908 CO Entry,Deposits And Additions,"1,000.00","670,529.04",,0,,,
Credit,9/12/2022,Orig CO Name:Bankcard-8566 Orig ID:1592126793 Desc Date:220911 CO Entry,Deposits And Additions,735,"671,264.04",,0,,,
Credit,9/12/2022,Orig CO Name:Bankcard-8566 Orig ID:1592126793 Desc Date:220911 CO Entry,Deposits And Additions,352.5,"671,616.54",,0,,,
Credit,9/12/2022,Orig CO Name:Bankcard-8566 Orig ID:1592126793 Desc Date:220909 CO Entry,Deposits And Additions,435,"672,051.54",,0,,,
Credit,9/13/2022,Orig CO Name:Bankcard-8566 Orig ID:1592126793 Desc Date:220912 CO Entry,Deposits And Additions,100,"672,151.54",,0,,,
Credit,9/14/2022,Orig CO Name:Bankcard-8566 Orig ID:1592126793 Desc Date:220913 CO Entry,Deposits And Additions,"1,537.50","673,689.04",,0,,,
Credit,9/15/2022,Orig CO Name:Bankcard-8566 Orig ID:1592126793 Desc Date:220914 CO Entry,Deposits And Additions,597.5,"674,286.54",,0,,,
Debit,9/16/2022,Recurring Card Purchase 09/15 Reattendance Ltd Banbury Card 4199,Atm & Debit Card Withdrawals,-109,"674,177.54",,0,,,
Credit,9/16/2022,Orig CO Name:Bankcard-8566 Orig ID:1592126793 Desc Date:220915 CO Entry,Deposits And Additions,672.5,"674,850.04",,0,,,
Debit,9/19/2022,Recurring Card Purchase 09/17 Google *Google Storag 855-836-3987 CA Card 4199,Atm & Debit Card Withdrawals,-10.88,"674,839.16",,0,,,
Debit,9/19/2022,Card Purchase 09/18 Fedex 549907349 800-4633339 TN Card 4199,Atm & Debit Card Withdrawals,-543.37,"674,295.79",,0,,,
Credit,9/19/2022,Orig CO Name:Bankcard-8566 Orig ID:1592126793 Desc Date:220916 CO Entry,Deposits And Additions,"1,317.50","675,613.29",,0,,,
Credit,9/19/2022,Orig CO Name:Bankcard-8566 Orig ID:1592126793 Desc Date:220918 CO Entry,Deposits And Additions,"1,160.00","676,773.29",,0,,,
Credit,9/19/2022,Orig CO Name:Bankcard-8566 Orig ID:1592126793 Desc Date:220918 CO Entry,Deposits And Additions,755,"677,528.29",,0,,,
Credit,9/20/2022,Orig CO Name:Bankcard-8566 Orig ID:1592126793 Desc Date:220919 CO Entry,Deposits And Additions,465,"677,993.29",,0,,,
Credit,9/21/2022,Orig CO Name:Bankcard-8566 Orig ID:1592126793 Desc Date:220920 CO Entry,Deposits And Additions,290,"678,283.29",,0,,,
Credit,9/21/2022,Remote Online Deposit 1,Deposits And Additions,"8,910.00","687,193.29",,0,,,
Credit,9/22/2022,Orig CO Name:Bankcard-8566 Orig ID:1592126793 Desc Date:220921 CO Entry,Deposits And Additions,760,"687,953.29",,0,,,
Credit,9/23/2022,Orig CO Name:Bankcard-8566 Orig ID:1592126793 Desc Date:220922 CO Entry,Deposits And Additions,937.5,"688,890.79",,0,,,
Debit,9/26/2022,"Zelle Payment To Janet Benson, Inc. 15386494805",Electronic Withdrawals,-33.77,"688,857.02",,0,,,
Debit,9/26/2022,"09/26 Online Domestic Wire Transfer Via: Citizens Bank, NA/011500120 A/C: Aba/211070175",Electronic Withdrawals,"-31,232.99","657,624.03",,0,,,
Debit,9/26/2022,"09/26 Online Domestic Wire Transfer Via: Citizens Bank, NA/011500120 A/C: Aba/211070175",Electronic Withdrawals,-730.11,"656,893.92",,0,,,
Debit,9/26/2022,"09/26 Online Domestic Wire Transfer Via: Citizens Bank, NA/011500120 A/C: Aba/211070175",Electronic Withdrawals,"-6,000.00","650,893.92",,0,,,
Debit,9/26/2022,09/26 Online Domestic Wire Transfer Via: Itasca Bank/071922175 A/C: Cristaux International,Electronic Withdrawals,-35.16,"650,858.76",,0,,,
Debit,9/26/2022,"09/26 Online Domestic Wire Transfer Via: Citizens Bank, NA/011500120 A/C: Aba/211070175",Electronic Withdrawals,"-10,000.00","640,858.76",,0,,,
Debit,9/26/2022,09/26 Online Payment 15386507669 To L Marques,Electronic Withdrawals,-750,"640,108.76",,0,,,
Debit,9/26/2022,"09/26 Online Domestic Wire Transfer Via: Citizens Bank, NA/011500120 A/C: Aba/211070175",Electronic Withdrawals,-715.4,"639,393.36",,0,,,
Debit,9/26/2022,09/26 Online Transfer To Chk ...7365 Transaction#: 15388649400,Electronic Withdrawals,-86,"639,307.36",,0,,,
Credit,9/26/2022,Orig CO Name:Bankcard-8566 Orig ID:1592126793 Desc Date:220923 CO Entry,Deposits And Additions,"2,275.00","641,582.36",,0,,,
Credit,9/26/2022,Orig CO Name:Bankcard-8566 Orig ID:1592126793 Desc Date:220925 CO Entry,Deposits And Additions,82.5,"641,664.86",,0,,,
Debit,9/26/2022,Card Purchase 09/26 Squarespace Inc. Httpssquaresp NY Card 4199,Atm & Debit Card Withdrawals,-276,"641,388.86",,0,,,
Debit,9/27/2022,09/27 Online Domestic Wire Transfer Via: Keybank Albany/021300077 A/C: Pier Sixty LLC Nyc,Electronic Withdrawals,"-39,000.00","602,388.86",,0,,,
Credit,9/27/2022,Orig CO Name:Bankcard-8566 Orig ID:1592126793 Desc Date:220926 CO Entry,Deposits And Additions,192.5,"602,581.36",,0,,,
Debit,9/27/2022,Card Purchase 09/27 Quality Logo Products 866-312-5646 IL Card 4199,Atm & Debit Card Withdrawals,-281.93,"602,299.43",,0,,,
Credit,9/28/2022,Orig CO Name:Bankcard-8566 Orig ID:1592126793 Desc Date:220927 CO Entry,Deposits And Additions,"3,310.00","605,609.43",,0,,,
Credit,9/29/2022,Orig CO Name:Bankcard-8566 Orig ID:1592126793 Desc Date:220928 CO Entry,Deposits And Additions,"1,180.00","606,789.43",,0,,,
Credit,9/29/2022,Remote Online Deposit 1,Deposits And Additions,"8,030.00","614,819.43",,0,,,
Credit,9/29/2022,Remote Online Deposit 1,Deposits And Additions,"3,850.00","618,669.43",,0,,,
Credit,9/30/2022,Orig CO Name:Bankcard-8566 Orig ID:1592126793 Desc Date:220929 CO Entry,Deposits And Additions,270,"618,939.43",,0,,,
Debit,10/3/2022,Orig CO Name:Bankcard-8566 Orig ID:1592126793 Desc Date:220930 CO Entry,Electronic Withdrawals,"-1,007.70","617,931.73",,0,,,
Credit,10/3/2022,Orig CO Name:Bankcard-8566 Orig ID:1592126793 Desc Date:220930 CO Entry,Deposits And Additions,82.5,"618,014.23",,0,,,
Debit,10/3/2022,Recurring Card Purchase 10/02 Eig*Constantcontact.CO 855-2295506 MA Card 4199,Atm & Debit Card Withdrawals,-136.1,"617,878.13",,0,,,
Credit,10/3/2022,Orig CO Name:Bankcard-8566 Orig ID:1592126793 Desc Date:221002 CO Entry,Deposits And Additions,"4,870.00","622,748.13",,0,,,
Credit,10/3/2022,Orig CO Name:Bankcard-8566 Orig ID:1592126793 Desc Date:221002 CO Entry,Deposits And Additions,"1,070.00","623,818.13",,0,,,
Debit,10/3/2022,Recurring Card Purchase 10/01 Linode . Akamai 609-380-7100 PA Card 4199,Atm & Debit Card Withdrawals,-30,"623,788.13",,0,,,
Credit,10/4/2022,Orig CO Name:Bankcard-8566 Orig ID:1592126793 Desc Date:221003 CO Entry,Deposits And Additions,820,"624,608.13",,0,,,
Debit,10/5/2022,Service Charges For The Month of September,Fees,-75,"624,533.13",,0,,,
Credit,10/5/2022,Orig CO Name:Bankcard-8566 Orig ID:1592126793 Desc Date:221004 CO Entry,Deposits And Additions,"5,590.00","630,123.13",,0,,,
Debit,10/6/2022,10/06 Online ACH Payment 5354130887 To Edisonresearch (_######4589),Electronic Withdrawals,"-21,750.00","608,373.13",,0,,,
Credit,10/6/2022,Orig CO Name:Apple Inc. Orig ID:8942404110 Desc Date: CO Entry,Deposits And Additions,"25,000.00","633,373.13",,0,,,
Credit,10/6/2022,Orig CO Name:Bankcard-8566 Orig ID:1592126793 Desc Date:221005 CO Entry,Deposits And Additions,"6,001.25","639,374.38",,0,,,
Credit,10/7/2022,Orig CO Name:Bankcard-8566 Orig ID:1592126793 Desc Date:221006 CO Entry,Deposits And Additions,"4,756.25","644,130.63",,0,,,
Credit,10/11/2022,Orig CO Name:Bankcard-8566 Orig ID:1592126793 Desc Date:221009 CO Entry,Deposits And Additions,"11,206.25","655,336.88",,0,,,
Credit,10/11/2022,Orig CO Name:Bankcard-8566 Orig ID:1592126793 Desc Date:221007 CO Entry,Deposits And Additions,"8,640.00","663,976.88",,0,,,
Credit,10/11/2022,Orig CO Name:Bankcard-8566 Orig ID:1592126793 Desc Date:221009 CO Entry,Deposits And Additions,160,"664,136.88",,0,,,
Credit,10/12/2022,Orig CO Name:Bankcard-8566 Orig ID:1592126793 Desc Date:221011 CO Entry,Deposits And Additions,"1,082.50","665,219.38",,0,,,
Debit,10/13/2022,10/13 Online Transfer To Chk ...7365 Transaction#: 15529121021,Electronic Withdrawals,"-5,000.00","660,219.38",,0,,,
Debit,10/13/2022,10/13 Online Transfer To Mma ...5639 Transaction#: 15534273098,Electronic Withdrawals,"-96,225.00","563,994.38",,0,,,
Credit,10/13/2022,Orig CO Name:Bankcard-8566 Orig ID:1592126793 Desc Date:221012 CO Entry,Deposits And Additions,206.25,"564,200.63",,0,,,
Credit,10/14/2022,Orig CO Name:Bankcard-8566 Orig ID:1592126793 Desc Date:221013 CO Entry,Deposits And Additions,"4,196.25","568,396.88",,0,,,
Credit,10/17/2022,Orig CO Name:Bankcard-8566 Orig ID:1592126793 Desc Date:221014 CO Entry,Deposits And Additions,165,"568,561.88",,0,,,
Credit,10/17/2022,Orig CO Name:Bankcard-8566 Orig ID:1592126793 Desc Date:221016 CO Entry,Deposits And Additions,206.25,"568,768.13",,0,,,
Debit,10/17/2022,Recurring Card Purchase 10/15 Reattendance Ltd Banbury Card 4199,Atm & Debit Card Withdrawals,-109,"568,659.13",,0,,,
Debit,10/18/2022,Recurring Card Purchase 10/17 Google *Google Storag 855-836-3987 CA Card 4199,Atm & Debit Card Withdrawals,-10.88,"568,648.25",,0,,,
Credit,10/19/2022,Orig CO Name:Bankcard-8566 Orig ID:1592126793 Desc Date:221018 CO Entry,Deposits And Additions,206.25,"568,854.50",,0,,,
Credit,10/21/2022,Orig CO Name:Bankcard-8566 Orig ID:1592126793 Desc Date:221020 CO Entry,Deposits And Additions,787.5,"569,642.00",,0,,,
Credit,10/24/2022,Orig CO Name:Bankcard-8566 Orig ID:1592126793 Desc Date:221021 CO Entry,Deposits And Additions,"1,000.00","570,642.00",,0,,,
Credit,10/24/2022,Orig CO Name:Bankcard-8566 Orig ID:1592126793 Desc Date:221023 CO Entry,Deposits And Additions,412.5,"571,054.50",,0,,,
Credit,10/24/2022,Remote Online Deposit 1,Deposits And Additions,420,"571,474.50",,0,,,
Credit,10/24/2022,Orig CO Name:Bankcard-8566 Orig ID:1592126793 Desc Date:221023 CO Entry,Deposits And Additions,165,"571,639.50",,0,,,
Credit,10/25/2022,Orig CO Name:Spotify Iso Orig ID:4284601835 Desc Date:221024 CO Entry,Deposits And Additions,330,"571,969.50",,0,,,
Credit,10/26/2022,Orig CO Name:Bankcard-8566 Orig ID:1592126793 Desc Date:221025 CO Entry,Deposits And Additions,665,"572,634.50",,0,,,
Credit,10/31/2022,Orig CO Name:Bankcard-8566 Orig ID:1592126793 Desc Date:221030 CO Entry,Deposits And Additions,"1,650.00","574,284.50",,0,,,
Credit,10/31/2022,Orig CO Name:Bankcard-8566 Orig ID:1592126793 Desc Date:221030 CO Entry,Deposits And Additions,"2,016.25","576,300.75",,0,,,
Debit,10/31/2022,Recurring Card Purchase 10/28 Web*Networksolutions 888-6429675 FL Card 4199,Atm & Debit Card Withdrawals,-42.99,"576,257.76",,0,,,
Credit,11/1/2022,Orig CO Name:Harpercollins-Ha       Orig ID:5568227951 Desc Date:221101 CO Entry,Deposits and Additions,"3,890.00","580,147.76",,0,,,
Credit,11/1/2022,Orig CO Name:Bankcard-8566          Orig ID:1592126793 Desc Date:221031 CO Entry,Deposits and Additions,165,"580,312.76",,0,,,
Credit,11/2/2022,Orig CO Name:Bankcard-8566          Orig ID:1592126793 Desc Date:221101 CO Entry,Deposits and Additions,165,"580,477.76",,0,,,
Credit,11/3/2022,Orig CO Name:Bankcard-8566          Orig ID:1592126793 Desc Date:221102 CO Entry,Deposits and Additions,330,"580,807.76",,0,,,
Credit,11/4/2022,Orig CO Name:Bankcard-8566          Orig ID:1592126793 Desc Date:221103 CO Entry,Deposits and Additions,165,"580,972.76",,0,,,
Credit,11/7/2022,Orig CO Name:Bankcard-8566          Orig ID:1592126793 Desc Date:221104 CO Entry,Deposits and Additions,836.25,"581,809.01",,0,,,
Credit,11/7/2022,Orig CO Name:Bankcard-8566          Orig ID:1592126793 Desc Date:221106 CO Entry,Deposits and Additions,581.25,"582,390.26",,0,,,
Credit,11/8/2022,Orig CO Name:Bankcard-8566          Orig ID:1592126793 Desc Date:221107 CO Entry,Deposits and Additions,495,"582,885.26",,0,,,
Credit,11/9/2022,Orig CO Name:Bankcard-8566          Orig ID:1592126793 Desc Date:221108 CO Entry,Deposits and Additions,"3,465.00","586,350.26",,0,,,
Credit,11/10/2022,Orig CO Name:Bankcard-8566          Orig ID:1592126793 Desc Date:221109 CO Entry,Deposits and Additions,536.25,"586,886.51",,0,,,
Credit,11/14/2022,Remote Online Deposit              1,Deposits and Additions,110,"586,996.51",,0,,,
Credit,11/14/2022,Orig CO Name:Bankcard-8566          Orig ID:1592126793 Desc Date:221113 CO Entry,Deposits and Additions,"1,706.25","588,702.76",,0,,,
Credit,11/14/2022,Orig CO Name:Bankcard-8566          Orig ID:1592126793 Desc Date:221110 CO Entry,Deposits and Additions,371.25,"589,074.01",,0,,,
Credit,11/14/2022,Orig CO Name:Bankcard-8566          Orig ID:1592126793 Desc Date:221111 CO Entry,Deposits and Additions,330,"589,404.01",,0,,,
Credit,11/14/2022,Orig CO Name:Bankcard-8566          Orig ID:1592126793 Desc Date:221113 CO Entry,Deposits and Additions,165,"589,569.01",,0,,,
Credit,11/15/2022,Orig CO Name:Bankcard-8566          Orig ID:1592126793 Desc Date:221114 CO Entry,Deposits and Additions,581.25,"590,150.26",,0,,,
Credit,11/17/2022,Orig CO Name:Bankcard-8566          Orig ID:1592126793 Desc Date:221116 CO Entry,Deposits and Additions,300,"590,450.26",,0,,,
Credit,11/18/2022,Orig CO Name:Bankcard-8566          Orig ID:1592126793 Desc Date:221117 CO Entry,Deposits and Additions,"18,180.00","608,630.26",,0,,,
Credit,11/21/2022,Orig CO Name:Bankcard-8566          Orig ID:1592126793 Desc Date:221118 CO Entry,Deposits and Additions,"29,065.00","637,695.26",,0,,,
Credit,11/21/2022,Orig CO Name:Bankcard-8566          Orig ID:1592126793 Desc Date:221120 CO Entry,Deposits and Additions,"11,470.00","649,165.26",,0,,,
Credit,11/21/2022,Orig CO Name:Bankcard-8566          Orig ID:1592126793 Desc Date:221120 CO Entry,Deposits and Additions,"1,155.00","650,320.26",,0,,,
Credit,11/22/2022,Orig CO Name:Bankcard-8566          Orig ID:1592126793 Desc Date:221121 CO Entry,Deposits and Additions,"1,856.25","652,176.51",,0,,,
Credit,11/22/2022,Orig CO Name:Wise Inc               Orig ID:453233521  Desc Date:221122 CO Entry Descr:A,Deposits and Additions,165,"652,341.51",,0,,,
Credit,11/23/2022,Orig CO Name:Bankcard-8566          Orig ID:1592126793 Desc Date:221122 CO Entry,Deposits and Additions,"3,240.00","655,581.51",,0,,,
Credit,11/25/2022,Orig CO Name:Overdrive              Orig ID:9111052000 Desc Date:       CO Entry,Deposits and Additions,"5,500.00","661,081.51",,0,,,
Credit,11/25/2022,Orig CO Name:Bankcard-8566          Orig ID:1592126793 Desc Date:221123 CO Entry,Deposits and Additions,"2,351.25","663,432.76",,0,,,
Credit,11/25/2022,Orig CO Name:Bankcard-8566          Orig ID:1592126793 Desc Date:221124 CO Entry,Deposits and Additions,"1,155.00","664,587.76",,0,,,
Credit,11/28/2022,Orig CO Name:Bankcard-8566          Orig ID:1592126793 Desc Date:221127 CO Entry,Deposits and Additions,795,"665,382.76",,0,,,
Credit,11/28/2022,Orig CO Name:Bankcard-8566          Orig ID:1592126793 Desc Date:221125 CO Entry,Deposits and Additions,660,"666,042.76",,0,,,
Credit,11/28/2022,Orig CO Name:Bankcard-8566          Orig ID:1592126793 Desc Date:221127 CO Entry,Deposits and Additions,536.25,"666,579.01",,0,,,
Credit,11/29/2022,Orig CO Name:Bankcard-8566          Orig ID:1592126793 Desc Date:221128 CO Entry,Deposits and Additions,825,"667,404.01",,0,,,
Credit,11/30/2022,Orig CO Name:Bankcard-8566          Orig ID:1592126793 Desc Date:221129 CO Entry,Deposits and Additions,"1,545.00","668,949.01",,0,,,
Debit,11/2/2022,Orig CO Name:Bankcard-8566          Orig ID:1592126793 Desc Date:221031 CO Entry,Electronic Withdrawals,"-2,534.09","666,414.92",,0,,,
Debit,11/9/2022,11/09 Online Transfer To Chk ...7365 Transaction#: 15755462781,Electronic Withdrawals,-300,"666,114.92",,0,,,
Debit,11/9/2022,11/09 Online Transfer To Chk ...7365 Transaction#: 15755466121,Electronic Withdrawals,"-7,350.00","658,764.92",,0,,,
Debit,11/10/2022,"11/10 Online Domestic Wire Transfer Via: Citizens Bank, NA/011500120 A/C: Aba/211070175",Electronic Withdrawals,"-67,442.96","591,321.96",,0,,,
Debit,11/10/2022,11/10 Online Domestic Wire Transfer Via: Itasca Bank/071922175 A/C: Cristaux International,Electronic Withdrawals,"-12,279.24","579,042.72",,0,,,
Debit,11/10/2022,11/10 Online Domestic Wire Transfer Via: Citibank Nyc/021000089 A/C: Bailey Duquette Nyc,Electronic Withdrawals,"-3,750.00","575,292.72",,0,,,
Debit,11/1/2022,Recurring Card Purchase 11/01 Linode . Akamai 609-380-7100 PA Card 4199,ATM & Debit Card Withdrawals,-30,"575,262.72",,0,,,
Debit,11/3/2022,Recurring Card Purchase 11/02 Eig*Constantcontact.CO 855-2295506 MA Card 4199,ATM & Debit Card Withdrawals,-136.1,"575,126.62",,0,,,
Debit,11/16/2022,Card Purchase           11/15 Reattendance Ltd Banbury Card 4199,ATM & Debit Card Withdrawals,-109,"575,017.62",,0,,,
Debit,11/17/2022,Recurring Card Purchase 11/17 Google *Google Storag 855-836-3987 CA Card 4199,ATM & Debit Card Withdrawals,-10.88,"575,006.74",,0,,,
Debit,11/25/2022,Card Purchase           11/24 Fedex 556557194 800-4633339 TN Card 4199,ATM & Debit Card Withdrawals,-14.7,"574,992.04",,0,,,
Debit,11/30/2022,Card Purchase           11/29 Fedex 556930725 800-4633339 TN Card 4199,ATM & Debit Card Withdrawals,-93.28,"574,898.76",,0,,,
Credit,12/1/2022,Bankcard-8566 Mtot Dep,Deposits and Additions,"1,702.50","576,601.26",,0,,,
Credit,12/2/2022,Bankcard-8566 Mtot Dep,Deposits and Additions,"1,650.00","578,251.26",,0,,,
Credit,12/5/2022,Bankcard-8566 Mtot Dep,Deposits and Additions,"2,940.00","581,191.26",,0,,,
Credit,12/5/2022,Bankcard-8566 Mtot Dep,Deposits and Additions,"1,196.25","582,387.51",,0,,,
Credit,12/5/2022,Bankcard-8566 Mtot Dep,Deposits and Additions,990,"583,377.51",,0,,,
Credit,12/6/2022,Podium Publishing Bill.Com,Deposits and Additions,"7,300.00","590,677.51",,0,,,
Credit,12/6/2022,Bankcard-8566 Mtot Dep,Deposits and Additions,855,"591,532.51",,0,,,
Credit,12/7/2022,Bankcard-8566 Mtot Dep,Deposits and Additions,"3,011.25","594,543.76",,0,,,
Credit,12/8/2022,Bankcard-8566 Mtot Dep,Deposits and Additions,"8,391.25","602,935.01",,0,,,
Credit,12/9/2022,Bankcard-8566 Mtot Dep,Deposits and Additions,"11,370.00","614,305.01",,0,,,
Credit,12/12/2022,Remote Online Deposit,Deposits and Additions,"7,300.00","621,605.01",,0,,,
Credit,12/12/2022,Remote Online Deposit,Deposits and Additions,"7,300.00","628,905.01",,0,,,
Credit,12/12/2022,Remote Online Deposit,Deposits and Additions,"1,650.00","630,555.01",,0,,,
Credit,12/12/2022,Bankcard-8566 Mtot Dep,Deposits and Additions,"8,981.25","639,536.26",,0,,,
Credit,12/12/2022,Bankcard-8566 Mtot Dep,Deposits and Additions,"4,800.00","644,336.26",,0,,,
Credit,12/12/2022,Bankcard-8566 Mtot Dep,Deposits and Additions,660,"644,996.26",,0,,,
Credit,12/13/2022,Bankcard-8566 Mtot Dep,Deposits and Additions,"5,995.00","650,991.26",,0,,,
Credit,12/14/2022,Bankcard-8566 Mtot Dep,Deposits and Additions,"11,665.00","662,656.26",,0,,,
Credit,12/15/2022,Bankcard-8566 Mtot Dep,Deposits and Additions,"5,385.00","668,041.26",,0,,,
Credit,12/16/2022,Remote Online Deposit,Deposits and Additions,165,"668,206.26",,0,,,
Credit,12/16/2022,Bankcard-8566 Mtot Dep,Deposits and Additions,795,"669,001.26",,0,,,
Credit,12/19/2022,Bankcard-8566 Mtot Dep,Deposits and Additions,"3,877.50","672,878.76",,0,,,
Credit,12/19/2022,Bankcard-8566 Mtot Dep,Deposits and Additions,"1,590.00","674,468.76",,0,,,
Credit,12/19/2022,Bankcard-8566 Mtot Dep,Deposits and Additions,371.25,"674,840.01",,0,,,
Credit,12/20/2022,Online Transfer From Chk ...7365,Deposits and Additions,"3,300.00","678,140.01",,0,,,
Credit,12/20/2022,Bankcard-8566 Mtot Dep,Deposits and Additions,660,"678,800.01",,0,,,
Credit,12/21/2022,Bankcard-8566 Mtot Dep,Deposits and Additions,"9,701.25","688,501.26",,0,,,
Credit,12/22/2022,Online Transfer From Chk ...7365,Deposits and Additions,"6,312.00","694,813.26",,0,,,
Credit,12/22/2022,Bankcard-8566 Mtot Dep,Deposits and Additions,"2,115.00","696,928.26",,0,,,
Credit,12/23/2022,Podium Publishing Bill.Com,Deposits and Additions,"1,650.00","698,578.26",,0,,,
Credit,12/23/2022,Bankcard-8566 Mtot Dep,Deposits and Additions,"1,031.25","699,609.51",,0,,,
Credit,12/27/2022,Bankcard-8566 Mtot Dep,Deposits and Additions,"2,310.00","701,919.51",,0,,,
Credit,12/27/2022,Bankcard-8566 Mtot Dep,Deposits and Additions,506.25,"702,425.76",,0,,,
Credit,12/27/2022,Bankcard-8566 Mtot Dep,Deposits and Additions,330,"702,755.76",,0,,,
Credit,12/27/2022,Bankcard-8566 Mtot Dep,Deposits and Additions,165,"702,920.76",,0,,,
Credit,12/28/2022,Bankcard-8566 Mtot Dep,Deposits and Additions,750,"703,670.76",,0,,,
Credit,12/29/2022,Bankcard-8566 Mtot Dep,Deposits and Additions,"1,155.00","704,825.76",,0,,,
Credit,12/30/2022,Bankcard-8566 Mtot Dep,Deposits and Additions,"1,155.00","705,980.76",,0,,,
Debit,12/1/2022,Recurring Card Purchase Linode,ATM & Debit Card Withdrawals,-30,"705,950.76",,0,,,
Debit,12/5/2022,Recurring Card Purchase Constantcontact,ATM & Debit Card Withdrawals,-136.1,"705,814.66",,0,,,
Debit,12/7/2022,Card Purchase Fedex,ATM & Debit Card Withdrawals,-24.8,"705,789.86",,0,,,
Debit,12/16/2022,Card Purchase Reattendance Ltd,ATM & Debit Card Withdrawals,-109,"705,680.86",,0,,,
Debit,12/19/2022,Recurring Card Purchase Google Storage,ATM & Debit Card Withdrawals,-10.88,"705,669.98",,0,,,
Debit,12/27/2022,Card Purchase Fedex,ATM & Debit Card Withdrawals,-79.49,"705,590.49",,0,,,
Debit,12/2/2022,Bankcard-8566 Mtot Disc,Electronic Withdrawals,"-3,726.67","701,863.82",,0,,,
Debit,12/5/2022,Yourmembership A Vendor Payment,Electronic Withdrawals,"-8,331.15","693,532.67",,0,,,
Debit,12/13/2022,Great American-G Vendor Payment,Electronic Withdrawals,-532,"693,000.67",,0,,,
Debit,12/27/2022,Online Domestic Wire Transfer Citizens Bank,Electronic Withdrawals,"-1,340.50","691,660.17",,0,,,
Debit,12/29/2022,Online Domestic Wire Transfer Citizens Bank,Electronic Withdrawals,"-5,790.83","685,869.34",,0,,,
Debit,12/29/2022,Online Domestic Wire Transfer The Samonte Group,Electronic Withdrawals,"-8,750.00","677,119.34",,0,,,
Debit,12/30/2022,Online Domestic Wire Transfer Citizens Bank,Electronic Withdrawals,-361.84,"676,757.50",,0,,,
,1/3/2023,Beginning Balance,Balance Forward, - ,"676,757.50",,0,,,
Credit,1/3/2023,Orig CO Name:Bankcard-8566          Orig ID:1592126793 Desc Date:230102 CO Entry,Deposits and Additions,"17,010.00","693,767.50",,0,,,
Credit,1/3/2023,Orig CO Name:Bankcard-8566          Orig ID:1592126793 Desc Date:230102 CO Entry,Deposits and Additions,"12,785.00","706,552.50",,0,,,
Credit,1/3/2023,Orig CO Name:Bankcard-8566          Orig ID:1592126793 Desc Date:221231 CO Entry,Deposits and Additions,"11,741.25","718,293.75",,0,,,
Credit,1/3/2023,Orig CO Name:Bankcard-8566          Orig ID:1592126793 Desc Date:221230 CO Entry,Deposits and Additions,"1,647.50","719,941.25",,0,,,
Credit,1/3/2023,Orig CO Name:Wise Inc               Orig ID:453233521  Desc Date:230103 CO Entry,Deposits and Additions,510,"720,451.25",,0,,,
Credit,1/4/2023,Orig CO Name:Bankcard-8566          Orig ID:1592126793 Desc Date:230103 CO Entry,Deposits and Additions,"28,375.00","748,826.25",,0,,,
Credit,1/5/2023,Orig CO Name:Bankcard-8566          Orig ID:1592126793 Desc Date:230104 CO Entry,Deposits and Additions,"35,895.00","784,721.25",,0,,,
Credit,1/6/2023,Orig CO Name:Bankcard-8566          Orig ID:1592126793 Desc Date:230105 CO Entry,Deposits and Additions,"24,355.00","809,076.25",,0,,,
Credit,1/9/2023,Orig CO Name:Bankcard-8566          Orig ID:1592126793 Desc Date:230108 CO Entry,Deposits and Additions,"36,135.00","845,211.25",,0,,,
Credit,1/9/2023,Orig CO Name:Bankcard-8566          Orig ID:1592126793 Desc Date:230108 CO Entry,Deposits and Additions,"19,145.00","864,356.25",,0,,,
Credit,1/9/2023,Orig CO Name:Bankcard-8566          Orig ID:1592126793 Desc Date:230106 CO Entry,Deposits and Additions,"13,970.00","878,326.25",,0,,,
Credit,1/10/2023,Orig CO Name:Bankcard-8566          Orig ID:1592126793 Desc Date:230109 CO Entry,Deposits and Additions,"11,060.00","889,386.25",,0,,,
Credit,1/10/2023,Orig CO Name:Harpercollins-Ha       Orig ID:5568227951 Desc Date:230110 CO Entry,Deposits and Additions,"7,300.00","896,686.25",,0,,,
Credit,1/11/2023,Orig CO Name:Bankcard-8566          Orig ID:1592126793 Desc Date:230110 CO Entry,Deposits and Additions,"18,015.00","914,701.25",,0,,,
Credit,1/12/2023,Orig CO Name:Bankcard-8566          Orig ID:1592126793 Desc Date:230111 CO Entry,Deposits and Additions,"11,100.00","925,801.25",,0,,,
Credit,1/13/2023,Orig CO Name:Bankcard-8566          Orig ID:1592126793 Desc Date:230112 CO Entry,Deposits and Additions,"7,965.00","933,766.25",,0,,,
Credit,1/17/2023,Orig CO Name:Bankcard-8566          Orig ID:1592126793 Desc Date:230113 CO Entry,Deposits and Additions,"14,410.00","948,176.25",,0,,,
Credit,1/17/2023,Orig CO Name:Bankcard-8566          Orig ID:1592126793 Desc Date:230115 CO Entry,Deposits and Additions,"5,715.00","953,891.25",,0,,,
Credit,1/17/2023,Orig CO Name:Bankcard-8566          Orig ID:1592126793 Desc Date:230116 CO Entry,Deposits and Additions,"5,620.00","959,511.25",,0,,,
Credit,1/17/2023,Orig CO Name:Bankcard-8566          Orig ID:1592126793 Desc Date:230115 CO Entry,Deposits and Additions,"2,745.00","962,256.25",,0,,,
Credit,1/18/2023,Orig CO Name:Bankcard-8566          Orig ID:1592126793 Desc Date:230117 CO Entry,Deposits and Additions,"4,255.00","966,511.25",,0,,,
Credit,1/19/2023,Orig CO Name:Bankcard-8566          Orig ID:1592126793 Desc Date:230118 CO Entry,Deposits and Additions,"4,485.00","970,996.25",,0,,,
Credit,1/19/2023,Orig CO Name:Netgalleyllc           Orig ID:1263807644 Desc Date:       CO Entry Descr:Ng,Deposits and Additions,"1,650.00","972,646.25",,0,,,
Credit,1/20/2023,Orig CO Name:Bankcard-8566          Orig ID:1592126793 Desc Date:230119 CO Entry,Deposits and Additions,"6,485.00","979,131.25",,0,,,
Credit,1/20/2023,Orig CO Name:Overdrive              Orig ID:9111052000 Desc Date:       CO Entry,Deposits and Additions,300,"979,431.25",,0,,,
Credit,1/23/2023,Orig CO Name:Bankcard-8566          Orig ID:1592126793 Desc Date:230122 CO Entry,Deposits and Additions,"10,585.00","990,016.25",,0,,,
Credit,1/23/2023,Orig CO Name:Bankcard-8566          Orig ID:1592126793 Desc Date:230120 CO Entry,Deposits and Additions,"5,340.00","995,356.25",,0,,,
Credit,1/23/2023,Orig CO Name:Bankcard-8566          Orig ID:1592126793 Desc Date:230122 CO Entry,Deposits and Additions,"2,800.00","998,156.25",,0,,,
Credit,1/24/2023,Book Transfer Credit B/O: Commerzbank Aktiengesellschaft Frankfurt Am Main Germany,Deposits and Additions,700,"998,856.25",,0,,,
Credit,1/24/2023,Orig CO Name:Bankcard-8566          Orig ID:1592126793 Desc Date:230123 CO Entry,Deposits and Additions,765,"999,621.25",,0,,,
Credit,1/25/2023,Orig CO Name:Bankcard-8566          Orig ID:1592126793 Desc Date:230124 CO Entry,Deposits and Additions,"5,115.00","1,004,736.25",,0,,,
Credit,1/26/2023,Orig CO Name:Bankcard-8566          Orig ID:1592126793 Desc Date:230125 CO Entry,Deposits and Additions,"9,780.00","1,014,516.25",,0,,,
Credit,1/27/2023,Orig CO Name:Bankcard-8566          Orig ID:1592126793 Desc Date:230126 CO Entry,Deposits and Additions,"7,145.00","1,021,661.25",,0,,,
Credit,1/27/2023,Orig CO Name:Apple Inc.             Orig ID:8942404110 Desc Date:       CO Entry,Deposits and Additions,300,"1,021,961.25",,0,,,
Credit,1/30/2023,Orig CO Name:Bankcard-8566          Orig ID:1592126793 Desc Date:230127 CO Entry,Deposits and Additions,"14,015.00","1,035,976.25",,0,,,
Credit,1/30/2023,Orig CO Name:Bankcard-8566          Orig ID:1592126793 Desc Date:230129 CO Entry,Deposits and Additions,"5,140.00","1,041,116.25",,0,,,
Credit,1/30/2023,Orig CO Name:Bankcard-8566          Orig ID:1592126793 Desc Date:230129 CO Entry,Deposits and Additions,"2,545.00","1,043,661.25",,0,,,
Credit,1/31/2023,"Fedwire Credit Via: Wells Fargo Bank, N.A./121000248 B/O: Jarpa Creative Media USA",Deposits and Additions,"1,650.00","1,045,311.25",,0,,,
Credit,1/31/2023,Orig CO Name:Bankcard-8566          Orig ID:1592126793 Desc Date:230130 CO Entry,Deposits and Additions,"3,005.00","1,048,316.25",,0,,,
Debit,1/3/2023,Recurring Card Purchase 01/01 Linode . Akamai 609-380-7100 PA Card 4199,ATM & Debit Card Withdrawals,-30,"1,048,286.25",,0,,,
Debit,1/3/2023,Recurring Card Purchase 01/01 Google *Gsuite_Audio Cc@Google.Com CA Card 4199,ATM & Debit Card Withdrawals,-13.48,"1,048,272.77",,0,,,
Debit,1/3/2023,Recurring Card Purchase 01/02 Eig*Constantcontact.CO 855-2295506 MA Card 4199,ATM & Debit Card Withdrawals,-136.1,"1,048,136.67",,0,,,
Debit,1/18/2023,Recurring Card Purchase 01/17 Google *Google Storag 855-836-3987 CA Card 4199,ATM & Debit Card Withdrawals,-10.88,"1,048,125.79",,0,,,
Debit,1/25/2023,Card Purchase           01/24 Yet Another Mail Merge Bruxelles Card 4199,ATM & Debit Card Withdrawals,-50,"1,048,075.79",,0,,,
Debit,1/3/2023,Orig CO Name:Bankcard-8566          Orig ID:1592126793 Desc Date:221231 CO Entry,Electronic Withdrawals,"-4,689.89","1,043,385.90",,0,,,
Debit,1/5/2023,Orig CO Name:Bankcard-8566          Orig ID:1592126793 Desc Date:230104 CO Entry,Electronic Withdrawals,-165,"1,043,220.90",,0,,,
Debit,1/17/2023,01/17 Online Transfer To Chk ...7365 Transaction#: 16311160277,Electronic Withdrawals,"-8,200.00","1,035,020.90",,0,,,
Debit,1/17/2023,01/17 Online Domestic Wire Transfer Via: Cy Natl Bk LA/122016066 A/C: United Talent Agency,Electronic Withdrawals,"-25,000.00","1,010,020.90",,0,,,
Debit,1/18/2023,01/18 Online Transfer To Chk ...7851 Transaction#: 16317829054,Electronic Withdrawals,"-6,312.00","1,003,708.90",,0,,,
Debit,1/23/2023,Orig CO Name:Bankcard-8566          Orig ID:1592126793 Desc Date:230120 CO Entry,Electronic Withdrawals,-920,"1,002,788.90",,0,,,
,2/1/2023,Beginning Balance,Balance Forward, - ,"1,002,788.90",,0,,,
Credit,2/1/2023,Orig CO Name:Bankcard-8566          Orig ID:1592126793 Desc Date:230131 CO Entry,Deposits and Additions,"3,250.00","1,006,038.90",,0,,,
Credit,2/2/2023,Orig CO Name:Bankcard-8566          Orig ID:1592126793 Desc Date:230201 CO Entry,Deposits and Additions,"7,730.00","1,013,768.90",,0,,,
Credit,2/3/2023,Orig CO Name:Bankcard-8566          Orig ID:1592126793 Desc Date:230202 CO Entry,Deposits and Additions,"3,740.00","1,017,508.90",,0,,,
Credit,2/6/2023,Orig CO Name:Bankcard-8566          Orig ID:1592126793 Desc Date:230203 CO Entry,Deposits and Additions,"5,510.00","1,023,018.90",,0,,,
Credit,2/6/2023,Orig CO Name:Bankcard-8566          Orig ID:1592126793 Desc Date:230205 CO Entry,Deposits and Additions,"4,825.00","1,027,843.90",,0,,,
Credit,2/6/2023,Orig CO Name:Bankcard-8566          Orig ID:1592126793 Desc Date:230205 CO Entry,Deposits and Additions,"2,585.00","1,030,428.90",,0,,,
Credit,2/7/2023,Orig CO Name:Bankcard-8566          Orig ID:1592126793 Desc Date:230206 CO Entry,Deposits and Additions,"1,345.00","1,031,773.90",,0,,,
Credit,2/8/2023,Remote Online Deposit              1,Deposits and Additions,"7,300.00","1,039,073.90",,0,,,
Credit,2/8/2023,Remote Online Deposit              1,Deposits and Additions,"1,500.00","1,040,573.90",,0,,,
Credit,2/8/2023,Online Transfer From Chk ...7365 Transaction#: 16521204517,Deposits and Additions,"6,600.00","1,047,173.90",,0,,,
Credit,2/8/2023,Orig CO Name:Bankcard-8566          Orig ID:1592126793 Desc Date:230207 CO Entry,Deposits and Additions,"5,215.00","1,052,388.90",,0,,,
Credit,2/9/2023,Orig CO Name:Bankcard-8566          Orig ID:1592126793 Desc Date:230208 CO Entry,Deposits and Additions,"6,130.00","1,058,518.90",,0,,,
Credit,2/10/2023,Orig CO Name:Bankcard-8566          Orig ID:1592126793 Desc Date:230209 CO Entry,Deposits and Additions,"13,630.00","1,072,148.90",,0,,,
Credit,2/13/2023,Orig CO Name:Bankcard-8566          Orig ID:1592126793 Desc Date:230210 CO Entry,Deposits and Additions,"7,615.00","1,079,763.90",,0,,,
Credit,2/13/2023,Orig CO Name:Bankcard-8566          Orig ID:1592126793 Desc Date:230212 CO Entry,Deposits and Additions,"7,520.00","1,087,283.90",,0,,,
Credit,2/13/2023,Orig CO Name:Bankcard-8566          Orig ID:1592126793 Desc Date:230212 CO Entry,Deposits and Additions,"1,850.00","1,089,133.90",,0,,,
Credit,2/14/2023,Orig CO Name:Bankcard-8566          Orig ID:1592126793 Desc Date:230213 CO Entry,Deposits and Additions,965,"1,090,098.90",,0,,,
Credit,2/15/2023,Orig CO Name:Bankcard-8566          Orig ID:1592126793 Desc Date:230214 CO Entry,Deposits and Additions,"4,490.00","1,094,588.90",,0,,,
Credit,2/16/2023,Orig CO Name:Bankcard-8566          Orig ID:1592126793 Desc Date:230215 CO Entry,Deposits and Additions,"1,745.00","1,096,333.90",,0,,,
Credit,2/16/2023,Orig CO Name:Spotify Iso            Orig ID:4284601835 Desc Date:230216 CO Entry,Deposits and Additions,300,"1,096,633.90",,0,,,
Credit,2/17/2023,Orig CO Name:Bankcard-8566          Orig ID:1592126793 Desc Date:230216 CO Entry,Deposits and Additions,"1,800.00","1,098,433.90",,0,,,
Credit,2/17/2023,Orig CO Name:Chicago Review P       Orig ID:9362812923 Desc Date:       CO Entry,Deposits and Additions,300,"1,098,733.90",,0,,,
Credit,2/21/2023,Orig CO Name:Bankcard-8566          Orig ID:1592126793 Desc Date:230217 CO Entry,Deposits and Additions,"3,295.00","1,102,028.90",,0,,,
Credit,2/21/2023,Orig CO Name:Bankcard-8566          Orig ID:1592126793 Desc Date:230219 CO Entry,Deposits and Additions,"2,505.00","1,104,533.90",,0,,,
Credit,2/21/2023,Orig CO Name:Bankcard-8566          Orig ID:1592126793 Desc Date:230219 CO Entry,Deposits and Additions,"1,960.00","1,106,493.90",,0,,,
Credit,2/21/2023,Orig CO Name:Bankcard-8566          Orig ID:1592126793 Desc Date:230220 CO Entry,Deposits and Additions,"1,700.00","1,108,193.90",,0,,,
Credit,2/22/2023,Orig CO Name:Bankcard-8566          Orig ID:1592126793 Desc Date:230221 CO Entry,Deposits and Additions,"2,670.00","1,110,863.90",,0,,,
Credit,2/23/2023,Orig CO Name:Bankcard-8566          Orig ID:1592126793 Desc Date:230222 CO Entry,Deposits and Additions,"2,605.00","1,113,468.90",,0,,,
Credit,2/24/2023,Orig CO Name:Bankcard-8566          Orig ID:1592126793 Desc Date:230223 CO Entry,Deposits and Additions,"3,920.00","1,117,388.90",,0,,,
Credit,2/27/2023,Orig CO Name:Bankcard-8566          Orig ID:1592126793 Desc Date:230224 CO Entry,Deposits and Additions,"8,680.00","1,126,068.90",,0,,,
Credit,2/27/2023,Orig CO Name:Bankcard-8566          Orig ID:1592126793 Desc Date:230226 CO Entry,Deposits and Additions,"5,070.00","1,131,138.90",,0,,,
Credit,2/27/2023,Orig CO Name:Bankcard-8566          Orig ID:1592126793 Desc Date:230226 CO Entry,Deposits and Additions,"3,445.00","1,134,583.90",,0,,,
Credit,2/27/2023,Orig CO Name:Netgalleyllc           Orig ID:1263807644 Desc Date:       CO Entry Descr:Ng,Deposits and Additions,425,"1,135,008.90",,0,,,
Credit,2/28/2023,Orig CO Name:Bankcard-8566          Orig ID:1592126793 Desc Date:230227 CO Entry,Deposits and Additions,"2,060.00","1,137,068.90",,0,,,
Debit,2/1/2023,Recurring Card Purchase 02/01 Linode . Akamai 609-380-7100 MA Card 4199,ATM & Debit Card Withdrawals,-30,"1,137,038.90",,0,,,
Debit,2/1/2023,Recurring Card Purchase 02/01 Google *Gsuite_Audio Cc@Google.Com CA Card 4199,ATM & Debit Card Withdrawals,-52.26,"1,136,986.64",,0,,,
Debit,2/3/2023,Recurring Card Purchase 02/02 Eig*Constantcontact.CO 855-2295506 MA Card 4199,ATM & Debit Card Withdrawals,-136.1,"1,136,850.54",,0,,,
Debit,2/14/2023,Recurring Card Purchase 02/13 Dropbox X2L3Qpp78Tvt 141-58576933 CA Card 4199,ATM & Debit Card Withdrawals,-119.88,"1,136,730.66",,0,,,
Debit,2/16/2023,Card Purchase           02/15 Reattendance Ltd Banbury Card 4199,ATM & Debit Card Withdrawals,-17.6,"1,136,713.06",,0,,,
Debit,2/17/2023,Recurring Card Purchase 02/17 Google *Google Storag 855-836-3987 CA Card 4199,ATM & Debit Card Withdrawals,-10.88,"1,136,702.18",,0,,,
Debit,2/28/2023,Card Purchase           02/28 Vmo*Vimeo Pro Unlimit 646-490-1679 NY Card 4199,ATM & Debit Card Withdrawals,-434.42,"1,136,267.76",,0,,,
Debit,2/2/2023,Orig CO Name:Bankcard-8566          Orig ID:1592126793 Desc Date:230131 CO Entry,Electronic Withdrawals,"-14,001.03","1,122,266.73",,0,,,
Debit,2/6/2023,Orig CO Name:Bankcard-8566          Orig ID:1592126793 Desc Date:230205 CO Entry,Electronic Withdrawals,-475,"1,121,791.73",,0,,,
Debit,2/8/2023,"Zelle Payment To Janet Benson, Inc. 16516027260",Electronic Withdrawals,-64.5,"1,121,727.23",,0,,,
Debit,2/10/2023,Orig CO Name:Bankcard-8566          Orig ID:1592126793 Desc Date:230209 CO Entry,Electronic Withdrawals,-625,"1,121,102.23",,0,,,
Debit,2/13/2023,Orig CO Name:Bankcard-8566          Orig ID:1592126793 Desc Date:230210 CO Entry,Electronic Withdrawals,-475,"1,120,627.23",,0,,,
Debit,2/16/2023,Orig CO Name:Bankcard-8566          Orig ID:1592126793 Desc Date:230215 CO Entry,Electronic Withdrawals,"-1,300.00","1,119,327.23",,0,,,
Debit,2/3/2023,,Fees,-100,"1,119,227.23",,0,,,
,3/1/2023,Beginning Balance,Balance Forward, - ,"1,119,227.23",,0,,,
Credit,3/1/2023,Orig CO Name:Bankcard-8566          Orig ID:1592126793 Desc Date:230228 CO Entry,Deposits and Additions,"33,990.00","1,153,217.23",,0,,,
Credit,3/2/2023,Orig CO Name:Bankcard-8566          Orig ID:1592126793 Desc Date:230301 CO Entry,Deposits and Additions,"28,715.00","1,181,932.23",,0,,,
Credit,3/3/2023,Orig CO Name:Bankcard-8566          Orig ID:1592126793 Desc Date:230302 CO Entry,Deposits and Additions,"1,610.00","1,183,542.23",,0,,,
Credit,3/6/2023,Orig CO Name:Bankcard-8566          Orig ID:1592126793 Desc Date:230305 CO Entry,Deposits and Additions,"12,015.00","1,195,557.23",,0,,,
Credit,3/6/2023,Orig CO Name:Bankcard-8566          Orig ID:1592126793 Desc Date:230303 CO Entry,Deposits and Additions,"1,785.00","1,197,342.23",,0,,,
Credit,3/6/2023,Orig CO Name:Bankcard-8566          Orig ID:1592126793 Desc Date:230305 CO Entry,Deposits and Additions,315,"1,197,657.23",,0,,,
Credit,3/7/2023,Orig CO Name:Bankcard-8566          Orig ID:1592126793 Desc Date:230306 CO Entry,Deposits and Additions,415,"1,198,072.23",,0,,,
Credit,3/8/2023,Orig CO Name:Bankcard-8566          Orig ID:1592126793 Desc Date:230307 CO Entry,Deposits and Additions,25,"1,198,097.23",,0,,,
Credit,3/9/2023,Orig CO Name:Bankcard-8566          Orig ID:1592126793 Desc Date:230308 CO Entry,Deposits and Additions,"1,210.00","1,199,307.23",,0,,,
Credit,3/10/2023,Orig CO Name:Bankcard-8566          Orig ID:1592126793 Desc Date:230309 CO Entry,Deposits and Additions,175,"1,199,482.23",,0,,,
Credit,3/13/2023,Remote Online Deposit              1,Deposits and Additions,"6,000.00","1,205,482.23",,0,,,
Credit,3/13/2023,Remote Online Deposit              1,Deposits and Additions,"3,300.00","1,208,782.23",,0,,,
Credit,3/13/2023,Remote Online Deposit              1,Deposits and Additions,"3,000.00","1,211,782.23",,0,,,
Credit,3/13/2023,Remote Online Deposit              1,Deposits and Additions,"1,650.00","1,213,432.23",,0,,,
Credit,3/13/2023,Orig CO Name:Bankcard-8566          Orig ID:1592126793 Desc Date:230312 CO Entry,Deposits and Additions,"5,105.00","1,218,537.23",,0,,,
Credit,3/13/2023,Orig CO Name:Bankcard-8566          Orig ID:1592126793 Desc Date:230310 CO Entry,Deposits and Additions,"4,275.00","1,222,812.23",,0,,,
Credit,3/13/2023,Orig CO Name:Bankcard-8566          Orig ID:1592126793 Desc Date:230312 CO Entry,Deposits and Additions,"2,110.00","1,224,922.23",,0,,,
Credit,3/14/2023,Orig CO Name:Bankcard-8566          Orig ID:1592126793 Desc Date:230313 CO Entry,Deposits and Additions,720,"1,225,642.23",,0,,,
Credit,3/15/2023,Orig CO Name:Bankcard-8566          Orig ID:1592126793 Desc Date:230314 CO Entry,Deposits and Additions,"1,910.00","1,227,552.23",,0,,,
Credit,3/16/2023,Orig CO Name:Bankcard-8566          Orig ID:1592126793 Desc Date:230315 CO Entry,Deposits and Additions,"7,310.00","1,234,862.23",,0,,,
Credit,3/17/2023,Orig CO Name:Bankcard-8566          Orig ID:1592126793 Desc Date:230316 CO Entry,Deposits and Additions,"2,285.00","1,237,147.23",,0,,,
Credit,3/20/2023,Orig CO Name:Bankcard-8566          Orig ID:1592126793 Desc Date:230317 CO Entry,Deposits and Additions,"3,035.00","1,240,182.23",,0,,,
Credit,3/20/2023,Orig CO Name:Bankcard-8566          Orig ID:1592126793 Desc Date:230319 CO Entry,Deposits and Additions,"2,795.00","1,242,977.23",,0,,,
Credit,3/20/2023,Orig CO Name:Bankcard-8566          Orig ID:1592126793 Desc Date:230319 CO Entry,Deposits and Additions,195,"1,243,172.23",,0,,,
Credit,3/21/2023,Book Transfer Credit B/O: Zebralution U.S. Inc. Los Angeles CA 90021-1281 US Ref:,Deposits and Additions,"11,000.00","1,254,172.23",,0,,,
Credit,3/21/2023,Orig CO Name:Bankcard-8566          Orig ID:1592126793 Desc Date:230320 CO Entry,Deposits and Additions,"2,920.00","1,257,092.23",,0,,,
Credit,3/22/2023,Orig CO Name:Bankcard-8566          Orig ID:1592126793 Desc Date:230321 CO Entry,Deposits and Additions,"3,415.00","1,260,507.23",,0,,,
Credit,3/23/2023,Orig CO Name:Bankcard-8566          Orig ID:1592126793 Desc Date:230322 CO Entry,Deposits and Additions,"2,615.00","1,263,122.23",,0,,,
Credit,3/24/2023,Orig CO Name:Bankcard-8566          Orig ID:1592126793 Desc Date:230323 CO Entry,Deposits and Additions,"2,820.00","1,265,942.23",,0,,,
Credit,3/27/2023,Orig CO Name:Bankcard-8566          Orig ID:1592126793 Desc Date:230324 CO Entry,Deposits and Additions,"3,535.00","1,269,477.23",,0,,,
Credit,3/27/2023,Orig CO Name:Bankcard-8566          Orig ID:1592126793 Desc Date:230326 CO Entry,Deposits and Additions,"3,090.00","1,272,567.23",,0,,,
Credit,3/27/2023,Orig CO Name:Bankcard-8566          Orig ID:1592126793 Desc Date:230326 CO Entry,Deposits and Additions,590,"1,273,157.23",,0,,,
Credit,3/28/2023,Orig CO Name:Bankcard-8566          Orig ID:1592126793 Desc Date:230327 CO Entry,Deposits and Additions,"2,045.00","1,275,202.23",,0,,,
Credit,3/29/2023,Orig CO Name:Bankcard-8566          Orig ID:1592126793 Desc Date:230328 CO Entry,Deposits and Additions,"1,180.00","1,276,382.23",,0,,,
Credit,3/30/2023,Orig CO Name:Bankcard-8566          Orig ID:1592126793 Desc Date:230329 CO Entry,Deposits and Additions,"1,255.00","1,277,637.23",,0,,,
Credit,3/31/2023,Orig CO Name:Bankcard-8566          Orig ID:1592126793 Desc Date:230330 CO Entry,Deposits and Additions,280,"1,277,917.23",,0,,,
Debit,3/1/2023,Recurring Card Purchase 03/01 Google *Gsuite_Audio Cc@Google.Com CA Card 4199,ATM & Debit Card Withdrawals,-52.26,"1,277,864.97",,0,,,
Debit,3/1/2023,Recurring Card Purchase 03/01 Linode . Akamai 609-380-7100 MA Card 4199,ATM & Debit Card Withdrawals,-30,"1,277,834.97",,0,,,
Debit,3/3/2023,Recurring Card Purchase 03/02 Eig*Constantcontact.CO 855-2295506 MA Card 4199,ATM & Debit Card Withdrawals,-136.1,"1,277,698.87",,0,,,
Debit,3/6/2023,Card Purchase           03/04 Amazon.Com*Hd4C70WI2 Amzn.Com/Bill WA Card 4199,ATM & Debit Card Withdrawals,-52.02,"1,277,646.85",,0,,,
Debit,3/6/2023,Card Purchase           03/04 Amzn Mktp US*H58Yo4C Amzn.Com/Bill WA Card 4199,ATM & Debit Card Withdrawals,-32.19,"1,277,614.66",,0,,,
Debit,3/6/2023,Card Purchase           03/04 Amazon.Com*H525788F0 Amzn.Com/Bill WA Card 4199,ATM & Debit Card Withdrawals,-51.79,"1,277,562.87",,0,,,
Debit,3/6/2023,Card Purchase           03/04 Sp Custombrandedbox Httpscustombr NC Card 4199,ATM & Debit Card Withdrawals,"-2,681.57","1,274,881.30",,0,,,
Debit,3/6/2023,,ATM & Debit Card Withdrawals,-6.58,"1,274,874.72",,0,,,
Debit,3/13/2023,Card Purchase           03/12 Fedex 567924910 800-4633339 TN Card 4199,ATM & Debit Card Withdrawals,-45.7,"1,274,829.02",,0,,,
Debit,3/16/2023,Card Purchase           03/15 Reattendance Ltd Banbury Card 4199,ATM & Debit Card Withdrawals,-25,"1,274,804.02",,0,,,
Debit,3/16/2023,Card Purchase           03/15 Etsy.Com - Thecactuspl 718-8557955 NY Card 4199,ATM & Debit Card Withdrawals,-671.29,"1,274,132.73",,0,,,
Debit,3/17/2023,Card Purchase           03/16 Fedex 214044666 800-4633339 TN Card 4199,ATM & Debit Card Withdrawals,-705.75,"1,273,426.98",,0,,,
Debit,3/17/2023,Card Purchase           03/16 Fedex 214030175 800-4633339 TN Card 4199,ATM & Debit Card Withdrawals,-589.38,"1,272,837.60",,0,,,
Debit,3/20/2023,Recurring Card Purchase 03/17 Google *Google Storag 855-836-3987 CA Card 4199,ATM & Debit Card Withdrawals,-10.88,"1,272,826.72",,0,,,
Debit,3/20/2023,Card Purchase           03/19 Amzn Mktp US*Hc2492B Amzn.Com/Bill WA Card 4199,ATM & Debit Card Withdrawals,-110.94,"1,272,715.78",,0,,,
Debit,3/20/2023,Card Purchase           03/19 Amzn Mktp US*Hc1Q56B Amzn.Com/Bill WA Card 4199,ATM & Debit Card Withdrawals,-19.9,"1,272,695.88",,0,,,
Debit,3/20/2023,Card Purchase           03/20 Amzn Mktp US*H71Fb1N Amzn.Com/Bill WA Card 4199,ATM & Debit Card Withdrawals,-507.53,"1,272,188.35",,0,,,
Debit,3/20/2023,Card Purchase           03/19 Amzn Mktp US*H78Tv8C Amzn.Com/Bill WA Card 4199,ATM & Debit Card Withdrawals,-24.99,"1,272,163.36",,0,,,
Debit,3/21/2023,Card Purchase           03/21 Amzn Mktp US*Hc5Iu3I Amzn.Com/Bill WA Card 4199,ATM & Debit Card Withdrawals,-28.28,"1,272,135.08",,0,,,
Debit,3/21/2023,Card Purchase           03/20 Carmellimo.Com 212-6666666 NY Card 4199,ATM & Debit Card Withdrawals,-756,"1,271,379.08",,0,,,
Debit,3/21/2023,Card Purchase           03/20 Carmellimo.Com 212-6666666 NY Card 4199,ATM & Debit Card Withdrawals,-756,"1,270,623.08",,0,,,
Debit,3/21/2023,Card Purchase           03/20 Carmellimo.Com 212-6666666 NY Card 4199,ATM & Debit Card Withdrawals,-236.75,"1,270,386.33",,0,,,
Debit,3/21/2023,Card Purchase           03/20 Carmellimo.Com 212-6666666 NY Card 4199,ATM & Debit Card Withdrawals,-234,"1,270,152.33",,0,,,
Debit,3/21/2023,Card Purchase           03/20 Carmellimo.Com 212-6666666 NY Card 4199,ATM & Debit Card Withdrawals,-234,"1,269,918.33",,0,,,
Debit,3/21/2023,Card Purchase           03/20 Carmellimo.Com 212-6666666 NY Card 4199,ATM & Debit Card Withdrawals,-236.75,"1,269,681.58",,0,,,
Debit,3/21/2023,Card Purchase           03/20 Carmellimo.Com 212-6666666 NY Card 4199,ATM & Debit Card Withdrawals,-2.75,"1,269,678.83",,0,,,
Debit,3/21/2023,Card Purchase           03/20 Carmellimo.Com 212-6666666 NY Card 4199,ATM & Debit Card Withdrawals,-2.75,"1,269,676.08",,0,,,
Debit,3/22/2023,,ATM & Debit Card Withdrawals,-212.27,"1,269,463.81",,0,,,
Debit,3/22/2023,,ATM & Debit Card Withdrawals,"-1,304.87","1,268,158.94",,0,,,
Debit,3/22/2023,Card Purchase           03/21 Amzn Mktp US*H76Vp4C Amzn.Com/Bill WA Card 4199,ATM & Debit Card Withdrawals,-295.84,"1,267,863.10",,0,,,
Debit,3/22/2023,Card Purchase           03/22 Amzn Mktp US*Hc2Zd4D Amzn.Com/Bill WA Card 4199,ATM & Debit Card Withdrawals,-19.47,"1,267,843.63",,0,,,
Debit,3/22/2023,Card Purchase           03/22 Amzn Mktp US*H72Vy7M Amzn.Com/Bill WA Card 4199,ATM & Debit Card Withdrawals,-23.94,"1,267,819.69",,0,,,
Debit,3/22/2023,Card Purchase           03/22 Amzn Mktp US*H709X0L Amzn.Com/Bill WA Card 4199,ATM & Debit Card Withdrawals,-23.94,"1,267,795.75",,0,,,
Debit,3/22/2023,Card Purchase           03/21 Cko*Www.Istockphoto.CO 866-4786251 WA Card 4199,ATM & Debit Card Withdrawals,-9.6,"1,267,786.15",,0,,,
Debit,3/22/2023,Card Purchase           03/21 Conferencebadge.Com Quebec City Qc Card 4199,ATM & Debit Card Withdrawals,"-1,836.58","1,265,949.57",,0,,,
Debit,3/22/2023,Card Purchase           03/22 Afr Furniture Rental 856-406-1200 NJ Card 4199,ATM & Debit Card Withdrawals,"-1,943.42","1,264,006.15",,0,,,
Debit,3/22/2023,Card Purchase           03/22 Amzn Mktp US*H705I4B Amzn.Com/Bill WA Card 4199,ATM & Debit Card Withdrawals,-19.75,"1,263,986.40",,0,,,
Debit,3/23/2023,Card Purchase           03/22 Fedex 568802655 800-4633339 TN Card 4199,ATM & Debit Card Withdrawals,-353.75,"1,263,632.65",,0,,,
Debit,3/23/2023,Card Purchase           03/22 Amzn Mktp US*H77C12T Amzn.Com/Bill WA Card 4199,ATM & Debit Card Withdrawals,-208.98,"1,263,423.67",,0,,,
Debit,3/23/2023,Card Purchase           03/22 Amazon.Com*H72Bh2T61 Amzn.Com/Bill WA Card 4199,ATM & Debit Card Withdrawals,-334.9,"1,263,088.77",,0,,,
Debit,3/23/2023,Card Purchase           03/22 Amazon.Com*H79Fr83F1 Amzn.Com/Bill WA Card 4199,ATM & Debit Card Withdrawals,-16.59,"1,263,072.18",,0,,,
Debit,3/23/2023,Card Purchase           03/23 Amzn Mktp US*H74Ic5T Amzn.Com/Bill WA Card 4199,ATM & Debit Card Withdrawals,-73.96,"1,262,998.22",,0,,,
Debit,3/23/2023,Card Purchase           03/22 Amzn Mktp US*H70D323 Amzn.Com/Bill WA Card 4199,ATM & Debit Card Withdrawals,-21.33,"1,262,976.89",,0,,,
Debit,3/23/2023,Card Purchase           03/23 Amzn Mktp US*Hc5Fv3I Amzn.Com/Bill WA Card 4199,ATM & Debit Card Withdrawals,-114.55,"1,262,862.34",,0,,,
Debit,3/23/2023,Card Purchase           03/23 Amzn Mktp US*H70BC81 Amzn.Com/Bill WA Card 4199,ATM & Debit Card Withdrawals,-121.87,"1,262,740.47",,0,,,
Debit,3/24/2023,Card Purchase           03/23 Amzn Mktp US*H76C01K Amzn.Com/Bill WA Card 4199,ATM & Debit Card Withdrawals,-240.5,"1,262,499.97",,0,,,
Debit,3/24/2023,Card Purchase           03/23 Carmellimo.Com 212-6666666 NY Card 4199,ATM & Debit Card Withdrawals,-171.95,"1,262,328.02",,0,,,
Debit,3/24/2023,Card Purchase           03/23 Carmellimo.Com 212-6666666 NY Card 4199,ATM & Debit Card Withdrawals,-171.95,"1,262,156.07",,0,,,
Debit,3/27/2023,Card Purchase           03/26 Amzn Mktp US*H75WI6M Amzn.Com/Bill WA Card 4199,ATM & Debit Card Withdrawals,-148,"1,262,008.07",,0,,,
Debit,3/27/2023,,ATM & Debit Card Withdrawals,-228.57,"1,261,779.50",,0,,,
Debit,3/27/2023,,ATM & Debit Card Withdrawals,-10.8,"1,261,768.70",,0,,,
Debit,3/27/2023,,ATM & Debit Card Withdrawals,-1.36,"1,261,767.34",,0,,,
Debit,3/27/2023,,ATM & Debit Card Withdrawals,-72.55,"1,261,694.79",,0,,,
Debit,3/27/2023,,ATM & Debit Card Withdrawals,-41.55,"1,261,653.24",,0,,,
Debit,3/27/2023,,ATM & Debit Card Withdrawals,-43.55,"1,261,609.69",,0,,,
Debit,3/27/2023,,ATM & Debit Card Withdrawals,-83.09,"1,261,526.60",,0,,,
Debit,3/27/2023,Card Purchase           03/24 Carmellimo.Com 212-6666666 NY Card 4199,ATM & Debit Card Withdrawals,-64.8,"1,261,461.80",,0,,,
Debit,3/27/2023,Card Purchase           03/24 Carmellimo.Com 212-6666666 NY Card 4199,ATM & Debit Card Withdrawals,-64.8,"1,261,397.00",,0,,,
Debit,3/27/2023,Card Purchase           03/25 Amzn Mktp US*H75Ua6T Amzn.Com/Bill WA Card 4199,ATM & Debit Card Withdrawals,-71.82,"1,261,325.18",,0,,,
Debit,3/27/2023,,ATM & Debit Card Withdrawals,-37.68,"1,261,287.50",,0,,,
Debit,3/27/2023,,ATM & Debit Card Withdrawals,-58.52,"1,261,228.98",,0,,,
Debit,3/28/2023,,ATM & Debit Card Withdrawals,-37.56,"1,261,191.42",,0,,,
Debit,3/28/2023,Card Purchase           03/28 Conferencebadge.Com Quebec City Qc Card 4199,ATM & Debit Card Withdrawals,-0.5,"1,261,190.92",,0,,,
Debit,3/30/2023,"Card Purchase           03/29 Ecamm Network, LLC 617-8301662 MA Card 4199",ATM & Debit Card Withdrawals,-192,"1,260,998.92",,0,,,
Debit,3/30/2023,Card Purchase           03/29 Fsp*Nyc Executive Lim 212-470-3671 IN Card 4199,ATM & Debit Card Withdrawals,-224.4,"1,260,774.52",,0,,,
Debit,3/30/2023,Card Purchase           03/29 Fsp*Nyc Executive Lim 212-470-3671 IN Card 4199,ATM & Debit Card Withdrawals,-224.4,"1,260,550.12",,0,,,
Debit,3/1/2023,Orig CO Name:Bankcard-8566          Orig ID:1592126793 Desc Date:230228 CO Entry,Electronic Withdrawals,-375,"1,260,175.12",,0,,,
Debit,3/2/2023,Orig CO Name:Bankcard-8566          Orig ID:1592126793 Desc Date:230228 CO Entry,Electronic Withdrawals,"-6,292.88","1,253,882.24",,0,,,
Debit,3/2/2023,Orig CO Name:Bankcard-8566          Orig ID:1592126793 Desc Date:230301 CO Entry,Electronic Withdrawals,-250,"1,253,632.24",,0,,,
Debit,3/3/2023,Orig CO Name:Bankcard-8566          Orig ID:1592126793 Desc Date:230302 CO Entry,Electronic Withdrawals,-800,"1,252,832.24",,0,,,
Debit,3/6/2023,03/06 Online Transfer To Chk ...7365 Transaction#: 16753873230,Electronic Withdrawals,"-3,300.00","1,249,532.24",,0,,,
Debit,3/6/2023,03/06 Online Transfer To Chk ...7365 Transaction#: 16753932052,Electronic Withdrawals,"-7,350.00","1,242,182.24",,0,,,
Debit,3/7/2023,Orig CO Name:Bankcard-8566          Orig ID:1592126793 Desc Date:230306 CO Entry,Electronic Withdrawals,"-3,250.00","1,238,932.24",,0,,,
Debit,3/9/2023,Orig CO Name:Bankcard-8566          Orig ID:1592126793 Desc Date:230308 CO Entry,Electronic Withdrawals,"-1,975.00","1,236,957.24",,0,,,
Debit,3/13/2023,03/13 Online Transfer To Mma ...5639 Transaction#: 16811563126,Electronic Withdrawals,"-500,000.00","736,957.24",,0,,,
Debit,3/13/2023,03/13 Online ACH Payment 11013307013 To Michelecobb (_######6800),Electronic Withdrawals,"-43,026.28","693,930.96",,0,,,
Debit,3/13/2023,03/13 Online ACH Payment 11013307297 To Thesamontegroup (_######0176),Electronic Withdrawals,"-8,750.00","685,180.96",,0,,,
Debit,3/13/2023,03/13 Online ACH Payment 11013307234 To Baileyduquette (_######9908),Electronic Withdrawals,"-3,750.00","681,430.96",,0,,,
Debit,3/14/2023,03/14 Online ACH Payment 11013307440 To Thesamontegroup (_######0176),Electronic Withdrawals,"-8,750.00","672,680.96",,0,,,
Debit,3/14/2023,03/14 Online Transfer To Chk ...7365 Transaction#: 16820902547,Electronic Withdrawals,-400,"672,280.96",,0,,,
Debit,3/15/2023,03/15 Online ACH Payment 11013308888 To Michelecobb (_######6800),Electronic Withdrawals,"-79,062.98","593,217.98",,0,,,
Debit,3/16/2023,Orig CO Name:Bankcard-8566          Orig ID:1592126793 Desc Date:230315 CO Entry,Electronic Withdrawals,"-1,670.00","591,547.98",,0,,,
Debit,3/17/2023,Orig CO Name:Bankcard-8566          Orig ID:1592126793 Desc Date:230316 CO Entry,Electronic Withdrawals,-900,"590,647.98",,0,,,
Debit,3/21/2023,03/21 Online Domestic Wire Transfer Via: Keybank Albany/021300077 A/C: Pier Sixty LLC Nyc,Electronic Withdrawals,"-80,000.00","510,647.98",,0,,,
Debit,3/21/2023,03/21 Online Domestic Wire Transfer Via: Cy Natl Bk LA/122016066 A/C: United Talent Agency,Electronic Withdrawals,"-20,000.00","490,647.98",,0,,,
Debit,3/22/2023,03/22 Online Domestic Wire Transfer Via: Keybank Albany/021300077 A/C: Pier Sixty LLC Nyc,Electronic Withdrawals,"-31,344.53","459,303.45",,0,,,
Debit,3/22/2023,"03/22 Online Domestic Wire Transfer Via: Citizens Bank, NA/011500120 A/C: Aba/211070175",Electronic Withdrawals,"-46,087.00","413,216.45",,0,,,
Debit,3/27/2023,Orig CO Name:Bankcard-8566          Orig ID:1592126793 Desc Date:230326 CO Entry,Electronic Withdrawals,-440,"412,776.45",,0,,,
Debit,3/28/2023,Orig CO Name:NV Events By Nuv       Orig ID:1911718107 Desc Date:       CO Entry,Electronic Withdrawals,"-2,518.75","410,257.70",,0,,,
Debit,3/30/2023,Zelle Payment To Emma Harris Jpm999Uo2I3E,Electronic Withdrawals,-101.91,"410,155.79",,0,,,
Debit,3/30/2023,03/30 Online ACH Payment 11014977398 To Kvlaudiovisualservices (_####6877),Electronic Withdrawals,"-31,255.30","378,900.49",,0,,,
Debit,3/3/2023,,Fees,-50,"378,850.49",,0,,,
,4/3/2023,Beginning Balance,Balance Forward, - ,"378,850.49",,0,,,
Credit,4/3/2023,Orig CO Name:Bankcard-8566          Orig ID:1592126793 Desc Date:230331 CO Entry,Deposits and Additions,640,"379,490.49",,0,,,
Credit,4/3/2023,Orig CO Name:Bankcard-8566          Orig ID:1592126793 Desc Date:230402 CO Entry,Deposits and Additions,145,"379,635.49",,0,,,
Credit,4/5/2023,Remote Online Deposit              1,Deposits and Additions,"6,600.00","386,235.49",,0,,,
Credit,4/5/2023,Remote Online Deposit              1,Deposits and Additions,"4,500.00","390,735.49",,0,,,
Credit,4/6/2023,Orig CO Name:Uta Comedy Touri       Orig ID:4101813436 Desc Date:230405 CO Entry,Deposits and Additions,"4,000.00","394,735.49",,0,,,
Credit,4/6/2023,Orig CO Name:Bankcard-8566          Orig ID:1592126793 Desc Date:230405 CO Entry,Deposits and Additions,332.5,"395,067.99",,0,,,
Credit,4/7/2023,Orig CO Name:Bankcard-8566          Orig ID:1592126793 Desc Date:230406 CO Entry,Deposits and Additions,307.5,"395,375.49",,0,,,
Credit,4/10/2023,Orig CO Name:Bankcard-8566          Orig ID:1592126793 Desc Date:230409 CO Entry,Deposits and Additions,165,"395,540.49",,0,,,
Credit,4/10/2023,Orig CO Name:Bankcard-8566          Orig ID:1592126793 Desc Date:230407 CO Entry,Deposits and Additions,123.75,"395,664.24",,0,,,
Credit,4/10/2023,Orig CO Name:Bankcard-8566          Orig ID:1592126793 Desc Date:230409 CO Entry,Deposits and Additions,123.75,"395,787.99",,0,,,
Credit,4/12/2023,Orig CO Name:Bankcard-8566          Orig ID:1592126793 Desc Date:230411 CO Entry,Deposits and Additions,483.75,"396,271.74",,0,,,
Credit,4/13/2023,Orig CO Name:Bankcard-8566          Orig ID:1592126793 Desc Date:230412 CO Entry,Deposits and Additions,"3,255.00","399,526.74",,0,,,
Credit,4/14/2023,Orig CO Name:Bankcard-8566          Orig ID:1592126793 Desc Date:230413 CO Entry,Deposits and Additions,223.75,"399,750.49",,0,,,
Credit,4/17/2023,Orig CO Name:Bankcard-8566          Orig ID:1592126793 Desc Date:230414 CO Entry,Deposits and Additions,165,"399,915.49",,0,,,
Credit,4/17/2023,Orig CO Name:Bankcard-8566          Orig ID:1592126793 Desc Date:230416 CO Entry,Deposits and Additions,165,"400,080.49",,0,,,
Credit,4/17/2023,Orig CO Name:Bankcard-8566          Orig ID:1592126793 Desc Date:230416 CO Entry,Deposits and Additions,123.75,"400,204.24",,0,,,
Credit,4/19/2023,Orig CO Name:Bankcard-8566          Orig ID:1592126793 Desc Date:230418 CO Entry,Deposits and Additions,123.75,"400,327.99",,0,,,
Credit,4/21/2023,Orig CO Name:Bankcard-8566          Orig ID:1592126793 Desc Date:230420 CO Entry,Deposits and Additions,371.25,"400,699.24",,0,,,
Credit,4/24/2023,Orig CO Name:Bankcard-8566          Orig ID:1592126793 Desc Date:230423 CO Entry,Deposits and Additions,123.75,"400,822.99",,0,,,
Credit,4/25/2023,Orig CO Name:Bankcard-8566          Orig ID:1592126793 Desc Date:230424 CO Entry,Deposits and Additions,123.75,"400,946.74",,0,,,
Credit,4/26/2023,Orig CO Name:Bankcard-8566          Orig ID:1592126793 Desc Date:230425 CO Entry,Deposits and Additions,901.25,"401,847.99",,0,,,
Credit,4/27/2023,Orig CO Name:Bankcard-8566          Orig ID:1592126793 Desc Date:230426 CO Entry,Deposits and Additions,"5,747.50","407,595.49",,0,,,
Debit,4/3/2023,Recurring Card Purchase 04/01 Linode . Akamai 609-380-7100 MA Card 4199,ATM & Debit Card Withdrawals,-30,"407,565.49",,0,,,
Debit,4/3/2023,Recurring Card Purchase 04/01 Google *Gsuite_Audio Cc@Google.Com CA Card 4199,ATM & Debit Card Withdrawals,-52.26,"407,513.23",,0,,,
Debit,4/3/2023,Recurring Card Purchase 04/02 Eig*Constantcontact.CO 855-2295506 MA Card 4199,ATM & Debit Card Withdrawals,-136.1,"407,377.13",,0,,,
Debit,4/10/2023,Card Purchase           04/07 Fedex 570498553 800-4633339 TN Card 4199,ATM & Debit Card Withdrawals,-49.5,"407,327.63",,0,,,
Debit,4/12/2023,Card Purchase           04/11 Fedex 570919350 800-4633339 TN Card 4199,ATM & Debit Card Withdrawals,-25.63,"407,302.00",,0,,,
Debit,4/17/2023,Card Purchase           04/15 Reattendance Ltd Banbury Card 4199,ATM & Debit Card Withdrawals,-25,"407,277.00",,0,,,
Debit,4/18/2023,Recurring Card Purchase 04/17 Google *Google Storag 855-836-3987 CA Card 4199,ATM & Debit Card Withdrawals,-10.88,"407,266.12",,0,,,
Debit,4/18/2023,Card Purchase           04/17 Fedex571433628 800-4633339 TN Card 4199,ATM & Debit Card Withdrawals,-28.33,"407,237.79",,0,,,
Debit,4/20/2023,Card Purchase           04/19 Fedex571605417 800-4633339 TN Card 4199,ATM & Debit Card Withdrawals,-410.38,"406,827.41",,0,,,
Debit,4/3/2023,Orig CO Name:Bankcard-8566          Orig ID:1592126793 Desc Date:230331 CO Entry,Electronic Withdrawals,"-1,450.00","405,377.41",,0,,,
Debit,4/3/2023,Orig CO Name:Bankcard-8566          Orig ID:1592126793 Desc Date:230331 CO Entry,Electronic Withdrawals,"-4,270.44","401,106.97",,0,,,
Debit,4/5/2023,Orig CO Name:Bankcard-8566          Orig ID:1592126793 Desc Date:230404 CO Entry,Electronic Withdrawals,-85,"401,021.97",,0,,,
Debit,4/5/2023,Zelle Payment To Max Flatow Jpm999Uxsgl6,Electronic Withdrawals,"-3,650.00","397,371.97",,0,,,
Debit,4/11/2023,"Zelle Payment To Janet Benson, Inc. 17065018007",Electronic Withdrawals,"-1,204.43","396,167.54",,0,,,
Debit,4/19/2023,"04/19 Online Domestic Wire Transfer Via: Citizens Bank, NA/011500120 A/C: Aba/211070175",Electronic Withdrawals,"-31,314.29","364,853.25",,0,,,
Debit,4/19/2023,04/19 Online ACH Payment 11016628600 To Michelecobb (_######6800),Electronic Withdrawals,"-100,000.00","264,853.25",,0,,,
Debit,4/5/2023,,Fees,-50,"264,803.25",,0,,,
,5/1/2023,Beginning Balance,Balance Forward, - ,"264,803.25",,0,,,
Credit,5/1/2023,Orig CO Name:Bankcard-8566          Orig ID:1592126793 Desc Date:230428 CO Entry,Deposits and Additions,738.75,"265,542.00",,0,,,
Credit,5/1/2023,Orig CO Name:Bankcard-8566          Orig ID:1592126793 Desc Date:230430 CO Entry,Deposits and Additions,398.75,"265,940.75",,0,,,
Credit,5/1/2023,Orig CO Name:Bankcard-8566          Orig ID:1592126793 Desc Date:230430 CO Entry,Deposits and Additions,50,"265,990.75",,0,,,
Credit,5/3/2023,Orig CO Name:Bankcard-8566          Orig ID:1592126793 Desc Date:230502 CO Entry,Deposits and Additions,247.5,"266,238.25",,0,,,
Credit,5/4/2023,Orig CO Name:Bankcard-8566          Orig ID:1592126793 Desc Date:230503 CO Entry,Deposits and Additions,412.5,"266,650.75",,0,,,
Credit,5/5/2023,Orig CO Name:Bankcard-8566          Orig ID:1592126793 Desc Date:230504 CO Entry,Deposits and Additions,338.75,"266,989.50",,0,,,
Credit,5/8/2023,Orig CO Name:Bankcard-8566          Orig ID:1592126793 Desc Date:230507 CO Entry,Deposits and Additions,123.75,"267,113.25",,0,,,
Credit,5/8/2023,Orig CO Name:Bankcard-8566          Orig ID:1592126793 Desc Date:230505 CO Entry,Deposits and Additions,100,"267,213.25",,0,,,
Credit,5/10/2023,Orig CO Name:Bankcard-8566          Orig ID:1592126793 Desc Date:230509 CO Entry,Deposits and Additions,165,"267,378.25",,0,,,
Credit,5/12/2023,Orig CO Name:Bankcard-8566          Orig ID:1592126793 Desc Date:230511 CO Entry,Deposits and Additions,412.5,"267,790.75",,0,,,
Credit,5/15/2023,Orig CO Name:Bankcard-8566          Orig ID:1592126793 Desc Date:230512 CO Entry,Deposits and Additions,847.5,"268,638.25",,0,,,
Credit,5/16/2023,Orig CO Name:Spotify Iso            Orig ID:4284601835 Desc Date:230516 CO Entry,Deposits and Additions,"1,200.00","269,838.25",,0,,,
Credit,5/17/2023,Orig CO Name:Bankcard-8566          Orig ID:1592126793 Desc Date:230516 CO Entry,Deposits and Additions,"2,247.50","272,085.75",,0,,,
Credit,5/18/2023,Remote Online Deposit              1,Deposits and Additions,600,"272,685.75",,0,,,
Credit,5/18/2023,Remote Online Deposit              1,Deposits and Additions,375,"273,060.75",,0,,,
Credit,5/18/2023,Remote Online Deposit              1,Deposits and Additions,300,"273,360.75",,0,,,
Credit,5/19/2023,Online Transfer From Chk ...7365 Transaction#: 17397871851,Deposits and Additions,"5,479.00","278,839.75",,0,,,
Credit,5/22/2023,Orig CO Name:Bankcard-8566          Orig ID:1592126793 Desc Date:230521 CO Entry,Deposits and Additions,247.5,"279,087.25",,0,,,
Credit,5/22/2023,Orig CO Name:Bankcard-8566          Orig ID:1592126793 Desc Date:230521 CO Entry,Deposits and Additions,123.75,"279,211.00",,0,,,
Credit,5/24/2023,Orig CO Name:Spotify Iso            Orig ID:4284601835 Desc Date:230523 CO Entry,Deposits and Additions,"10,500.00","289,711.00",,0,,,
Credit,5/24/2023,Orig CO Name:Bankcard-8566          Orig ID:1592126793 Desc Date:230523 CO Entry,Deposits and Additions,123.75,"289,834.75",,0,,,
Credit,5/26/2023,Orig CO Name:Bankcard-8566          Orig ID:1592126793 Desc Date:230525 CO Entry,Deposits and Additions,123.75,"289,958.50",,0,,,
Credit,5/30/2023,Orig CO Name:Bankcard-8566          Orig ID:1592126793 Desc Date:230528 CO Entry,Deposits and Additions,247.5,"290,206.00",,0,,,
Credit,5/30/2023,Orig CO Name:Bankcard-8566          Orig ID:1592126793 Desc Date:230526 CO Entry,Deposits and Additions,123.75,"290,329.75",,0,,,
Credit,5/30/2023,Orig CO Name:Bankcard-8566          Orig ID:1592126793 Desc Date:230529 CO Entry,Deposits and Additions,50,"290,379.75",,0,,,
Debit,5/1/2023,Recurring Card Purchase 05/01 Linode . Akamai 609-380-7100 MA Card 4199,ATM & Debit Card Withdrawals,-34,"290,345.75",,0,,,
Debit,5/1/2023,Recurring Card Purchase 05/01 Google *Gsuite_Audio Cc@Google.Com CA Card 4199,ATM & Debit Card Withdrawals,-52.26,"290,293.49",,0,,,
Debit,5/3/2023,Recurring Card Purchase 05/02 Eig*Constantcontact.CO 855-2295506 MA Card 4199,ATM & Debit Card Withdrawals,-136.1,"290,157.39",,0,,,
Debit,5/3/2023,Card Purchase           05/03 Tst* Tavern 29 New York NY Card 4199,ATM & Debit Card Withdrawals,-945.81,"289,211.58",,0,,,
Debit,5/12/2023,Recurring Card Purchase 05/11 Web*Networksolutions 888-6429675 FL Card 4199,ATM & Debit Card Withdrawals,-50.97,"289,160.61",,0,,,
Debit,5/16/2023,Card Purchase           05/15 Reattendance Ltd Banbury Card 4199,ATM & Debit Card Withdrawals,-25,"289,135.61",,0,,,
Debit,5/18/2023,Recurring Card Purchase 05/17 Google *Google Stora G.CO/Helppay# CA Card 4199,ATM & Debit Card Withdrawals,-10.88,"289,124.73",,0,,,
Debit,5/24/2023,Card Purchase           05/23 Amazon.Com*Hk8Rg16C1 Amzn.Com/Bill WA Card 4199,ATM & Debit Card Withdrawals,"-1,850.00","287,274.73",,0,,,
Debit,5/24/2023,Card Purchase           05/23 Cristaux Internationa 312-778-8800 IL Card 4199,ATM & Debit Card Withdrawals,"-5,445.39","281,829.34",,0,,,
Debit,5/2/2023,Orig CO Name:Bankcard-8566          Orig ID:1592126793 Desc Date:230430 CO Entry,Electronic Withdrawals,-687.05,"281,142.29",,0,,,
Debit,5/4/2023,,Electronic Withdrawals,"-21,760.00","259,382.29",,0,,,
Debit,5/8/2023,Orig CO Name:Lthj Global            Orig ID:9215986202 Desc Date:230506 CO Entry Descr:Sale,Electronic Withdrawals,"-6,750.00","252,632.29",,0,,,
Debit,5/10/2023,Orig CO Name:Granite Insuranc       Orig ID:2472319830 Desc Date:230509 CO Entry,Electronic Withdrawals,"-1,086.33","251,545.96",,0,,,
Debit,5/18/2023,05/18 Online ACH Payment 11019320233 To Michelecobb (_######6800),Electronic Withdrawals,"-30,000.00","221,545.96",,0,,,
Debit,5/19/2023,Orig CO Name:Venmo                  Orig ID:3264681992 Desc Date:230518 CO Entry,Electronic Withdrawals,-85,"221,460.96",,0,,,
Debit,5/19/2023,"Zelle Payment To Janet Benson, Inc. 17397811162",Electronic Withdrawals,-599.88,"220,861.08",,0,,,
Debit,5/30/2023,05/30 Online International Wire Transfer A/C: Coutts And CO Essex United Kingdom Sso O-Ej,Electronic Withdrawals,"-4,000.00","216,861.08",,0,,,
Credit,6/1/2023,Orig CO Name:Bankcard-8566          Orig ID:1592126793 Desc Date:230531 CO Entry,Deposits and Additions,173.75,"217,034.83",,0,,,
Credit,6/2/2023,Orig CO Name:Bankcard-8566          Orig ID:1592126793 Desc Date:230601 CO Entry,Deposits and Additions,215,"217,249.83",,0,,,
Credit,6/5/2023,Orig CO Name:Bankcard-8566          Orig ID:1592126793 Desc Date:230604 CO Entry,Deposits and Additions,655,"217,904.83",,0,,,
Credit,6/5/2023,Orig CO Name:Bankcard-8566          Orig ID:1592126793 Desc Date:230602 CO Entry,Deposits and Additions,435,"218,339.83",,0,,,
Credit,6/5/2023,Orig CO Name:Bankcard-8566          Orig ID:1592126793 Desc Date:230604 CO Entry,Deposits and Additions,375,"218,714.83",,0,,,
Credit,6/7/2023,Orig CO Name:Bankcard-8566          Orig ID:1592126793 Desc Date:230606 CO Entry,Deposits and Additions,718.75,"219,433.58",,0,,,
Credit,6/8/2023,Orig CO Name:Bankcard-8566          Orig ID:1592126793 Desc Date:230607 CO Entry,Deposits and Additions,"1,381.25","220,814.83",,0,,,
Credit,6/9/2023,Orig CO Name:Bankcard-8566          Orig ID:1592126793 Desc Date:230608 CO Entry,Deposits and Additions,"1,863.75","222,678.58",,0,,,
Credit,6/12/2023,Orig CO Name:Bankcard-8566          Orig ID:1592126793 Desc Date:230611 CO Entry,Deposits and Additions,700,"223,378.58",,0,,,
Credit,6/12/2023,Orig CO Name:Bankcard-8566          Orig ID:1592126793 Desc Date:230609 CO Entry,Deposits and Additions,440,"223,818.58",,0,,,
Credit,6/14/2023,Orig CO Name:Bankcard-8566          Orig ID:1592126793 Desc Date:230613 CO Entry,Deposits and Additions,730,"224,548.58",,0,,,
Credit,6/15/2023,Orig CO Name:Bankcard-8566          Orig ID:1592126793 Desc Date:230614 CO Entry,Deposits and Additions,550,"225,098.58",,0,,,
Credit,6/16/2023,Orig CO Name:Bankcard-8566          Orig ID:1592126793 Desc Date:230615 CO Entry,Deposits and Additions,998.75,"226,097.33",,0,,,
Credit,6/20/2023,Orig CO Name:Bankcard-8566          Orig ID:1592126793 Desc Date:230618 CO Entry,Deposits and Additions,893.75,"226,991.08",,0,,,
Credit,6/20/2023,Orig CO Name:Bankcard-8566          Orig ID:1592126793 Desc Date:230619 CO Entry,Deposits and Additions,715,"227,706.08",,0,,,
Credit,6/20/2023,Orig CO Name:Bankcard-8566          Orig ID:1592126793 Desc Date:230616 CO Entry,Deposits and Additions,168.75,"227,874.83",,0,,,
Credit,6/21/2023,Orig CO Name:Bankcard-8566          Orig ID:1592126793 Desc Date:230620 CO Entry,Deposits and Additions,880,"228,754.83",,0,,,
Credit,6/22/2023,Orig CO Name:Bankcard-8566          Orig ID:1592126793 Desc Date:230621 CO Entry,Deposits and Additions,"1,685.00","230,439.83",,0,,,
Credit,6/23/2023,Orig CO Name:Bankcard-8566          Orig ID:1592126793 Desc Date:230622 CO Entry,Deposits and Additions,233.75,"230,673.58",,0,,,
Credit,6/26/2023,Orig CO Name:Bankcard-8566          Orig ID:1592126793 Desc Date:230623 CO Entry,Deposits and Additions,"1,340.00","232,013.58",,0,,,
Credit,6/26/2023,Orig CO Name:Bankcard-8566          Orig ID:1592126793 Desc Date:230625 CO Entry,Deposits and Additions,620,"232,633.58",,0,,,
Credit,6/26/2023,Orig CO Name:Bankcard-8566          Orig ID:1592126793 Desc Date:230625 CO Entry,Deposits and Additions,50,"232,683.58",,0,,,
Credit,6/27/2023,Orig CO Name:Bankcard-8566          Orig ID:1592126793 Desc Date:230626 CO Entry,Deposits and Additions,733.75,"233,417.33",,0,,,
Credit,6/28/2023,Orig CO Name:Bankcard-8566          Orig ID:1592126793 Desc Date:230627 CO Entry,Deposits and Additions,"1,620.00","235,037.33",,0,,,
Credit,6/29/2023,Orig CO Name:Bankcard-8566          Orig ID:1592126793 Desc Date:230628 CO Entry,Deposits and Additions,"2,570.00","237,607.33",,0,,,
Credit,6/30/2023,Online Transfer From Chk ...7851 Transaction#: 17765136327,Deposits and Additions,"8,750.00","246,357.33",,0,,,
Credit,6/30/2023,Orig CO Name:Bankcard-8566          Orig ID:1592126793 Desc Date:230629 CO Entry,Deposits and Additions,"1,045.00","247,402.33",,0,,,
Debit,6/1/2023,Recurring Card Purchase 06/01 Linode . Akamai 609-380-7100 MA Card 4199,ATM & Debit Card Withdrawals,-34,"247,368.33",,0,,,
Debit,6/1/2023,Recurring Card Purchase 06/01 Google *Gsuite_Audio Cc@Google.Com CA Card 4199,ATM & Debit Card Withdrawals,-52.26,"247,316.07",,0,,,
Debit,6/5/2023,Recurring Card Purchase 06/02 Eig*Constantcontact.CO 855-2295506 MA Card 4199,ATM & Debit Card Withdrawals,-136.1,"247,179.97",,0,,,
Debit,6/5/2023,Recurring Card Purchase 06/03 Intuit *Quickbooks Cl.Intuit.Com CA Card 4199,ATM & Debit Card Withdrawals,-597.72,"246,582.25",,0,,,
Debit,6/8/2023,Card Purchase           06/07 Accessibe.Com Accessibe.Com NY Card 4199,ATM & Debit Card Withdrawals,-533,"246,049.25",,0,,,
Debit,6/15/2023,Recurring Card Purchase 06/14 Accessibe.Com Accessibe.Com NY Card 4199,ATM & Debit Card Withdrawals,-533,"245,516.25",,0,,,
Debit,6/16/2023,Card Purchase           06/15 Reattendance Ltd Banbury Card 4199,ATM & Debit Card Withdrawals,-25,"245,491.25",,0,,,
Debit,6/20/2023,Recurring Card Purchase 06/17 Google *Google Storag 855-836-3987 CA Card 4199,ATM & Debit Card Withdrawals,-10.88,"245,480.37",,0,,,
Debit,6/20/2023,"Card Purchase           06/16 Notion Labs, Inc. Httpswww.Noti CA Card 4199",ATM & Debit Card Withdrawals,-209.04,"245,271.33",,0,,,
Debit,6/22/2023,Card Purchase           06/21 Fedex217080859 800-4633339 TN Card 4199,ATM & Debit Card Withdrawals,-90.08,"245,181.25",,0,,,
Debit,6/26/2023,Card Purchase           06/23 Fedex577842590 800-4633339 TN Card 4199,ATM & Debit Card Withdrawals,-88.61,"245,092.64",,0,,,
Debit,6/2/2023,Orig CO Name:Bankcard-8566          Orig ID:1592126793 Desc Date:230531 CO Entry,Electronic Withdrawals,-327.23,"244,765.41",,0,,,
Debit,6/5/2023,Orig CO Name:Branch & Bramble       Orig ID:9215986202 Desc Date:230603 CO Entry,Electronic Withdrawals,"-1,250.00","243,515.41",,0,,,
Debit,6/14/2023,06/14 Online ACH Payment 11021800639 To Baileyduquette (_######9908),Electronic Withdrawals,"-8,650.00","234,865.41",,0,,,
Debit,6/14/2023,06/14 Online ACH Payment 11021801078 To Michelecobb (_######6800),Electronic Withdrawals,"-15,561.08","219,304.33",,0,,,
Debit,6/14/2023,06/14 Online ACH Payment 11021801558 To Michelecobb (_######6800),Electronic Withdrawals,"-8,009.92","211,294.41",,0,,,
Debit,6/14/2023,06/14 Online Transfer To Chk ...7365 Transaction#: 17621493486,Electronic Withdrawals,"-8,400.00","202,894.41",,0,,,
Debit,6/14/2023,06/14 Online Transfer To Chk ...7365 Transaction#: 17621487130,Electronic Withdrawals,"-12,400.00","190,494.41",,0,,,
Debit,6/14/2023,06/14 Online Payment 17621481111 To Branch & Bramble,Electronic Withdrawals,"-5,000.00","185,494.41",,0,,,
Debit,6/5/2023,,Fees,-34,"185,460.41",,0,,,
Credit,7/3/2023,Orig CO Name:Bankcard-8566          Orig ID:1592126793 Desc Date:230702 CO Entry,Deposits and Additions,"6,440.00","191,900.41",,0,,,
Credit,7/3/2023,Orig CO Name:Bankcard-8566          Orig ID:1592126793 Desc Date:230630 CO Entry,Deposits and Additions,"1,520.00","193,420.41",,0,,,
Credit,7/3/2023,Orig CO Name:Bankcard-8566          Orig ID:1592126793 Desc Date:230702 CO Entry,Deposits and Additions,"1,142.50","194,562.91",,0,,,
Credit,7/5/2023,Orig CO Name:Bankcard-8566          Orig ID:1592126793 Desc Date:230704 CO Entry,Deposits and Additions,"1,722.50","196,285.41",,0,,,
Credit,7/5/2023,Orig CO Name:Bankcard-8566          Orig ID:1592126793 Desc Date:230703 CO Entry,Deposits and Additions,632.5,"196,917.91",,0,,,
Credit,7/6/2023,Orig CO Name:Bankcard-8566          Orig ID:1592126793 Desc Date:230705 CO Entry,Deposits and Additions,"2,832.50","199,750.41",,0,,,
Credit,7/7/2023,Orig CO Name:Bankcard-8566          Orig ID:1592126793 Desc Date:230706 CO Entry,Deposits and Additions,"10,497.50","210,247.91",,0,,,
Credit,7/10/2023,Orig CO Name:Bankcard-8566          Orig ID:1592126793 Desc Date:230709 CO Entry,Deposits and Additions,"55,290.00","265,537.91",,0,,,
Credit,7/10/2023,Orig CO Name:Bankcard-8566          Orig ID:1592126793 Desc Date:230707 CO Entry,Deposits and Additions,"14,425.00","279,962.91",,0,,,
Credit,7/10/2023,Orig CO Name:Bankcard-8566          Orig ID:1592126793 Desc Date:230709 CO Entry,Deposits and Additions,612.5,"280,575.41",,0,,,
Credit,7/11/2023,Orig CO Name:Bankcard-8566          Orig ID:1592126793 Desc Date:230710 CO Entry,Deposits and Additions,210,"280,785.41",,0,,,
Credit,7/12/2023,Card Purchase Return    07/11 Google*Ads2117630056 Cc Google.Com CA Card 4199,Deposits and Additions,11.69,"280,797.10",,0,,,
Credit,7/12/2023,Orig CO Name:Bankcard-8566          Orig ID:1592126793 Desc Date:230711 CO Entry,Deposits and Additions,580,"281,377.10",,0,,,
Credit,7/13/2023,Orig CO Name:Bankcard-8566          Orig ID:1592126793 Desc Date:230712 CO Entry,Deposits and Additions,302.5,"281,679.60",,0,,,
Credit,7/14/2023,Orig CO Name:Bankcard-8566          Orig ID:1592126793 Desc Date:230713 CO Entry,Deposits and Additions,"1,242.50","282,922.10",,0,,,
Credit,7/17/2023,Orig CO Name:Bankcard-8566          Orig ID:1592126793 Desc Date:230716 CO Entry,Deposits and Additions,"3,350.00","286,272.10",,0,,,
Credit,7/17/2023,Orig CO Name:Bankcard-8566          Orig ID:1592126793 Desc Date:230714 CO Entry,Deposits and Additions,397.5,"286,669.60",,0,,,
Credit,7/17/2023,Orig CO Name:Bankcard-8566          Orig ID:1592126793 Desc Date:230716 CO Entry,Deposits and Additions,260,"286,929.60",,0,,,
Credit,7/18/2023,Orig CO Name:Bankcard-8566          Orig ID:1592126793 Desc Date:230717 CO Entry,Deposits and Additions,210,"287,139.60",,0,,,
Credit,7/19/2023,Remote Online Deposit              1,Deposits and Additions,"6,490.00","293,629.60",,0,,,
Credit,7/19/2023,Remote Online Deposit              1,Deposits and Additions,"2,000.00","295,629.60",,0,,,
Credit,7/19/2023,Remote Online Deposit              1,Deposits and Additions,110,"295,739.60",,0,,,
Credit,7/19/2023,Orig CO Name:Bankcard-8566          Orig ID:1592126793 Desc Date:230718 CO Entry,Deposits and Additions,292.5,"296,032.10",,0,,,
Credit,7/20/2023,Orig CO Name:Bankcard-8566          Orig ID:1592126793 Desc Date:230719 CO Entry,Deposits and Additions,"1,825.00","297,857.10",,0,,,
Credit,7/21/2023,Orig CO Name:Bankcard-8566          Orig ID:1592126793 Desc Date:230720 CO Entry,Deposits and Additions,"1,842.50","299,699.60",,0,,,
Credit,7/24/2023,Orig CO Name:Bankcard-8566          Orig ID:1592126793 Desc Date:230723 CO Entry,Deposits and Additions,485,"300,184.60",,0,,,
Credit,7/24/2023,Orig CO Name:Bankcard-8566          Orig ID:1592126793 Desc Date:230721 CO Entry,Deposits and Additions,440,"300,624.60",,0,,,
Credit,7/26/2023,Orig CO Name:Bankcard-8566          Orig ID:1592126793 Desc Date:230725 CO Entry,Deposits and Additions,112.5,"300,737.10",,0,,,
Credit,7/27/2023,Orig CO Name:Bankcard-8566          Orig ID:1592126793 Desc Date:230726 CO Entry,Deposits and Additions,475,"301,212.10",,0,,,
Credit,7/28/2023,Orig CO Name:Bankcard-8566          Orig ID:1592126793 Desc Date:230727 CO Entry,Deposits and Additions,215,"301,427.10",,0,,,
Credit,7/31/2023,Orig CO Name:Bankcard-8566          Orig ID:1592126793 Desc Date:230728 CO Entry,Deposits and Additions,467.5,"301,894.60",,0,,,
Credit,7/31/2023,Orig CO Name:Bankcard-8566          Orig ID:1592126793 Desc Date:230730 CO Entry,Deposits and Additions,182.5,"302,077.10",,0,,,
Debit,7/3/2023,Recurring Card Purchase 07/01 Linode . Akamai 609-380-7100 MA Card 4199,ATM & Debit Card Withdrawals,-34,"302,043.10",,0,,,
Debit,7/3/2023,Recurring Card Purchase 07/01 Google *Gsuite_Audio Cc@Google.Com CA Card 4199,ATM & Debit Card Withdrawals,-52.26,"301,990.84",,0,,,
Debit,7/3/2023,Recurring Card Purchase 07/02 Eig*Constantcontact.CO 855-2295506 MA Card 4199,ATM & Debit Card Withdrawals,-157.87,"301,832.97",,0,,,
Debit,7/14/2023,Recurring Card Purchase 07/13 Web*Networksolutions 888-6429675 FL Card 4199,ATM & Debit Card Withdrawals,-89.98,"301,742.99",,0,,,
Debit,7/17/2023,Card Purchase           07/15 Reattendance Ltd Banbury Card 4199,ATM & Debit Card Withdrawals,-25,"301,717.99",,0,,,
Debit,7/18/2023,Recurring Card Purchase 07/17 Google *Google Stora G.CO/Helppay# CA Card 4199,ATM & Debit Card Withdrawals,-10.88,"301,707.11",,0,,,
Debit,7/21/2023,,ATM & Debit Card Withdrawals,-78.15,"301,628.96",,0,,,
Debit,7/3/2023,Orig CO Name:Bankcard-8566          Orig ID:1592126793 Desc Date:230630 CO Entry,Electronic Withdrawals,-982.09,"300,646.87",,0,,,
Debit,7/3/2023,07/03 Online Domestic Wire Transfer A/C: The Samonte Group LLC Los Angeles CA,Electronic Withdrawals,"-8,750.00","291,896.87",,0,,,
Debit,7/12/2023,07/12 Online Transfer To Chk ...4745 Transaction#: 17872176831,Electronic Withdrawals,"-21,750.00","270,146.87",,0,,,
Debit,7/13/2023,07/13 Online Transfer To Chk ...7365 Transaction#: 17874953601,Electronic Withdrawals,"-8,400.00","261,746.87",,0,,,
Debit,7/13/2023,07/13 Online Transfer To Chk ...7365 Transaction#: 17874980126,Electronic Withdrawals,"-8,400.00","253,346.87",,0,,,
Debit,7/13/2023,07/13 Online ACH Payment 11024509479 To Michelecobb (_######6800),Electronic Withdrawals,"-14,715.50","238,631.37",,0,,,
Debit,7/13/2023,07/13 Online ACH Payment 11024509696 To Baileyduquette (_######9908),Electronic Withdrawals,"-3,750.00","234,881.37",,0,,,
Debit,7/28/2023,07/27 Same-Day ACH Payment 11025763418 To Openwater (_###3899),Electronic Withdrawals,"-14,500.00","220,381.37",,0,,,
,8/1/2023,Beginning Balance,Balance Forward, - ,"220,381.37",,0,,,
Credit,8/1/2023,Orig CO Name:Bankcard-8566          Orig ID:1592126793 Desc Date:230731 CO Entry,Deposits and Additions,330,"220,711.37",,0,,,
Credit,8/2/2023,Orig CO Name:Bankcard-8566          Orig ID:1592126793 Desc Date:230801 CO Entry,Deposits and Additions,517.5,"221,228.87",,0,,,
Credit,8/3/2023,Orig CO Name:Bankcard-8566          Orig ID:1592126793 Desc Date:230802 CO Entry,Deposits and Additions,160,"221,388.87",,0,,,
Credit,8/4/2023,Orig CO Name:Bankcard-8566          Orig ID:1592126793 Desc Date:230803 CO Entry,Deposits and Additions,192.5,"221,581.37",,0,,,
Credit,8/7/2023,Orig CO Name:Bankcard-8566          Orig ID:1592126793 Desc Date:230804 CO Entry,Deposits and Additions,315,"221,896.37",,0,,,
Credit,8/7/2023,Orig CO Name:Bankcard-8566          Orig ID:1592126793 Desc Date:230806 CO Entry,Deposits and Additions,132.5,"222,028.87",,0,,,
Credit,8/8/2023,Orig CO Name:Harpercollins-Ha       Orig ID:5568227951 Desc Date:230808 CO Entry,Deposits and Additions,"9,130.00","231,158.87",,0,,,
Credit,8/8/2023,Orig CO Name:Spotify Iso            Orig ID:4284601835 Desc Date:230808 CO Entry,Deposits and Additions,880,"232,038.87",,0,,,
Credit,8/8/2023,Orig CO Name:Bankcard-8566          Orig ID:1592126793 Desc Date:230807 CO Entry,Deposits and Additions,182.5,"232,221.37",,0,,,
Credit,8/10/2023,Orig CO Name:Bankcard-8566          Orig ID:1592126793 Desc Date:230809 CO Entry,Deposits and Additions,"3,047.50","235,268.87",,0,,,
Credit,8/11/2023,Orig CO Name:Bankcard-8566          Orig ID:1592126793 Desc Date:230810 CO Entry,Deposits and Additions,232.5,"235,501.37",,0,,,
Credit,8/14/2023,Orig CO Name:Bankcard-8566          Orig ID:1592126793 Desc Date:230813 CO Entry,Deposits and Additions,550,"236,051.37",,0,,,
Credit,8/14/2023,Orig CO Name:Bankcard-8566          Orig ID:1592126793 Desc Date:230811 CO Entry,Deposits and Additions,342.5,"236,393.87",,0,,,
Credit,8/14/2023,Orig CO Name:Bankcard-8566          Orig ID:1592126793 Desc Date:230813 CO Entry,Deposits and Additions,325,"236,718.87",,0,,,
Credit,8/15/2023,Orig CO Name:Bankcard-8566          Orig ID:1592126793 Desc Date:230814 CO Entry,Deposits and Additions,50,"236,768.87",,0,,,
Credit,8/16/2023,Orig CO Name:Bankcard-8566          Orig ID:1592126793 Desc Date:230815 CO Entry,Deposits and Additions,562.5,"237,331.37",,0,,,
Credit,8/17/2023,Orig CO Name:Bankcard-8566          Orig ID:1592126793 Desc Date:230816 CO Entry,Deposits and Additions,297.5,"237,628.87",,0,,,
Credit,8/18/2023,Orig CO Name:Bankcard-8566          Orig ID:1592126793 Desc Date:230817 CO Entry,Deposits and Additions,630,"238,258.87",,0,,,
Credit,8/21/2023,Orig CO Name:Bankcard-8566          Orig ID:1592126793 Desc Date:230818 CO Entry,Deposits and Additions,875,"239,133.87",,0,,,
Credit,8/21/2023,Orig CO Name:Bankcard-8566          Orig ID:1592126793 Desc Date:230820 CO Entry,Deposits and Additions,400,"239,533.87",,0,,,
Credit,8/21/2023,Orig CO Name:Bankcard-8566          Orig ID:1592126793 Desc Date:230820 CO Entry,Deposits and Additions,50,"239,583.87",,0,,,
Credit,8/22/2023,Orig CO Name:Bankcard-8566          Orig ID:1592126793 Desc Date:230821 CO Entry,Deposits and Additions,292.5,"239,876.37",,0,,,
Credit,8/23/2023,Orig CO Name:Bankcard-8566          Orig ID:1592126793 Desc Date:230822 CO Entry,Deposits and Additions,132.5,"240,008.87",,0,,,
Credit,8/24/2023,Orig CO Name:Bankcard-8566          Orig ID:1592126793 Desc Date:230823 CO Entry,Deposits and Additions,625,"240,633.87",,0,,,
Credit,8/25/2023,Orig CO Name:Bankcard-8566          Orig ID:1592126793 Desc Date:230824 CO Entry,Deposits and Additions,210,"240,843.87",,0,,,
Credit,8/28/2023,Orig CO Name:Bankcard-8566          Orig ID:1592126793 Desc Date:230825 CO Entry,Deposits and Additions,"1,250.00","242,093.87",,0,,,
Credit,8/28/2023,Orig CO Name:Bankcard-8566          Orig ID:1592126793 Desc Date:230827 CO Entry,Deposits and Additions,830,"242,923.87",,0,,,
Credit,8/28/2023,Orig CO Name:Bankcard-8566          Orig ID:1592126793 Desc Date:230827 CO Entry,Deposits and Additions,275,"243,198.87",,0,,,
Credit,8/29/2023,Orig CO Name:Bankcard-8566          Orig ID:1592126793 Desc Date:230828 CO Entry,Deposits and Additions,402.5,"243,601.37",,0,,,
Credit,8/30/2023,Orig CO Name:Bankcard-8566          Orig ID:1592126793 Desc Date:230829 CO Entry,Deposits and Additions,562.5,"244,163.87",,0,,,
Credit,8/31/2023,Orig CO Name:Bankcard-8566          Orig ID:1592126793 Desc Date:230830 CO Entry,Deposits and Additions,232.5,"244,396.37",,0,,,
Debit,8/1/2023,Recurring Card Purchase 08/01 Google *Gsuite_Audio Cc@Google.Com CA Card 4199,ATM & Debit Card Withdrawals,-52.26,"244,344.11",,0,,,
Debit,8/1/2023,Recurring Card Purchase 08/01 Linode . Akamai 609-380-7100 MA Card 4199,ATM & Debit Card Withdrawals,-34,"244,310.11",,0,,,
Debit,8/3/2023,Recurring Card Purchase 08/02 Eig*Constantcontact.CO 855-2295506 MA Card 4199,ATM & Debit Card Withdrawals,-157.87,"244,152.24",,0,,,
Debit,8/7/2023,Recurring Card Purchase 08/04 Canva* I03867-439985 Httpscanva.CO De Card 4199,ATM & Debit Card Withdrawals,-33,"244,119.24",,0,,,
Debit,8/7/2023,Card Purchase           08/06 Fedex581824510 800-4633339 TN Card 4199,ATM & Debit Card Withdrawals,-26.12,"244,093.12",,0,,,
Debit,8/14/2023,Card Purchase           08/13 Fedex582496235 800-4633339 TN Card 4199,ATM & Debit Card Withdrawals,-62.61,"244,030.51",,0,,,
Debit,8/16/2023,Card Purchase           08/15 Reattendance Ltd Banbury Card 4199,ATM & Debit Card Withdrawals,-25,"244,005.51",,0,,,
Debit,8/17/2023,"Recurring Card Purchase 08/16 Notion Labs, Inc. Httpswww.Noti CA Card 4199",ATM & Debit Card Withdrawals,-94.82,"243,910.69",,0,,,
Debit,8/18/2023,Recurring Card Purchase 08/17 Google *Google Stora G.CO/Helppay# CA Card 4199,ATM & Debit Card Withdrawals,-10.88,"243,899.81",,0,,,
Debit,8/24/2023,Card Purchase           08/23 Tst* The Paisley Pig G Grand Haven MI Card 4199,ATM & Debit Card Withdrawals,-100,"243,799.81",,0,,,
Debit,8/2/2023,Orig CO Name:Bankcard-8566          Orig ID:1592126793 Desc Date:230731 CO Entry,Electronic Withdrawals,"-4,935.24","238,864.57",,0,,,
Debit,8/3/2023,08/03 Online Transfer To Chk ...4745 Transaction#: 18072260419,Electronic Withdrawals,"-8,732.74","230,131.83",,0,,,
Debit,8/4/2023,08/04 Online Payment 18074867802 To Branch & Bramble,Electronic Withdrawals,"-2,250.00","227,881.83",,0,,,
Debit,8/7/2023,,Electronic Withdrawals,-850,"227,031.83",,0,,,
Debit,8/8/2023,08/08 Online Transfer To Chk ...7365 Transaction#: 18110243426,Electronic Withdrawals,"-5,000.00","222,031.83",,0,,,
Debit,8/10/2023,08/10 Online ACH Payment 11027070790 To Thesamontegroup (_######0176),Electronic Withdrawals,"-8,750.00","213,281.83",,0,,,
Debit,8/10/2023,08/10 Online Transfer To Chk ...7851 Transaction#: 18128192599,Electronic Withdrawals,"-9,600.00","203,681.83",,0,,,
Debit,8/23/2023,08/23 Online ACH Payment 11028187506 To Michelecobb (_######6800),Electronic Withdrawals,"-16,252.45","187,429.38",,0,,,
Debit,8/23/2023,08/23 Online Transfer To Chk ...7365 Transaction#: 18241607941,Electronic Withdrawals,"-13,600.00","173,829.38",,0,,,
Debit,8/23/2023,08/23 Online ACH Payment 11028187314 To Avalonhotel (_######3073),Electronic Withdrawals,"-19,618.17","154,211.21",,0,,,
DEBIT,9/1/2023,GOOGLE *GSUITE_audio cc@google.com CA        09/01,DEBIT_CARD,-61.52,"154,149.69",,0,,,
DEBIT,9/1/2023,LINODE . AKAMAI 609-380-7100 MA              09/01,DEBIT_CARD,-34,"154,115.69",,0,,,
CREDIT,9/1/2023,ORIG CO NAME:BANKCARD-8566          ORIG ID:1592126793 DESC DATE:230831 CO ENTRY DESCR:MTOT DEP  SEC:CCD    TRACE#:091000014925410 EED:230901   IND ID:518089424394518              IND NAME:AUDIO PUBLISHERS ASSOC TRN: 2444925410TC,ACH_CREDIT,560,"154,675.69",,0,,,
DSLIP,9/1/2023,REMOTE ONLINE DEPOSIT #          1,CHECK_DEPOSIT,210,"154,885.69",,0,,,
DSLIP,9/1/2023,REMOTE ONLINE DEPOSIT #          1,CHECK_DEPOSIT,"2,100.00","156,985.69",,0,,,
DSLIP,9/1/2023,REMOTE ONLINE DEPOSIT #          1,CHECK_DEPOSIT,"8,140.00","165,125.69",,0,,,
DEBIT,9/5/2023,WEB*NETWORKSOLUTIONS 888-6429675 FL          09/04,DEBIT_CARD,-77.97,"165,047.72",,0,,,
DEBIT,9/5/2023,ORIG CO NAME:BANKCARD-8566          ORIG ID:1592126793 DESC DATE:230831 CO ENTRY DESCR:MTOT DISC SEC:CCD    TRACE#:091000016072271 EED:230905   IND ID:518089424394518              IND NAME:AUDIO PUBLISHERS ASSOC TRN: 2486072271TC,ACH_DEBIT,-666.77,"164,380.95",,0,,,
DEBIT,9/5/2023,EIG*CONSTANTCONTACT.CO 855-2295506 MA        09/02,DEBIT_CARD,-157.87,"164,223.08",,0,,,
CREDIT,9/5/2023,ORIG CO NAME:BANKCARD-8566          ORIG ID:1592126793 DESC DATE:230904 CO ENTRY DESCR:MTOT DEP  SEC:CCD    TRACE#:091000012834992 EED:230905   IND ID:518089424394518              IND NAME:AUDIO PUBLISHERS ASSOC TRN: 2482834992TC,ACH_CREDIT,100,"164,323.08",,0,,,
CREDIT,9/5/2023,ORIG CO NAME:BANKCARD-8566          ORIG ID:1592126793 DESC DATE:230903 CO ENTRY DESCR:MTOT DEP  SEC:CCD    TRACE#:091000017261637 EED:230905   IND ID:518089424394518              IND NAME:AUDIO PUBLISHERS ASSOC TRN: 2487261637TC,ACH_CREDIT,282.5,"164,605.58",,0,,,
CREDIT,9/5/2023,ORIG CO NAME:BANKCARD-8566          ORIG ID:1592126793 DESC DATE:230903 CO ENTRY DESCR:MTOT DEP  SEC:CCD    TRACE#:091000017261638 EED:230905   IND ID:518089424394518              IND NAME:AUDIO PUBLISHERS ASSOC TRN: 2487261638TC,ACH_CREDIT,447.5,"165,053.08",,0,,,
CREDIT,9/5/2023,ORIG CO NAME:BANKCARD-8566          ORIG ID:1592126793 DESC DATE:230901 CO ENTRY DESCR:MTOT DEP  SEC:CCD    TRACE#:091000016562122 EED:230905   IND ID:518089424394518              IND NAME:AUDIO PUBLISHERS ASSOC TRN: 2486562122TC,ACH_CREDIT,982.5,"166,035.58",,0,,,
CREDIT,9/6/2023,ORIG CO NAME:BANKCARD-8566          ORIG ID:1592126793 DESC DATE:230905 CO ENTRY DESCR:MTOT DEP  SEC:CCD    TRACE#:091000013018699 EED:230906   IND ID:518089424394518              IND NAME:AUDIO PUBLISHERS ASSOC TRN: 2493018699TC,ACH_CREDIT,232.5,"166,268.08",,0,,,
CREDIT,9/7/2023,ORIG CO NAME:BANKCARD-8566          ORIG ID:1592126793 DESC DATE:230906 CO ENTRY DESCR:MTOT DEP  SEC:CCD    TRACE#:091000019972929 EED:230907   IND ID:518089424394518              IND NAME:AUDIO PUBLISHERS ASSOC TRN: 2509972929TC,ACH_CREDIT,675,"166,943.08",,0,,,
CREDIT,9/8/2023,ORIG CO NAME:BANKCARD-8566          ORIG ID:1592126793 DESC DATE:230907 CO ENTRY DESCR:MTOT DEP  SEC:CCD    TRACE#:091000013432487 EED:230908   IND ID:518089424394518              IND NAME:AUDIO PUBLISHERS ASSOC TRN: 2513432487TC,ACH_CREDIT,"1,500.00","168,443.08",,0,,,
DEBIT,9/11/2023,INTUIT *QBooks Onlin CL.INTUIT.COM CA        09/10,DEBIT_CARD,-217.75,"168,225.33",,0,,,
DEBIT,9/11/2023,FEDEX585009997 800-4633339 TN                09/10,DEBIT_CARD,-35.55,"168,189.78",,0,,,
DEBIT,9/11/2023,COURTYARD MARINA DEL MARINA DEL RA CA        09/08,DEBIT_CARD,"-6,297.88","161,891.90",,0,,,
CREDIT,9/11/2023,ORIG CO NAME:BANKCARD-8566          ORIG ID:1592126793 DESC DATE:230910 CO ENTRY DESCR:MTOT DEP  SEC:CCD    TRACE#:091000014997754 EED:230911   IND ID:518089424394518              IND NAME:AUDIO PUBLISHERS ASSOC TRN: 2544997754TC,ACH_CREDIT,382.5,"162,274.40",,0,,,
CREDIT,9/11/2023,ORIG CO NAME:BANKCARD-8566          ORIG ID:1592126793 DESC DATE:230908 CO ENTRY DESCR:MTOT DEP  SEC:CCD    TRACE#:091000018536319 EED:230911   IND ID:518089424394518              IND NAME:AUDIO PUBLISHERS ASSOC TRN: 2548536319TC,ACH_CREDIT,847.5,"163,121.90",,0,,,
CREDIT,9/11/2023,ORIG CO NAME:BANKCARD-8566          ORIG ID:1592126793 DESC DATE:230910 CO ENTRY DESCR:MTOT DEP  SEC:CCD    TRACE#:091000014997753 EED:230911   IND ID:518089424394518              IND NAME:AUDIO PUBLISHERS ASSOC TRN: 2544997753TC,ACH_CREDIT,"1,126.25","164,248.15",,0,,,
CREDIT,9/12/2023,ORIG CO NAME:BANKCARD-8566          ORIG ID:1592126793 DESC DATE:230911 CO ENTRY DESCR:MTOT DEP  SEC:CCD    TRACE#:091000011215403 EED:230912   IND ID:518089424394518              IND NAME:AUDIO PUBLISHERS ASSOC TRN: 2551215403TC,ACH_CREDIT,420,"164,668.15",,0,,,
CREDIT,9/13/2023,ORIG CO NAME:BANKCARD-8566          ORIG ID:1592126793 DESC DATE:230912 CO ENTRY DESCR:MTOT DEP  SEC:CCD    TRACE#:091000017422384 EED:230913   IND ID:518089424394518              IND NAME:AUDIO PUBLISHERS ASSOC TRN: 2567422384TC,ACH_CREDIT,"1,490.00","166,158.15",,0,,,
CREDIT,9/14/2023,ORIG CO NAME:BANKCARD-8566          ORIG ID:1592126793 DESC DATE:230913 CO ENTRY DESCR:MTOT DEP  SEC:CCD    TRACE#:091000018495982 EED:230914   IND ID:518089424394518              IND NAME:AUDIO PUBLISHERS ASSOC TRN: 2578495982TC,ACH_CREDIT,"1,352.50","167,510.65",,0,,,
DEBIT,9/15/2023,"Zelle payment to Janet Benson, Inc. 18454295179",QUICKPAY_DEBIT,-49.76,"167,460.89",,0,,,
CREDIT,9/15/2023,ORIG CO NAME:BANKCARD-8566          ORIG ID:1592126793 DESC DATE:230914 CO ENTRY DESCR:MTOT DEP  SEC:CCD    TRACE#:091000019699167 EED:230915   IND ID:518089424394518              IND NAME:AUDIO PUBLISHERS ASSOC TRN: 2589699167TC,ACH_CREDIT,332.5,"167,793.39",,0,,,
DEBIT,9/18/2023,ORIG CO NAME:BANKCARD-8566          ORIG ID:1592126793 DESC DATE:230917 CO ENTRY DESCR:MTOT DEP  SEC:CCD    TRACE#:091000013089788 EED:230918   IND ID:518089424394518              IND NAME:AUDIO PUBLISHERS ASSOC TRN: 2613089788TC,ACH_DEBIT,-127.5,"167,665.89",,0,,,
DEBIT,9/18/2023,"NOTION LABS, INC. HTTPSWWW.NOTI CA           09/16",DEBIT_CARD,-158.21,"167,507.68",,0,,,
DEBIT,9/18/2023,GOOGLE *Google Storag 855-836-3987 CA        09/17,DEBIT_CARD,-10.88,"167,496.80",,0,,,
DEBIT,9/18/2023,REATTENDANCE LTD BANBURY                     09/15,DEBIT_CARD,-25,"167,471.80",,0,,,
DEBIT,9/18/2023,COURTYARD MARINA DEL MARINA DEL RA CA        09/08,DEBIT_CARD,"-2,852.62","164,619.18",,0,,,
CREDIT,9/18/2023,ORIG CO NAME:BANKCARD-8566          ORIG ID:1592126793 DESC DATE:230917 CO ENTRY DESCR:MTOT DEP  SEC:CCD    TRACE#:091000013089787 EED:230918   IND ID:518089424394518              IND NAME:AUDIO PUBLISHERS ASSOC TRN: 2613089787TC,ACH_CREDIT,82.5,"164,701.68",,0,,,
CREDIT,9/18/2023,ORIG CO NAME:BANKCARD-8566          ORIG ID:1592126793 DESC DATE:230915 CO ENTRY DESCR:MTOT DEP  SEC:CCD    TRACE#:091000015055646 EED:230918   IND ID:518089424394518              IND NAME:AUDIO PUBLISHERS ASSOC TRN: 2615055646TC,ACH_CREDIT,320,"165,021.68",,0,,,
CREDIT,9/18/2023,ORIG CO NAME:APPLE INC.             ORIG ID:8942404110 DESC DATE:       CO ENTRY DESCR:1233295227SEC:CTX    TRACE#:111000023462086 EED:230918   IND ID:20250817100056               IND NAME:0014THE AUDIO PUBLIS TRN: 2613462086TC,ACH_CREDIT,"25,300.00","190,321.68",,0,,,
CREDIT,9/19/2023,ORIG CO NAME:BANKCARD-8566          ORIG ID:1592126793 DESC DATE:230918 CO ENTRY DESCR:MTOT DEP  SEC:CCD    TRACE#:091000012176696 EED:230919   IND ID:518089424394518              IND NAME:AUDIO PUBLISHERS ASSOC TRN: 2622176696TC,ACH_CREDIT,270,"190,591.68",,0,,,
CREDIT,9/20/2023,ORIG CO NAME:BANKCARD-8566          ORIG ID:1592126793 DESC DATE:230919 CO ENTRY DESCR:MTOT DEP  SEC:CCD    TRACE#:091000019488945 EED:230920   IND ID:518089424394518              IND NAME:AUDIO PUBLISHERS ASSOC TRN: 2639488945TC,ACH_CREDIT,380,"190,971.68",,0,,,
CREDIT,9/21/2023,ORIG CO NAME:BANKCARD-8566          ORIG ID:1592126793 DESC DATE:230920 CO ENTRY DESCR:MTOT DEP  SEC:CCD    TRACE#:091000018171711 EED:230921   IND ID:518089424394518              IND NAME:AUDIO PUBLISHERS ASSOC TRN: 2648171711TC,ACH_CREDIT,265,"191,236.68",,0,,,
CREDIT,9/22/2023,ORIG CO NAME:BANKCARD-8566          ORIG ID:1592126793 DESC DATE:230921 CO ENTRY DESCR:MTOT DEP  SEC:CCD    TRACE#:091000019307155 EED:230922   IND ID:518089424394518              IND NAME:AUDIO PUBLISHERS ASSOC TRN: 2659307155TC,ACH_CREDIT,420,"191,656.68",,0,,,
CREDIT,9/25/2023,ORIG CO NAME:BANKCARD-8566          ORIG ID:1592126793 DESC DATE:230924 CO ENTRY DESCR:MTOT DEP  SEC:CCD    TRACE#:091000018334669 EED:230925   IND ID:518089424394518              IND NAME:AUDIO PUBLISHERS ASSOC TRN: 2688334669TC,ACH_CREDIT,65,"191,721.68",,0,,,
CREDIT,9/25/2023,ORIG CO NAME:BANKCARD-8566          ORIG ID:1592126793 DESC DATE:230922 CO ENTRY DESCR:MTOT DEP  SEC:CCD    TRACE#:091000011841780 EED:230925   IND ID:518089424394518              IND NAME:AUDIO PUBLISHERS ASSOC TRN: 2681841780TC,ACH_CREDIT,110,"191,831.68",,0,,,
CREDIT,9/25/2023,ORIG CO NAME:BANKCARD-8566          ORIG ID:1592126793 DESC DATE:230924 CO ENTRY DESCR:MTOT DEP  SEC:CCD    TRACE#:091000018334670 EED:230925   IND ID:518089424394518              IND NAME:AUDIO PUBLISHERS ASSOC TRN: 2688334670TC,ACH_CREDIT,668.75,"192,500.43",,0,,,
DSLIP,9/25/2023,REMOTE ONLINE DEPOSIT #          1,CHECK_DEPOSIT,32.32,"192,532.75",,0,,,
DSLIP,9/25/2023,REMOTE ONLINE DEPOSIT #          1,CHECK_DEPOSIT,210,"192,742.75",,0,,,
DSLIP,9/25/2023,REMOTE ONLINE DEPOSIT #          1,CHECK_DEPOSIT,"2,750.00","195,492.75",,0,,,
DEBIT,9/26/2023,SQUARESPACE INC. HTTPSSQUARESP NY            09/26,DEBIT_CARD,-276,"195,216.75",,0,,,
CREDIT,9/26/2023,ORIG CO NAME:BANKCARD-8566          ORIG ID:1592126793 DESC DATE:230925 CO ENTRY DESCR:MTOT DEP  SEC:CCD    TRACE#:091000010648381 EED:230926   IND ID:518089424394518              IND NAME:AUDIO PUBLISHERS ASSOC TRN: 2690648381TC,ACH_CREDIT,110,"195,326.75",,0,,,
CREDIT,9/27/2023,ORIG CO NAME:BANKCARD-8566          ORIG ID:1592126793 DESC DATE:230926 CO ENTRY DESCR:MTOT DEP  SEC:CCD    TRACE#:091000017591110 EED:230927   IND ID:518089424394518              IND NAME:AUDIO PUBLISHERS ASSOC TRN: 2707591110TC,ACH_CREDIT,737.5,"196,064.25",,0,,,
CREDIT,9/28/2023,ORIG CO NAME:BANKCARD-8566          ORIG ID:1592126793 DESC DATE:230927 CO ENTRY DESCR:MTOT DEP  SEC:CCD    TRACE#:091000013815794 EED:230928   IND ID:518089424394518              IND NAME:AUDIO PUBLISHERS ASSOC TRN: 2713815794TC,ACH_CREDIT,430,"196,494.25",,0,,,
CREDIT,9/29/2023,ORIG CO NAME:BANKCARD-8566          ORIG ID:1592126793 DESC DATE:230928 CO ENTRY DESCR:MTOT DEP  SEC:CCD    TRACE#:091000015481510 EED:230929   IND ID:518089424394518              IND NAME:AUDIO PUBLISHERS ASSOC TRN: 2725481510TC,ACH_CREDIT,782.5,"197,276.75",,0,,,
DEBIT,10/2/2023,ORIG CO NAME:BANKCARD-8566          ORIG ID:1592126793 DESC DATE:230930 CO ENTRY DESCR:MTOT DISC SEC:CCD    TRACE#:091000017244489 EED:231002   IND ID:518089424394518              IND NAME:AUDIO PUBLISHERS ASSOC TRN: 2757244489TC,ACH_DEBIT,-873.32,"196,403.43",,0,,,
DEBIT,10/2/2023,LINODE . AKAMAI 609-380-7100 MA              10/01,DEBIT_CARD,-34,"196,369.43",,0,,,
DEBIT,10/2/2023,GOOGLE *GSUITE_audio cc@google.com CA        10/01,DEBIT_CARD,-65.33,"196,304.10",,0,,,
CREDIT,10/2/2023,ORIG CO NAME:BANKCARD-8566          ORIG ID:1592126793 DESC DATE:230929 CO ENTRY DESCR:MTOT DEP  SEC:CCD    TRACE#:091000016586779 EED:231002   IND ID:518089424394518              IND NAME:AUDIO PUBLISHERS ASSOC TRN: 2756586779TC,ACH_CREDIT,842.5,"197,146.60",,0,,,
CREDIT,10/2/2023,ORIG CO NAME:BANKCARD-8566          ORIG ID:1592126793 DESC DATE:230930 CO ENTRY DESCR:MTOT DEP  SEC:CCD    TRACE#:091000017111175 EED:231002   IND ID:518089424394518              IND NAME:AUDIO PUBLISHERS ASSOC TRN: 2757111175TC,ACH_CREDIT,"3,442.50","200,589.10",,0,,,
DEBIT,10/3/2023,ORIG CO NAME:Great American-G       ORIG ID:3800146791 DESC DATE:231002 CO ENTRY DESCR:VENDOR PMTSEC:PPD    TRACE#:091000018544928 EED:231003   IND ID:                             IND NAME:GreatAmer TRN: 2768544928TC,ACH_DEBIT,-572,"200,017.10",,0,,,
DEBIT,10/3/2023,EIG*CONSTANTCONTACT.CO 855-2295506 MA        10/02,DEBIT_CARD,-157.87,"199,859.23",,0,,,
CREDIT,10/3/2023,ORIG CO NAME:BANKCARD-8566          ORIG ID:1592126793 DESC DATE:231002 CO ENTRY DESCR:MTOT DEP  SEC:CCD    TRACE#:091000012730521 EED:231003   IND ID:518089424394518              IND NAME:AUDIO PUBLISHERS ASSOC TRN: 2762730521TC,ACH_CREDIT,426.25,"200,285.48",,0,,,
DEBIT,10/4/2023,SERVICE CHARGES FOR THE MONTH OF SEPTEMBER,FEE_TRANSACTION,-125,"200,160.48",,0,,,
CREDIT,10/4/2023,ORIG CO NAME:BANKCARD-8566          ORIG ID:1592126793 DESC DATE:231003 CO ENTRY DESCR:MTOT DEP  SEC:CCD    TRACE#:091000018382867 EED:231004   IND ID:518089424394518              IND NAME:AUDIO PUBLISHERS ASSOC TRN: 2778382867TC,ACH_CREDIT,"3,033.75","203,194.23",,0,,,
DEBIT,10/5/2023,FEDEX587307893 800-4633339 TN                10/04,DEBIT_CARD,-66.14,"203,128.09",,0,,,
CREDIT,10/5/2023,ORIG CO NAME:BANKCARD-8566          ORIG ID:1592126793 DESC DATE:231004 CO ENTRY DESCR:MTOT DEP  SEC:CCD    TRACE#:091000017515763 EED:231005   IND ID:518089424394518              IND NAME:AUDIO PUBLISHERS ASSOC TRN: 2787515763TC,ACH_CREDIT,"4,680.00","207,808.09",,0,,,
CREDIT,10/6/2023,ORIG CO NAME:BANKCARD-8566          ORIG ID:1592126793 DESC DATE:231005 CO ENTRY DESCR:MTOT DEP  SEC:CCD    TRACE#:091000013450772 EED:231006   IND ID:518089424394518              IND NAME:AUDIO PUBLISHERS ASSOC TRN: 2793450772TC,ACH_CREDIT,"2,775.00","210,583.09",,0,,,
DEBIT,10/10/2023,INTUIT *QBooks Onlin CL.INTUIT.COM CA        10/10,DEBIT_CARD,-217.75,"210,365.34",,0,,,
CREDIT,10/10/2023,ORIG CO NAME:BANKCARD-8566          ORIG ID:1592126793 DESC DATE:231008 CO ENTRY DESCR:MTOT DEP  SEC:CCD    TRACE#:091000018717109 EED:231010   IND ID:518089424394518              IND NAME:AUDIO PUBLISHERS ASSOC TRN: 2838717109TC,ACH_CREDIT,370,"210,735.34",,0,,,
CREDIT,10/10/2023,ORIG CO NAME:BANKCARD-8566          ORIG ID:1592126793 DESC DATE:231009 CO ENTRY DESCR:MTOT DEP  SEC:CCD    TRACE#:091000011406791 EED:231010   IND ID:518089424394518              IND NAME:AUDIO PUBLISHERS ASSOC TRN: 2831406791TC,ACH_CREDIT,412.5,"211,147.84",,0,,,
CREDIT,10/10/2023,ORIG CO NAME:BANKCARD-8566          ORIG ID:1592126793 DESC DATE:231006 CO ENTRY DESCR:MTOT DEP  SEC:CCD    TRACE#:091000018013573 EED:231010   IND ID:518089424394518              IND NAME:AUDIO PUBLISHERS ASSOC TRN: 2838013573TC,ACH_CREDIT,"8,887.50","220,035.34",,0,,,
CREDIT,10/10/2023,ORIG CO NAME:BANKCARD-8566          ORIG ID:1592126793 DESC DATE:231008 CO ENTRY DESCR:MTOT DEP  SEC:CCD    TRACE#:091000018717108 EED:231010   IND ID:518089424394518              IND NAME:AUDIO PUBLISHERS ASSOC TRN: 2838717108TC,ACH_CREDIT,"15,260.00","235,295.34",,0,,,
DEBIT,10/11/2023,ORIG CO NAME:Library Journals       ORIG ID:1800948598 DESC DATE:       CO ENTRY DESCR:Library JoSEC:WEB    TRACE#:091000013265622 EED:231011   IND ID:ST-H5G2T4N6C2H1              IND NAME:MICHELLE COBB TRN: 2843265622TC,MISC_DEBIT,"-6,500.00","228,795.34",,0,,,
CREDIT,10/11/2023,ORIG CO NAME:BANKCARD-8566          ORIG ID:1592126793 DESC DATE:231010 CO ENTRY DESCR:MTOT DEP  SEC:CCD    TRACE#:091000013366458 EED:231011   IND ID:518089424394518              IND NAME:AUDIO PUBLISHERS ASSOC TRN: 2843366458TC,ACH_CREDIT,"1,441.25","230,236.59",,0,,,
CREDIT,10/12/2023,ORIG CO NAME:BANKCARD-8566          ORIG ID:1592126793 DESC DATE:231011 CO ENTRY DESCR:MTOT DEP  SEC:CCD    TRACE#:091000019676571 EED:231012   IND ID:518089424394518              IND NAME:AUDIO PUBLISHERS ASSOC TRN: 2859676571TC,ACH_CREDIT,"4,700.00","234,936.59",,0,,,
CREDIT,10/13/2023,ORIG CO NAME:BANKCARD-8566          ORIG ID:1592126793 DESC DATE:231012 CO ENTRY DESCR:MTOT DEP  SEC:CCD    TRACE#:091000016727264 EED:231013   IND ID:518089424394518              IND NAME:AUDIO PUBLISHERS ASSOC TRN: 2866727264TC,ACH_CREDIT,416.25,"235,352.84",,0,,,
CREDIT,10/16/2023,ORIG CO NAME:BANKCARD-8566          ORIG ID:1592126793 DESC DATE:231015 CO ENTRY DESCR:MTOT DEP  SEC:CCD    TRACE#:091000017559206 EED:231016   IND ID:518089424394518              IND NAME:AUDIO PUBLISHERS ASSOC TRN: 2897559206TC,ACH_CREDIT,75,"235,427.84",,0,,,
DSLIP,10/16/2023,REMOTE ONLINE DEPOSIT #          1,CHECK_DEPOSIT,"1,210.00","236,637.84",,0,,,
DEBIT,10/17/2023,"NOTION LABS, INC. HTTPSWWW.NOTI CA           10/16",DEBIT_CARD,-73.68,"236,564.16",,0,,,
CREDIT,10/17/2023,ORIG CO NAME:BANKCARD-8566          ORIG ID:1592126793 DESC DATE:231016 CO ENTRY DESCR:MTOT DEP  SEC:CCD    TRACE#:091000011506209 EED:231017   IND ID:518089424394518              IND NAME:AUDIO PUBLISHERS ASSOC TRN: 2901506209TC,ACH_CREDIT,206.25,"236,770.41",,0,,,
DEBIT,10/18/2023,GOOGLE *Google Stora g.co/helppay# CA        10/17,DEBIT_CARD,-10.88,"236,759.53",,0,,,
CREDIT,10/18/2023,ORIG CO NAME:BANKCARD-8566          ORIG ID:1592126793 DESC DATE:231017 CO ENTRY DESCR:MTOT DEP  SEC:CCD    TRACE#:091000013878690 EED:231018   IND ID:518089424394518              IND NAME:AUDIO PUBLISHERS ASSOC TRN: 2913878690TC,ACH_CREDIT,371.25,"237,130.78",,0,,,
DEBIT,10/19/2023,REATTENDANCE LTD BANBURY                     10/18,DEBIT_CARD,-25,"237,105.78",,0,,,
CREDIT,10/20/2023,ORIG CO NAME:BANKCARD-8566          ORIG ID:1592126793 DESC DATE:231019 CO ENTRY DESCR:MTOT DEP  SEC:CCD    TRACE#:091000014561476 EED:231020   IND ID:518089424394518              IND NAME:AUDIO PUBLISHERS ASSOC TRN: 2934561476TC,ACH_CREDIT,412.5,"237,518.28",,0,,,
CREDIT,10/23/2023,ORIG CO NAME:BANKCARD-8566          ORIG ID:1592126793 DESC DATE:231022 CO ENTRY DESCR:MTOT DEP  SEC:CCD    TRACE#:091000013028845 EED:231023   IND ID:518089424394518              IND NAME:AUDIO PUBLISHERS ASSOC TRN: 2963028845TC,ACH_CREDIT,622.5,"238,140.78",,0,,,
CREDIT,10/23/2023,ORIG CO NAME:BANKCARD-8566          ORIG ID:1592126793 DESC DATE:231020 CO ENTRY DESCR:MTOT DEP  SEC:CCD    TRACE#:091000016116349 EED:231023   IND ID:518089424394518              IND NAME:AUDIO PUBLISHERS ASSOC TRN: 2966116349TC,ACH_CREDIT,840,"238,980.78",,0,,,
CREDIT,10/24/2023,ORIG CO NAME:BANKCARD-8566          ORIG ID:1592126793 DESC DATE:231023 CO ENTRY DESCR:MTOT DEP  SEC:CCD    TRACE#:091000017012480 EED:231024   IND ID:518089424394518              IND NAME:AUDIO PUBLISHERS ASSOC TRN: 2977012480TC,ACH_CREDIT,165,"239,145.78",,0,,,
CREDIT,10/24/2023,ORIG CO NAME:HarperCollins-Ha       ORIG ID:5568227951 DESC DATE:231024 CO ENTRY DESCR:PAYMENTS  SEC:CCD    TRACE#:021000020754708 EED:231024   IND ID:00210986                     IND NAME:AUDIO PUBLISHERS TRN: 2970754708TC,ACH_CREDIT,"3,080.00","242,225.78",,0,,,
CREDIT,10/25/2023,ORIG CO NAME:BANKCARD-8566          ORIG ID:1592126793 DESC DATE:231024 CO ENTRY DESCR:MTOT DEP  SEC:CCD    TRACE#:091000014734448 EED:231025   IND ID:518089424394518              IND NAME:AUDIO PUBLISHERS ASSOC TRN: 2984734448TC,ACH_CREDIT,206.25,"242,432.03",,0,,,
DEBIT,10/26/2023,Online ACH Payment 11112527862 To BaileyDuquette (_######9908),ACH_PAYMENT,"-6,596.29","235,835.74",,0,,,
DEBIT,10/26/2023,Online Transfer to CHK ...7365 transaction#: 18827521111 10/26,ACCT_XFER,"-13,600.00","222,235.74",,0,,,
DEBIT,10/26/2023,Online Transfer to CHK ...7365 transaction#: 18827489616 10/26,ACCT_XFER,"-13,600.00","208,635.74",,0,,,
DEBIT,10/26/2023,Online ACH Payment 11112530090 To MicheleCobb (_######6800),ACH_PAYMENT,"-7,071.76","201,563.98",,0,,,
DEBIT,10/26/2023,Online ACH Payment 11112529918 To MicheleCobb (_######6800),ACH_PAYMENT,"-10,419.92","191,144.06",,0,,,
DEBIT,10/26/2023,Online ACH Payment 11112482398 To MicheleCobb (_######6800),ACH_PAYMENT,-157.75,"190,986.31",,0,,,
DEBIT,10/27/2023,BHN*GIFTCARDS.COM 877-9443822 CA             10/26,DEBIT_CARD,-105.95,"190,880.36",,0,,,
DEBIT,10/30/2023,WEB*NETWORKSOLUTIONS 888-6429675 FL          10/28,DEBIT_CARD,-44.99,"190,835.37",,0,,,
CREDIT,10/30/2023,ORIG CO NAME:BANKCARD-8566          ORIG ID:1592126793 DESC DATE:231029 CO ENTRY DESCR:MTOT DEP  SEC:CCD    TRACE#:091000016488158 EED:231030   IND ID:518089424394518              IND NAME:AUDIO PUBLISHERS ASSOC TRN: 3036488158TC,ACH_CREDIT,481.25,"191,316.62",,0,,,
CREDIT,10/30/2023,ORIG CO NAME:BANKCARD-8566          ORIG ID:1592126793 DESC DATE:231027 CO ENTRY DESCR:MTOT DEP  SEC:CCD    TRACE#:091000019936940 EED:231030   IND ID:518089424394518              IND NAME:AUDIO PUBLISHERS ASSOC TRN: 3039936940TC,ACH_CREDIT,595,"191,911.62",,0,,,
CREDIT,10/31/2023,ORIG CO NAME:BANKCARD-8566          ORIG ID:1592126793 DESC DATE:231030 CO ENTRY DESCR:MTOT DEP  SEC:CCD    TRACE#:091000013596281 EED:231031   IND ID:518089424394518              IND NAME:AUDIO PUBLISHERS ASSOC TRN: 3043596281TC,ACH_CREDIT,165,"192,076.62",,0,,,
DEBIT,11/1/2023,GOOGLE *GSUITE_audio cc@google.com CA        11/01,DEBIT_CARD,-65.33,"192,011.29",,0,,,
CREDIT,11/1/2023,ORIG CO NAME:BANKCARD-8566          ORIG ID:1592126793 DESC DATE:231031 CO ENTRY DESCR:MTOT DEP  SEC:CCD    TRACE#:091000019634557 EED:231101   IND ID:518089424394518              IND NAME:AUDIO PUBLISHERS ASSOC TRN: 3059634557TC,ACH_CREDIT,110,"192,121.29",,0,,,
DEBIT,11/2/2023,ORIG CO NAME:BANKCARD-8566          ORIG ID:1592126793 DESC DATE:231031 CO ENTRY DESCR:MTOT DISC SEC:CCD    TRACE#:091000018969405 EED:231102   IND ID:518089424394518              IND NAME:AUDIO PUBLISHERS ASSOC TRN: 3068969405TC,ACH_DEBIT,"-2,094.88","190,026.41",,0,,,
DEBIT,11/2/2023,LINODE . AKAMAI 609-380-7100 MA              11/01,DEBIT_CARD,-34,"189,992.41",,0,,,
CREDIT,11/2/2023,ORIG CO NAME:BANKCARD-8566          ORIG ID:1592126793 DESC DATE:231101 CO ENTRY DESCR:MTOT DEP  SEC:CCD    TRACE#:091000014793519 EED:231102   IND ID:518089424394518              IND NAME:AUDIO PUBLISHERS ASSOC TRN: 3064793519TC,ACH_CREDIT,"2,543.75","192,536.16",,0,,,
DEBIT,11/3/2023,EIG*CONSTANTCONTACT.CO 855-2295506 MA        11/02,DEBIT_CARD,-157.87,"192,378.29",,0,,,
CREDIT,11/3/2023,ORIG CO NAME:BANKCARD-8566          ORIG ID:1592126793 DESC DATE:231102 CO ENTRY DESCR:MTOT DEP  SEC:CCD    TRACE#:091000015312728 EED:231103   IND ID:518089424394518              IND NAME:AUDIO PUBLISHERS ASSOC TRN: 3075312728TC,ACH_CREDIT,"5,871.25","198,249.54",,0,,,
CREDIT,11/6/2023,ORIG CO NAME:BANKCARD-8566          ORIG ID:1592126793 DESC DATE:231105 CO ENTRY DESCR:MTOT DEP  SEC:CCD    TRACE#:091000014936077 EED:231106   IND ID:518089424394518              IND NAME:AUDIO PUBLISHERS ASSOC TRN: 3104936077TC,ACH_CREDIT,206.25,"198,455.79",,0,,,
CREDIT,11/6/2023,ORIG CO NAME:BANKCARD-8566          ORIG ID:1592126793 DESC DATE:231105 CO ENTRY DESCR:MTOT DEP  SEC:CCD    TRACE#:091000014936076 EED:231106   IND ID:518089424394518              IND NAME:AUDIO PUBLISHERS ASSOC TRN: 3104936076TC,ACH_CREDIT,701.25,"199,157.04",,0,,,
CREDIT,11/6/2023,ORIG CO NAME:BANKCARD-8566          ORIG ID:1592126793 DESC DATE:231103 CO ENTRY DESCR:MTOT DEP  SEC:CCD    TRACE#:091000015938181 EED:231106   IND ID:518089424394518              IND NAME:AUDIO PUBLISHERS ASSOC TRN: 3105938181TC,ACH_CREDIT,880,"200,037.04",,0,,,
CREDIT,11/8/2023,ORIG CO NAME:BANKCARD-8566          ORIG ID:1592126793 DESC DATE:231107 CO ENTRY DESCR:MTOT DEP  SEC:CCD    TRACE#:091000016420036 EED:231108   IND ID:518089424394518              IND NAME:AUDIO PUBLISHERS ASSOC TRN: 3126420036TC,ACH_CREDIT,165,"200,202.04",,0,,,
DEBIT,11/9/2023,Online Transfer to CHK ...7365 transaction#: 18958116826 11/09,ACCT_XFER,"-13,600.00","186,602.04",,0,,,
CREDIT,11/9/2023,ORIG CO NAME:BANKCARD-8566          ORIG ID:1592126793 DESC DATE:231108 CO ENTRY DESCR:MTOT DEP  SEC:CCD    TRACE#:091000015997413 EED:231109   IND ID:518089424394518              IND NAME:AUDIO PUBLISHERS ASSOC TRN: 3135997413TC,ACH_CREDIT,416.25,"187,018.29",,0,,,
CREDIT,11/9/2023,ORIG CO NAME:SPOTIFY ISO            ORIG ID:4284601835 DESC DATE:231109 CO ENTRY DESCR:PAYMENTS  SEC:CTX    TRACE#:021000020747981 EED:231109   IND ID:VBUS147584                   IND NAME:0008Audio Publishers TRN: 3130747981TC,ACH_CREDIT,440,"187,458.29",,0,,,
DEBIT,11/10/2023,INTUIT *QBooks Onlin CL.INTUIT.COM CA        11/10,DEBIT_CARD,-217.75,"187,240.54",,0,,,
CREDIT,11/13/2023,ORIG CO NAME:BANKCARD-8566          ORIG ID:1592126793 DESC DATE:231112 CO ENTRY DESCR:MTOT DEP  SEC:CCD    TRACE#:091000013387899 EED:231113   IND ID:518089424394518              IND NAME:AUDIO PUBLISHERS ASSOC TRN: 3173387899TC,ACH_CREDIT,330,"187,570.54",,0,,,
CREDIT,11/13/2023,ORIG CO NAME:BANKCARD-8566          ORIG ID:1592126793 DESC DATE:231112 CO ENTRY DESCR:MTOT DEP  SEC:CCD    TRACE#:091000013387900 EED:231113   IND ID:518089424394518              IND NAME:AUDIO PUBLISHERS ASSOC TRN: 3173387900TC,ACH_CREDIT,750,"188,320.54",,0,,,
CREDIT,11/13/2023,ORIG CO NAME:BANKCARD-8566          ORIG ID:1592126793 DESC DATE:231110 CO ENTRY DESCR:MTOT DEP  SEC:CCD    TRACE#:091000019649550 EED:231113   IND ID:518089424394518              IND NAME:AUDIO PUBLISHERS ASSOC TRN: 3179649550TC,ACH_CREDIT,"5,500.00","193,820.54",,0,,,
CREDIT,11/14/2023,ORIG CO NAME:BANKCARD-8566          ORIG ID:1592126793 DESC DATE:231113 CO ENTRY DESCR:MTOT DEP  SEC:CCD    TRACE#:091000017957812 EED:231114   IND ID:518089424394518              IND NAME:AUDIO PUBLISHERS ASSOC TRN: 3187957812TC,ACH_CREDIT,206.25,"194,026.79",,0,,,
CREDIT,11/15/2023,ORIG CO NAME:BANKCARD-8566          ORIG ID:1592126793 DESC DATE:231114 CO ENTRY DESCR:MTOT DEP  SEC:CCD    TRACE#:091000017335216 EED:231115   IND ID:518089424394518              IND NAME:AUDIO PUBLISHERS ASSOC TRN: 3197335216TC,ACH_CREDIT,330,"194,356.79",,0,,,
CREDIT,11/16/2023,ORIG CO NAME:BANKCARD-8566          ORIG ID:1592126793 DESC DATE:231115 CO ENTRY DESCR:MTOT DEP  SEC:CCD    TRACE#:091000012495379 EED:231116   IND ID:518089424394518              IND NAME:AUDIO PUBLISHERS ASSOC TRN: 3202495379TC,ACH_CREDIT,"1,372.50","195,729.29",,0,,,
DEBIT,11/17/2023,"NOTION LABS, INC. HTTPSWWW.NOTI CA           11/16",DEBIT_CARD,-66.83,"195,662.46",,0,,,
CREDIT,11/17/2023,ORIG CO NAME:BANKCARD-8566          ORIG ID:1592126793 DESC DATE:231116 CO ENTRY DESCR:MTOT DEP  SEC:CCD    TRACE#:091000011650976 EED:231117   IND ID:518089424394518              IND NAME:AUDIO PUBLISHERS ASSOC TRN: 3211650976TC,ACH_CREDIT,"1,950.00","197,612.46",,0,,,
DEBIT,11/20/2023,REATTENDANCE LTD BANBURY                     11/18,DEBIT_CARD,-25,"197,587.46",,0,,,
DEBIT,11/20/2023,GOOGLE *Google Stora g.co/helppay# CA        11/17,DEBIT_CARD,-10.88,"197,576.58",,0,,,
CREDIT,11/20/2023,ORIG CO NAME:BANKCARD-8566          ORIG ID:1592126793 DESC DATE:231119 CO ENTRY DESCR:MTOT DEP  SEC:CCD    TRACE#:091000016225385 EED:231120   IND ID:518089424394518              IND NAME:AUDIO PUBLISHERS ASSOC TRN: 3246225385TC,ACH_CREDIT,"1,815.00","199,391.58",,0,,,
CREDIT,11/20/2023,ORIG CO NAME:BANKCARD-8566          ORIG ID:1592126793 DESC DATE:231119 CO ENTRY DESCR:MTOT DEP  SEC:CCD    TRACE#:091000016225384 EED:231120   IND ID:518089424394518              IND NAME:AUDIO PUBLISHERS ASSOC TRN: 3246225384TC,ACH_CREDIT,"11,985.00","211,376.58",,0,,,
CREDIT,11/20/2023,ORIG CO NAME:BANKCARD-8566          ORIG ID:1592126793 DESC DATE:231117 CO ENTRY DESCR:MTOT DEP  SEC:CCD    TRACE#:091000010447633 EED:231120   IND ID:518089424394518              IND NAME:AUDIO PUBLISHERS ASSOC TRN: 3240447633TC,ACH_CREDIT,"14,096.25","225,472.83",,0,,,
CREDIT,11/21/2023,ORIG CO NAME:BANKCARD-8566          ORIG ID:1592126793 DESC DATE:231120 CO ENTRY DESCR:MTOT DEP  SEC:CCD    TRACE#:091000013747190 EED:231121   IND ID:518089424394518              IND NAME:AUDIO PUBLISHERS ASSOC TRN: 3253747190TC,ACH_CREDIT,"1,785.00","227,257.83",,0,,,
CREDIT,11/22/2023,ORIG CO NAME:BANKCARD-8566          ORIG ID:1592126793 DESC DATE:231121 CO ENTRY DESCR:MTOT DEP  SEC:CCD    TRACE#:091000014549929 EED:231122   IND ID:518089424394518              IND NAME:AUDIO PUBLISHERS ASSOC TRN: 3264549929TC,ACH_CREDIT,"17,642.50","244,900.33",,0,,,
CREDIT,11/24/2023,ORIG CO NAME:BANKCARD-8566          ORIG ID:1592126793 DESC DATE:231123 CO ENTRY DESCR:MTOT DEP  SEC:CCD    TRACE#:091000019169778 EED:231124   IND ID:518089424394518              IND NAME:AUDIO PUBLISHERS ASSOC TRN: 3289169778TC,ACH_CREDIT,"1,485.00","246,385.33",,0,,,
CREDIT,11/24/2023,ORIG CO NAME:BANKCARD-8566          ORIG ID:1592126793 DESC DATE:231122 CO ENTRY DESCR:MTOT DEP  SEC:CCD    TRACE#:091000014906395 EED:231124   IND ID:518089424394518              IND NAME:AUDIO PUBLISHERS ASSOC TRN: 3284906395TC,ACH_CREDIT,"5,925.00","252,310.33",,0,,,
CREDIT,11/27/2023,ORIG CO NAME:BANKCARD-8566          ORIG ID:1592126793 DESC DATE:231126 CO ENTRY DESCR:MTOT DEP  SEC:CCD    TRACE#:091000016248095 EED:231127   IND ID:518089424394518              IND NAME:AUDIO PUBLISHERS ASSOC TRN: 3316248095TC,ACH_CREDIT,330,"252,640.33",,0,,,
CREDIT,11/27/2023,ORIG CO NAME:BANKCARD-8566          ORIG ID:1592126793 DESC DATE:231124 CO ENTRY DESCR:MTOT DEP  SEC:CCD    TRACE#:091000012880506 EED:231127   IND ID:518089424394518              IND NAME:AUDIO PUBLISHERS ASSOC TRN: 3312880506TC,ACH_CREDIT,465,"253,105.33",,0,,,
CREDIT,11/27/2023,ORIG CO NAME:BANKCARD-8566          ORIG ID:1592126793 DESC DATE:231126 CO ENTRY DESCR:MTOT DEP  SEC:CCD    TRACE#:091000016248094 EED:231127   IND ID:518089424394518              IND NAME:AUDIO PUBLISHERS ASSOC TRN: 3316248094TC,ACH_CREDIT,"1,196.25","254,301.58",,0,,,
DEBIT,11/28/2023,SUNSAMA PRO PLAN HTTPSSUNSAMA. CA            11/28,DEBIT_CARD,-384,"253,917.58",,0,,,
CREDIT,11/28/2023,ORIG CO NAME:BANKCARD-8566          ORIG ID:1592126793 DESC DATE:231127 CO ENTRY DESCR:MTOT DEP  SEC:CCD    TRACE#:091000019620808 EED:231128   IND ID:518089424394518              IND NAME:AUDIO PUBLISHERS ASSOC TRN: 3329620808TC,ACH_CREDIT,"1,485.00","255,402.58",,0,,,
CREDIT,11/29/2023,ORIG CO NAME:BANKCARD-8566          ORIG ID:1592126793 DESC DATE:231128 CO ENTRY DESCR:MTOT DEP  SEC:CCD    TRACE#:091000015200883 EED:231129   IND ID:518089424394518              IND NAME:AUDIO PUBLISHERS ASSOC TRN: 3335200883TC,ACH_CREDIT,"9,426.25","264,828.83",,0,,,
DEBIT,11/30/2023,ORIG CO NAME:RAYDIUS LLC            ORIG ID:9215986202 DESC DATE:231130 CO ENTRY DESCR:SALE      SEC:CCD    TRACE#:021000026435444 EED:231130   IND ID:                             IND NAME:AUDIO PUBLISHERS ASSOC TRN: 3346435444TC,ACH_DEBIT,"-6,030.00","258,798.83",,0,,,
CREDIT,11/30/2023,ORIG CO NAME:BANKCARD-8566          ORIG ID:1592126793 DESC DATE:231129 CO ENTRY DESCR:MTOT DEP  SEC:CCD    TRACE#:091000016261572 EED:231130   IND ID:518089424394518              IND NAME:AUDIO PUBLISHERS ASSOC TRN: 3346261572TC,ACH_CREDIT,"2,115.00","260,913.83",,0,,,
DEBIT,12/1/2023,GOOGLE *GSUITE_audio cc@google.com CA        12/01,DEBIT_CARD,-65.33,"260,848.50",,0,,,
DEBIT,12/1/2023,LINODE . AKAMAI 609-380-7100 MA              12/01,DEBIT_CARD,-34,"260,814.50",,0,,,
CREDIT,12/1/2023,ORIG CO NAME:OVERDRIVE              ORIG ID:9111052000 DESC DATE:       CO ENTRY DESCR:PAYMENTS  SEC:CCD    TRACE#:044000029740054 EED:231201   IND ID:AUD001                       IND NAME:THE AUDIO PUBLISHERS A TRN: 3359740054TC,ACH_CREDIT,300,"261,114.50",,0,,,
CREDIT,12/1/2023,ORIG CO NAME:BANKCARD-8566          ORIG ID:1592126793 DESC DATE:231130 CO ENTRY DESCR:MTOT DEP  SEC:CCD    TRACE#:091000010292282 EED:231201   IND ID:518089424394518              IND NAME:AUDIO PUBLISHERS ASSOC TRN: 3350292282TC,ACH_CREDIT,"1,020.00","262,134.50",,0,,,
DEBIT,12/4/2023,ORIG CO NAME:BANKCARD-8566          ORIG ID:1592126793 DESC DATE:231130 CO ENTRY DESCR:MTOT DISC SEC:CCD    TRACE#:091000019965718 EED:231204   IND ID:518089424394518              IND NAME:AUDIO PUBLISHERS ASSOC TRN: 3389965718TC,ACH_DEBIT,"-4,060.10","258,074.40",,0,,,
DEBIT,12/4/2023,EIG*CONSTANTCONTACT.CO 855-2295506 MA        12/02,DEBIT_CARD,-157.87,"257,916.53",,0,,,
CREDIT,12/4/2023,ORIG CO NAME:BANKCARD-8566          ORIG ID:1592126793 DESC DATE:231203 CO ENTRY DESCR:MTOT DEP  SEC:CCD    TRACE#:091000018001359 EED:231204   IND ID:518089424394518              IND NAME:AUDIO PUBLISHERS ASSOC TRN: 3388001359TC,ACH_CREDIT,825,"258,741.53",,0,,,
CREDIT,12/4/2023,ORIG CO NAME:BANKCARD-8566          ORIG ID:1592126793 DESC DATE:231203 CO ENTRY DESCR:MTOT DEP  SEC:CCD    TRACE#:091000018001358 EED:231204   IND ID:518089424394518              IND NAME:AUDIO PUBLISHERS ASSOC TRN: 3388001358TC,ACH_CREDIT,"1,650.00","260,391.53",,0,,,
CREDIT,12/4/2023,ORIG CO NAME:BANKCARD-8566          ORIG ID:1592126793 DESC DATE:231201 CO ENTRY DESCR:MTOT DEP  SEC:CCD    TRACE#:091000010640590 EED:231204   IND ID:518089424394518              IND NAME:AUDIO PUBLISHERS ASSOC TRN: 3380640590TC,ACH_CREDIT,"3,011.25","263,402.78",,0,,,
CREDIT,12/4/2023,ORIG CO NAME:PODIUM PUBLISHIN       ORIG ID:1204895317 DESC DATE:       CO ENTRY DESCR:Bill.com  SEC:CCD    TRACE#:021000029612289 EED:231204   IND ID:016YNWUTC365QQT              IND NAME:Audio Publishers Assoc     PODIUM PUBLISHING ULC Bill.com 016Y NWUTC365QQT Inv 300007144 TRN: 3389612289TC,ACH_CREDIT,"7,300.00","270,702.78",,0,,,
DEBIT,12/5/2023,CRISTAUX INTERNATIONA 312-778-8800 IL        12/04,DEBIT_CARD,"-3,739.11","266,963.67",,0,,,
CREDIT,12/5/2023,ORIG CO NAME:BANKCARD-8566          ORIG ID:1592126793 DESC DATE:231204 CO ENTRY DESCR:MTOT DEP  SEC:CCD    TRACE#:091000011047284 EED:231205   IND ID:518089424394518              IND NAME:AUDIO PUBLISHERS ASSOC TRN: 3391047284TC,ACH_CREDIT,630,"267,593.67",,0,,,
DEBIT,12/6/2023,DELTA AIR   0062193259 800-2211212 CA        12/05,DEBIT_CARD,-168.9,"267,424.77",,0,,,
DEBIT,12/6/2023,DELTA AIR   0062193469 800-2211212 CA        12/05,DEBIT_CARD,-177.9,"267,246.87",,0,,,
CREDIT,12/6/2023,ORIG CO NAME:BANKCARD-8566          ORIG ID:1592126793 DESC DATE:231205 CO ENTRY DESCR:MTOT DEP  SEC:CCD    TRACE#:091000014545848 EED:231206   IND ID:518089424394518              IND NAME:AUDIO PUBLISHERS ASSOC TRN: 3404545848TC,ACH_CREDIT,"13,925.00","281,171.87",,0,,,
DEBIT,12/7/2023,Online ACH Payment 11116444142 To MicheleCobb (_######6800),ACH_PAYMENT,"-15,163.81","266,008.06",,0,,,
CREDIT,12/7/2023,ORIG CO NAME:BANKCARD-8566          ORIG ID:1592126793 DESC DATE:231206 CO ENTRY DESCR:MTOT DEP  SEC:CCD    TRACE#:091000018427914 EED:231207   IND ID:518089424394518              IND NAME:AUDIO PUBLISHERS ASSOC TRN: 3418427914TC,ACH_CREDIT,"1,620.00","267,628.06",,0,,,
CREDIT,12/8/2023,ORIG CO NAME:BANKCARD-8566          ORIG ID:1592126793 DESC DATE:231207 CO ENTRY DESCR:MTOT DEP  SEC:CCD    TRACE#:091000011126758 EED:231208   IND ID:518089424394518              IND NAME:AUDIO PUBLISHERS ASSOC TRN: 3421126758TC,ACH_CREDIT,"1,650.00","269,278.06",,0,,,
DEBIT,12/11/2023,INTUIT *QBooks Onlin CL.INTUIT.COM CA        12/10,DEBIT_CARD,-217.75,"269,060.31",,0,,,
CREDIT,12/11/2023,ORIG CO NAME:BANKCARD-8566          ORIG ID:1592126793 DESC DATE:231210 CO ENTRY DESCR:MTOT DEP  SEC:CCD    TRACE#:091000014026743 EED:231211   IND ID:518089424394518              IND NAME:AUDIO PUBLISHERS ASSOC TRN: 3454026743TC,ACH_CREDIT,"1,455.00","270,515.31",,0,,,
CREDIT,12/11/2023,ORIG CO NAME:BANKCARD-8566          ORIG ID:1592126793 DESC DATE:231208 CO ENTRY DESCR:MTOT DEP  SEC:CCD    TRACE#:091000017234611 EED:231211   IND ID:518089424394518              IND NAME:AUDIO PUBLISHERS ASSOC TRN: 3457234611TC,ACH_CREDIT,"9,326.25","279,841.56",,0,,,
CREDIT,12/11/2023,ORIG CO NAME:BANKCARD-8566          ORIG ID:1592126793 DESC DATE:231210 CO ENTRY DESCR:MTOT DEP  SEC:CCD    TRACE#:091000014026744 EED:231211   IND ID:518089424394518              IND NAME:AUDIO PUBLISHERS ASSOC TRN: 3454026744TC,ACH_CREDIT,"12,880.00","292,721.56",,0,,,
CREDIT,12/12/2023,ORIG CO NAME:BANKCARD-8566          ORIG ID:1592126793 DESC DATE:231211 CO ENTRY DESCR:MTOT DEP  SEC:CCD    TRACE#:091000012747626 EED:231212   IND ID:518089424394518              IND NAME:AUDIO PUBLISHERS ASSOC TRN: 3462747626TC,ACH_CREDIT,"2,415.00","295,136.56",,0,,,
CREDIT,12/13/2023,ORIG CO NAME:BANKCARD-8566          ORIG ID:1592126793 DESC DATE:231212 CO ENTRY DESCR:MTOT DEP  SEC:CCD    TRACE#:091000018418402 EED:231213   IND ID:518089424394518              IND NAME:AUDIO PUBLISHERS ASSOC TRN: 3478418402TC,ACH_CREDIT,"12,160.00","307,296.56",,0,,,
CREDIT,12/13/2023,"BOOK TRANSFER CREDIT B/O: SWEDBANK AB STOCKHOLM SWEDEN SE-10-5 34 SE ORG:/SE6480000832792370212710 STORYTEL SWEDEN AB OGB: SWEDBANK AB SWEDBANK AB REF: INVOICE 300006928/OCMT/USD300,/ACC/021000021905678632 THE AUDIO PUBLIS HERS ASSOCIATION 333 HUDSON STREET, SUITE 503 NEW YORK NY 100 13 UNITE D STATES TRN: 2019450345JS",WIRE_INCOMING,300,"307,596.56",,0,,,
CREDIT,12/14/2023,ORIG CO NAME:BANKCARD-8566          ORIG ID:1592126793 DESC DATE:231213 CO ENTRY DESCR:MTOT DEP  SEC:CCD    TRACE#:091000011580600 EED:231214   IND ID:518089424394518              IND NAME:AUDIO PUBLISHERS ASSOC TRN: 3481580600TC,ACH_CREDIT,"3,600.00","311,196.56",,0,,,
DEBIT,12/15/2023,FEDEX593820689 800-4633339 TN                12/14,DEBIT_CARD,-9.97,"311,186.59",,0,,,
CREDIT,12/15/2023,ORIG CO NAME:BANKCARD-8566          ORIG ID:1592126793 DESC DATE:231214 CO ENTRY DESCR:MTOT DEP  SEC:CCD    TRACE#:091000011851216 EED:231215   IND ID:518089424394518              IND NAME:AUDIO PUBLISHERS ASSOC TRN: 3491851216TC,ACH_CREDIT,"1,890.00","313,076.59",,0,,,
DEBIT,12/18/2023,GOOGLE *Google Stora g.co/helppay# CA        12/17,DEBIT_CARD,-10.88,"313,065.71",,0,,,
CREDIT,12/18/2023,ORIG CO NAME:BANKCARD-8566          ORIG ID:1592126793 DESC DATE:231217 CO ENTRY DESCR:MTOT DEP  SEC:CCD    TRACE#:091000018665074 EED:231218   IND ID:518089424394518              IND NAME:AUDIO PUBLISHERS ASSOC TRN: 3528665074TC,ACH_CREDIT,825,"313,890.71",,0,,,
CREDIT,12/18/2023,ORIG CO NAME:BANKCARD-8566          ORIG ID:1592126793 DESC DATE:231217 CO ENTRY DESCR:MTOT DEP  SEC:CCD    TRACE#:091000018665075 EED:231218   IND ID:518089424394518              IND NAME:AUDIO PUBLISHERS ASSOC TRN: 3528665075TC,ACH_CREDIT,"1,155.00","315,045.71",,0,,,
CREDIT,12/18/2023,ORIG CO NAME:BANKCARD-8566          ORIG ID:1592126793 DESC DATE:231215 CO ENTRY DESCR:MTOT DEP  SEC:CCD    TRACE#:091000018691408 EED:231218   IND ID:518089424394518              IND NAME:AUDIO PUBLISHERS ASSOC TRN: 3528691408TC,ACH_CREDIT,"1,361.25","316,406.96",,0,,,
DEBIT,12/19/2023,REATTENDANCE LTD BANBURY                     12/18,DEBIT_CARD,-25,"316,381.96",,0,,,
CREDIT,12/19/2023,ORIG CO NAME:BANKCARD-8566          ORIG ID:1592126793 DESC DATE:231218 CO ENTRY DESCR:MTOT DEP  SEC:CCD    TRACE#:091000017126107 EED:231219   IND ID:518089424394518              IND NAME:AUDIO PUBLISHERS ASSOC TRN: 3537126107TC,ACH_CREDIT,960,"317,341.96",,0,,,
DEBIT,12/20/2023,FEDEX594530255 800-4633339 TN                12/19,DEBIT_CARD,-76.75,"317,265.21",,0,,,
CREDIT,12/20/2023,ORIG CO NAME:BANKCARD-8566          ORIG ID:1592126793 DESC DATE:231219 CO ENTRY DESCR:MTOT DEP  SEC:CCD    TRACE#:091000011471396 EED:231220   IND ID:518089424394518              IND NAME:AUDIO PUBLISHERS ASSOC TRN: 3541471396TC,ACH_CREDIT,"1,320.00","318,585.21",,0,,,
CREDIT,12/21/2023,ORIG CO NAME:BANKCARD-8566          ORIG ID:1592126793 DESC DATE:231220 CO ENTRY DESCR:MTOT DEP  SEC:CCD    TRACE#:091000015072445 EED:231221   IND ID:518089424394518              IND NAME:AUDIO PUBLISHERS ASSOC TRN: 3555072445TC,ACH_CREDIT,"1,631.25","320,216.46",,0,,,
CREDIT,12/22/2023,ORIG CO NAME:BANKCARD-8566          ORIG ID:1592126793 DESC DATE:231221 CO ENTRY DESCR:MTOT DEP  SEC:CCD    TRACE#:091000019269000 EED:231222   IND ID:518089424394518              IND NAME:AUDIO PUBLISHERS ASSOC TRN: 3569269000TC,ACH_CREDIT,"1,331.25","321,547.71",,0,,,
CREDIT,12/22/2023,ORIG CO NAME:PODIUM PUBLISHIN       ORIG ID:1204895317 DESC DATE:       CO ENTRY DESCR:Bill.com  SEC:CCD    TRACE#:021000029476975 EED:231222   IND ID:016FTKDRU36Y2VA              IND NAME:Audio Publishers Assoc     PODIUM PUBLISHING ULC Bill.com 016F TKDRU36Y2VA Inv 200008609 TRN: 3569476975TC,ACH_CREDIT,"6,500.00","328,047.71",,0,,,
DEBIT,12/26/2023,FEDEX595264894 800-4633339 TN                12/24,DEBIT_CARD,-44.17,"328,003.54",,0,,,
CREDIT,12/26/2023,ORIG CO NAME:BANKCARD-8566          ORIG ID:1592126793 DESC DATE:231224 CO ENTRY DESCR:MTOT DEP  SEC:CCD    TRACE#:091000014010013 EED:231226   IND ID:518089424394518              IND NAME:AUDIO PUBLISHERS ASSOC TRN: 3604010013TC,ACH_CREDIT,495,"328,498.54",,0,,,
CREDIT,12/26/2023,ORIG CO NAME:BANKCARD-8566          ORIG ID:1592126793 DESC DATE:231224 CO ENTRY DESCR:MTOT DEP  SEC:CCD    TRACE#:091000014010014 EED:231226   IND ID:518089424394518              IND NAME:AUDIO PUBLISHERS ASSOC TRN: 3604010014TC,ACH_CREDIT,"1,196.25","329,694.79",,0,,,
CREDIT,12/26/2023,ORIG CO NAME:BANKCARD-8566          ORIG ID:1592126793 DESC DATE:231222 CO ENTRY DESCR:MTOT DEP  SEC:CCD    TRACE#:091000016122217 EED:231226   IND ID:518089424394518              IND NAME:AUDIO PUBLISHERS ASSOC TRN: 3606122217TC,ACH_CREDIT,"7,255.00","336,949.79",,0,,,
CREDIT,12/28/2023,ORIG CO NAME:BANKCARD-8566          ORIG ID:1592126793 DESC DATE:231227 CO ENTRY DESCR:MTOT DEP  SEC:CCD    TRACE#:091000014721530 EED:231228   IND ID:518089424394518              IND NAME:AUDIO PUBLISHERS ASSOC TRN: 3624721530TC,ACH_CREDIT,"1,402.50","338,352.29",,0,,,
CREDIT,12/29/2023,ORIG CO NAME:BANKCARD-8566          ORIG ID:1592126793 DESC DATE:231228 CO ENTRY DESCR:MTOT DEP  SEC:CCD    TRACE#:091000018418783 EED:231229   IND ID:518089424394518              IND NAME:AUDIO PUBLISHERS ASSOC TRN: 3638418783TC,ACH_CREDIT,"1,035.00","339,387.29",,0,,,
DEBIT,1/2/2024,ORIG CO NAME:BANKCARD-8566          ORIG ID:1592126793 DESC DATE:231231 CO ENTRY DESCR:MTOT DISC SEC:CCD    TRACE#:091000016981114 EED:240102   IND ID:518089424394518              IND NAME:AUDIO PUBLISHERS ASSOC TRN: 0026981114TC,ACH_DEBIT,"-4,568.85","334,818.44",,0,,,
DEBIT,1/2/2024,LINODE . AKAMAI 609-380-7100 MA              01/01,DEBIT_CARD,-34,"334,784.44",,0,,,
DEBIT,1/2/2024,GOOGLE *GSUITE_audio cc@google.com CA        01/01,DEBIT_CARD,-65.33,"334,719.11",,0,,,
CREDIT,1/2/2024,ORIG CO NAME:BANKCARD-8566          ORIG ID:1592126793 DESC DATE:231229 CO ENTRY DESCR:MTOT DEP  SEC:CCD    TRACE#:091000015496532 EED:240102   IND ID:518089424394518              IND NAME:AUDIO PUBLISHERS ASSOC TRN: 0025496532TC,ACH_CREDIT,930,"335,649.11",,0,,,
CREDIT,1/2/2024,ORIG CO NAME:BANKCARD-8566          ORIG ID:1592126793 DESC DATE:231231 CO ENTRY DESCR:MTOT DEP  SEC:CCD    TRACE#:091000017082621 EED:240102   IND ID:518089424394518              IND NAME:AUDIO PUBLISHERS ASSOC TRN: 0027082621TC,ACH_CREDIT,"3,066.25","338,715.36",,0,,,
CREDIT,1/2/2024,ORIG CO NAME:HarperCollins-Ha       ORIG ID:5568227951 DESC DATE:240102 CO ENTRY DESCR:PAYMENTS  SEC:CCD    TRACE#:021000025908629 EED:240102   IND ID:00217379                     IND NAME:AUDIO PUBLISHERS TRN: 0025908629TC,ACH_CREDIT,"7,300.00","346,015.36",,0,,,
CREDIT,1/2/2024,ORIG CO NAME:BANKCARD-8566          ORIG ID:1592126793 DESC DATE:231231 CO ENTRY DESCR:MTOT DEP  SEC:CCD    TRACE#:091000017082622 EED:240102   IND ID:518089424394518              IND NAME:AUDIO PUBLISHERS ASSOC TRN: 0027082622TC,ACH_CREDIT,"11,940.00","357,955.36",,0,,,
CREDIT,1/2/2024,ORIG CO NAME:BANKCARD-8566          ORIG ID:1592126793 DESC DATE:240101 CO ENTRY DESCR:MTOT DEP  SEC:CCD    TRACE#:091000019677119 EED:240102   IND ID:518089424394518              IND NAME:AUDIO PUBLISHERS ASSOC TRN: 0029677119TC,ACH_CREDIT,"14,840.00","372,795.36",,0,,,
DEBIT,1/3/2024,EIG*CONSTANTCONTACT.CO 855-2295506 MA        01/02,DEBIT_CARD,-157.87,"372,637.49",,0,,,
CREDIT,1/3/2024,ORIG CO NAME:BANKCARD-8566          ORIG ID:1592126793 DESC DATE:240102 CO ENTRY DESCR:MTOT DEP  SEC:CCD    TRACE#:091000011187773 EED:240103   IND ID:518089424394518              IND NAME:AUDIO PUBLISHERS ASSOC TRN: 0031187773TC,ACH_CREDIT,"5,950.00","378,587.49",,0,,,
CREDIT,1/4/2024,ORIG CO NAME:BANKCARD-8566          ORIG ID:1592126793 DESC DATE:240103 CO ENTRY DESCR:MTOT DEP  SEC:CCD    TRACE#:091000014374220 EED:240104   IND ID:518089424394518              IND NAME:AUDIO PUBLISHERS ASSOC TRN: 0044374220TC,ACH_CREDIT,"18,210.00","396,797.49",,0,,,
CREDIT,1/5/2024,ORIG CO NAME:BANKCARD-8566          ORIG ID:1592126793 DESC DATE:240104 CO ENTRY DESCR:MTOT DEP  SEC:CCD    TRACE#:091000017014383 EED:240105   IND ID:518089424394518              IND NAME:AUDIO PUBLISHERS ASSOC TRN: 0057014383TC,ACH_CREDIT,"27,620.00","424,417.49",,0,,,
DEBIT,1/8/2024,ORIG CO NAME:YOURMEMBERSHIP A       ORIG ID:1900278160 DESC DATE:240107 CO ENTRY DESCR:7278270046SEC:CCD    TRACE#:026073188004771 EED:240108   IND ID:0060000236                   IND NAME:JoAnna Laskas                                                                                                92490014388213 TRN: 0088004771TC,ACH_DEBIT,"-8,831.02","415,586.47",,0,,,
CREDIT,1/8/2024,ORIG CO NAME:BANKCARD-8566          ORIG ID:1592126793 DESC DATE:240107 CO ENTRY DESCR:MTOT DEP  SEC:CCD    TRACE#:091000014762553 EED:240108   IND ID:518089424394518              IND NAME:AUDIO PUBLISHERS ASSOC TRN: 0084762553TC,ACH_CREDIT,"4,750.00","420,336.47",,0,,,
CREDIT,1/8/2024,ORIG CO NAME:BANKCARD-8566          ORIG ID:1592126793 DESC DATE:240107 CO ENTRY DESCR:MTOT DEP  SEC:CCD    TRACE#:091000014762552 EED:240108   IND ID:518089424394518              IND NAME:AUDIO PUBLISHERS ASSOC TRN: 0084762552TC,ACH_CREDIT,"8,835.00","429,171.47",,0,,,
CREDIT,1/8/2024,ORIG CO NAME:BANKCARD-8566          ORIG ID:1592126793 DESC DATE:240105 CO ENTRY DESCR:MTOT DEP  SEC:CCD    TRACE#:091000017623936 EED:240108   IND ID:518089424394518              IND NAME:AUDIO PUBLISHERS ASSOC TRN: 0087623936TC,ACH_CREDIT,"12,035.00","441,206.47",,0,,,
CREDIT,1/9/2024,ORIG CO NAME:SPOTIFY ISO            ORIG ID:4284601835 DESC DATE:240109 CO ENTRY DESCR:PAYMENTS  SEC:CTX    TRACE#:021000022218948 EED:240109   IND ID:VBUS153386                   IND NAME:0008Audio Publishers TRN: 0092218948TC,ACH_CREDIT,300,"441,506.47",,0,,,
CREDIT,1/9/2024,ORIG CO NAME:BANKCARD-8566          ORIG ID:1592126793 DESC DATE:240108 CO ENTRY DESCR:MTOT DEP  SEC:CCD    TRACE#:091000017769170 EED:240109   IND ID:518089424394518              IND NAME:AUDIO PUBLISHERS ASSOC TRN: 0097769170TC,ACH_CREDIT,"2,090.00","443,596.47",,0,,,
DEBIT,1/10/2024,INTUIT *QBooks Onlin CL.INTUIT.COM CA        01/10,DEBIT_CARD,-217.75,"443,378.72",,0,,,
CREDIT,1/10/2024,ORIG CO NAME:BANKCARD-8566          ORIG ID:1592126793 DESC DATE:240109 CO ENTRY DESCR:MTOT DEP  SEC:CCD    TRACE#:091000017170936 EED:240110   IND ID:518089424394518              IND NAME:AUDIO PUBLISHERS ASSOC TRN: 0107170936TC,ACH_CREDIT,"4,645.00","448,023.72",,0,,,
DSLIP,1/10/2024,REMOTE ONLINE DEPOSIT #          1,CHECK_DEPOSIT,"5,500.00","453,523.72",,0,,,
DSLIP,1/10/2024,REMOTE ONLINE DEPOSIT #          1,CHECK_DEPOSIT,"7,300.00","460,823.72",,0,,,
DSLIP,1/10/2024,REMOTE ONLINE DEPOSIT #          1,CHECK_DEPOSIT,"7,300.00","468,123.72",,0,,,
CREDIT,1/11/2024,ORIG CO NAME:BANKCARD-8566          ORIG ID:1592126793 DESC DATE:240110 CO ENTRY DESCR:MTOT DEP  SEC:CCD    TRACE#:091000017805142 EED:240111   IND ID:518089424394518              IND NAME:AUDIO PUBLISHERS ASSOC TRN: 0117805142TC,ACH_CREDIT,"5,125.00","473,248.72",,0,,,
CREDIT,1/12/2024,ORIG CO NAME:BANKCARD-8566          ORIG ID:1592126793 DESC DATE:240111 CO ENTRY DESCR:MTOT DEP  SEC:CCD    TRACE#:091000015087208 EED:240112   IND ID:518089424394518              IND NAME:AUDIO PUBLISHERS ASSOC TRN: 0125087208TC,ACH_CREDIT,"5,215.00","478,463.72",,0,,,
CREDIT,1/16/2024,ORIG CO NAME:BANKCARD-8566          ORIG ID:1592126793 DESC DATE:240114 CO ENTRY DESCR:MTOT DEP  SEC:CCD    TRACE#:091000010735872 EED:240116   IND ID:518089424394518              IND NAME:AUDIO PUBLISHERS ASSOC TRN: 0160735872TC,ACH_CREDIT,"1,060.00","479,523.72",,0,,,
CREDIT,1/16/2024,ORIG CO NAME:BANKCARD-8566          ORIG ID:1592126793 DESC DATE:240115 CO ENTRY DESCR:MTOT DEP  SEC:CCD    TRACE#:091000012458224 EED:240116   IND ID:518089424394518              IND NAME:AUDIO PUBLISHERS ASSOC TRN: 0162458224TC,ACH_CREDIT,"1,335.00","480,858.72",,0,,,
CREDIT,1/16/2024,ORIG CO NAME:BANKCARD-8566          ORIG ID:1592126793 DESC DATE:240112 CO ENTRY DESCR:MTOT DEP  SEC:CCD    TRACE#:091000016745615 EED:240116   IND ID:518089424394518              IND NAME:AUDIO PUBLISHERS ASSOC TRN: 0166745615TC,ACH_CREDIT,"2,015.00","482,873.72",,0,,,
CREDIT,1/16/2024,ORIG CO NAME:BANKCARD-8566          ORIG ID:1592126793 DESC DATE:240114 CO ENTRY DESCR:MTOT DEP  SEC:CCD    TRACE#:091000010735871 EED:240116   IND ID:518089424394518              IND NAME:AUDIO PUBLISHERS ASSOC TRN: 0160735871TC,ACH_CREDIT,"2,595.00","485,468.72",,0,,,
DEBIT,1/17/2024,Online Transfer to CHK ...7365 transaction#: 19599276610 01/17,ACCT_XFER,-600,"484,868.72",,0,,,
DEBIT,1/17/2024,Online Transfer to CHK ...7365 transaction#: 19599228283 01/17,ACCT_XFER,"-13,600.00","471,268.72",,0,,,
DEBIT,1/17/2024,Online Transfer to CHK ...7365 transaction#: 19599234533 01/17,ACCT_XFER,"-13,600.00","457,668.72",,0,,,
DEBIT,1/17/2024,Online Transfer to CHK ...7365 transaction#: 19599145616 01/17,ACCT_XFER,"-2,000.00","455,668.72",,0,,,
DEBIT,1/17/2024,Online ACH Payment 11120170478 To MicheleCobb (_######6800),ACH_PAYMENT,"-5,849.82","449,818.90",,0,,,
DEBIT,1/17/2024,Online ACH Payment 11120161742 To MicheleCobb (_######6800),ACH_PAYMENT,"-6,019.31","443,799.59",,0,,,
DEBIT,1/17/2024,Online ACH Payment 11120147133 To MicheleCobb (_######6800),ACH_PAYMENT,-204,"443,595.59",,0,,,
DEBIT,1/17/2024,GOOGLE *Google Stora g.co/helppay# CA        01/17,DEBIT_CARD,-10.88,"443,584.71",,0,,,
CREDIT,1/17/2024,ORIG CO NAME:BANKCARD-8566          ORIG ID:1592126793 DESC DATE:240116 CO ENTRY DESCR:MTOT DEP  SEC:CCD    TRACE#:091000010340547 EED:240117   IND ID:518089424394518              IND NAME:AUDIO PUBLISHERS ASSOC TRN: 0170340547TC,ACH_CREDIT,"2,380.00","445,964.71",,0,,,
CREDIT,1/18/2024,ORIG CO NAME:BANKCARD-8566          ORIG ID:1592126793 DESC DATE:240117 CO ENTRY DESCR:MTOT DEP  SEC:CCD    TRACE#:091000018041870 EED:240118   IND ID:518089424394518              IND NAME:AUDIO PUBLISHERS ASSOC TRN: 0188041870TC,ACH_CREDIT,"23,890.00","469,854.71",,0,,,
DEBIT,1/19/2024,REATTENDANCE LTD BANBURY                     01/18,DEBIT_CARD,-25,"469,829.71",,0,,,
DEBIT,1/19/2024,FEDEX OFFICE 800000836 800-4633339 TX        01/17,DEBIT_CARD,-41.64,"469,788.07",,0,,,
CREDIT,1/19/2024,ORIG CO NAME:BANKCARD-8566          ORIG ID:1592126793 DESC DATE:240118 CO ENTRY DESCR:MTOT DEP  SEC:CCD    TRACE#:091000010452622 EED:240119   IND ID:518089424394518              IND NAME:AUDIO PUBLISHERS ASSOC TRN: 0190452622TC,ACH_CREDIT,"6,985.00","476,773.07",,0,,,
CREDIT,1/22/2024,ORIG CO NAME:BANKCARD-8566          ORIG ID:1592126793 DESC DATE:240121 CO ENTRY DESCR:MTOT DEP  SEC:CCD    TRACE#:091000011868111 EED:240122   IND ID:518089424394518              IND NAME:AUDIO PUBLISHERS ASSOC TRN: 0221868111TC,ACH_CREDIT,"1,495.00","478,268.07",,0,,,
CREDIT,1/22/2024,ORIG CO NAME:BANKCARD-8566          ORIG ID:1592126793 DESC DATE:240121 CO ENTRY DESCR:MTOT DEP  SEC:CCD    TRACE#:091000011868112 EED:240122   IND ID:518089424394518              IND NAME:AUDIO PUBLISHERS ASSOC TRN: 0221868112TC,ACH_CREDIT,"10,315.00","488,583.07",,0,,,
CREDIT,1/22/2024,ORIG CO NAME:BANKCARD-8566          ORIG ID:1592126793 DESC DATE:240119 CO ENTRY DESCR:MTOT DEP  SEC:CCD    TRACE#:091000017094628 EED:240122   IND ID:518089424394518              IND NAME:AUDIO PUBLISHERS ASSOC TRN: 0227094628TC,ACH_CREDIT,"10,910.00","499,493.07",,0,,,
CREDIT,1/23/2024,ORIG CO NAME:BANKCARD-8566          ORIG ID:1592126793 DESC DATE:240122 CO ENTRY DESCR:MTOT DEP  SEC:CCD    TRACE#:091000017012520 EED:240123   IND ID:518089424394518              IND NAME:AUDIO PUBLISHERS ASSOC TRN: 0237012520TC,ACH_CREDIT,"1,840.00","501,333.07",,0,,,
CREDIT,1/24/2024,ORIG CO NAME:BANKCARD-8566          ORIG ID:1592126793 DESC DATE:240123 CO ENTRY DESCR:MTOT DEP  SEC:CCD    TRACE#:091000011987257 EED:240124   IND ID:518089424394518              IND NAME:AUDIO PUBLISHERS ASSOC TRN: 0241987257TC,ACH_CREDIT,"1,350.00","502,683.07",,0,,,
DEBIT,1/25/2024,YAMM.COM BRUXELLES                           01/24,DEBIT_CARD,-50,"502,633.07",,0,,,
CREDIT,1/25/2024,ORIG CO NAME:BANKCARD-8566          ORIG ID:1592126793 DESC DATE:240124 CO ENTRY DESCR:MTOT DEP  SEC:CCD    TRACE#:091000019776813 EED:240125   IND ID:518089424394518              IND NAME:AUDIO PUBLISHERS ASSOC TRN: 0259776813TC,ACH_CREDIT,"5,630.00","508,263.07",,0,,,
CREDIT,1/26/2024,ORIG CO NAME:BANKCARD-8566          ORIG ID:1592126793 DESC DATE:240125 CO ENTRY DESCR:MTOT DEP  SEC:CCD    TRACE#:091000018668739 EED:240126   IND ID:518089424394518              IND NAME:AUDIO PUBLISHERS ASSOC TRN: 0268668739TC,ACH_CREDIT,"2,775.00","511,038.07",,0,,,
CREDIT,1/29/2024,ORIG CO NAME:BANKCARD-8566          ORIG ID:1592126793 DESC DATE:240128 CO ENTRY DESCR:MTOT DEP  SEC:CCD    TRACE#:091000016835058 EED:240129   IND ID:518089424394518              IND NAME:AUDIO PUBLISHERS ASSOC TRN: 0296835058TC,ACH_CREDIT,330,"511,368.07",,0,,,
CREDIT,1/29/2024,ORIG CO NAME:BANKCARD-8566          ORIG ID:1592126793 DESC DATE:240128 CO ENTRY DESCR:MTOT DEP  SEC:CCD    TRACE#:091000016835057 EED:240129   IND ID:518089424394518              IND NAME:AUDIO PUBLISHERS ASSOC TRN: 0296835057TC,ACH_CREDIT,"5,295.00","516,663.07",,0,,,
CREDIT,1/29/2024,ORIG CO NAME:BANKCARD-8566          ORIG ID:1592126793 DESC DATE:240126 CO ENTRY DESCR:MTOT DEP  SEC:CCD    TRACE#:091000012835864 EED:240129   IND ID:518089424394518              IND NAME:AUDIO PUBLISHERS ASSOC TRN: 0292835864TC,ACH_CREDIT,"5,760.00","522,423.07",,0,,,
CREDIT,1/30/2024,ORIG CO NAME:BANKCARD-8566          ORIG ID:1592126793 DESC DATE:240129 CO ENTRY DESCR:MTOT DEP  SEC:CCD    TRACE#:091000015596288 EED:240130   IND ID:518089424394518              IND NAME:AUDIO PUBLISHERS ASSOC TRN: 0305596288TC,ACH_CREDIT,"2,520.00","524,943.07",,0,,,
CREDIT,1/31/2024,ORIG CO NAME:BANKCARD-8566          ORIG ID:1592126793 DESC DATE:240130 CO ENTRY DESCR:MTOT DEP  SEC:CCD    TRACE#:091000016700587 EED:240131   IND ID:518089424394518              IND NAME:AUDIO PUBLISHERS ASSOC TRN: 0316700587TC,ACH_CREDIT,"2,070.00","527,013.07",,0,,,
DEBIT,2/1/2024,GOOGLE *GSUITE_audio cc@google.com CA        02/01,DEBIT_CARD,-65.33,"526,947.74",,0,,,
DEBIT,2/1/2024,LINODE . AKAMAI 609-380-7100 MA              02/01,DEBIT_CARD,-34,"526,913.74",,0,,,
DEBIT,2/1/2024,ORIG CO NAME:BANKCARD-8566          ORIG ID:1592126793 DESC DATE:240131 CO ENTRY DESCR:MTOT DEP  SEC:CCD    TRACE#:091000016354667 EED:240201   IND ID:518089424394518              IND NAME:AUDIO PUBLISHERS ASSOC TRN: 0326354667TC,ACH_DEBIT,-550,"526,363.74",,0,,,
CREDIT,2/1/2024,ORIG CO NAME:BANKCARD-8566          ORIG ID:1592126793 DESC DATE:240131 CO ENTRY DESCR:MTOT DEP  SEC:CCD    TRACE#:091000016354668 EED:240201   IND ID:518089424394518              IND NAME:AUDIO PUBLISHERS ASSOC TRN: 0326354668TC,ACH_CREDIT,"9,190.00","535,553.74",,0,,,
DEBIT,2/2/2024,ORIG CO NAME:BANKCARD-8566          ORIG ID:1592126793 DESC DATE:240131 CO ENTRY DESCR:MTOT DISC SEC:CCD    TRACE#:091000011239381 EED:240202   IND ID:518089424394518              IND NAME:AUDIO PUBLISHERS ASSOC TRN: 0331239381TC,ACH_DEBIT,"-8,603.32","526,950.42",,0,,,
DEBIT,2/5/2024,EIG*CONSTANTCONTACT.CO 855-2295506 MA        02/02,DEBIT_CARD,-157.87,"526,792.55",,0,,,
CREDIT,2/5/2024,ORIG CO NAME:BANKCARD-8566          ORIG ID:1592126793 DESC DATE:240204 CO ENTRY DESCR:MTOT DEP  SEC:CCD    TRACE#:091000015707103 EED:240205   IND ID:518089424394518              IND NAME:AUDIO PUBLISHERS ASSOC TRN: 0365707103TC,ACH_CREDIT,"1,130.00","527,922.55",,0,,,
CREDIT,2/5/2024,ORIG CO NAME:BANKCARD-8566          ORIG ID:1592126793 DESC DATE:240202 CO ENTRY DESCR:MTOT DEP  SEC:CCD    TRACE#:091000017404378 EED:240205   IND ID:518089424394518              IND NAME:AUDIO PUBLISHERS ASSOC TRN: 0367404378TC,ACH_CREDIT,"2,385.00","530,307.55",,0,,,
CREDIT,2/5/2024,ORIG CO NAME:BANKCARD-8566          ORIG ID:1592126793 DESC DATE:240204 CO ENTRY DESCR:MTOT DEP  SEC:CCD    TRACE#:091000015707104 EED:240205   IND ID:518089424394518              IND NAME:AUDIO PUBLISHERS ASSOC TRN: 0365707104TC,ACH_CREDIT,"4,430.00","534,737.55",,0,,,
CREDIT,2/5/2024,ORIG CO NAME:BANKCARD-8566          ORIG ID:1592126793 DESC DATE:240202 CO ENTRY DESCR:MTOT DEP  SEC:CCD    TRACE#:091000017404377 EED:240205   IND ID:518089424394518              IND NAME:AUDIO PUBLISHERS ASSOC TRN: 0367404377TC,ACH_CREDIT,"4,775.00","539,512.55",,0,,,
CREDIT,2/6/2024,ORIG CO NAME:BANKCARD-8566          ORIG ID:1592126793 DESC DATE:240205 CO ENTRY DESCR:MTOT DEP  SEC:CCD    TRACE#:091000019547924 EED:240206   IND ID:518089424394518              IND NAME:AUDIO PUBLISHERS ASSOC TRN: 0379547924TC,ACH_CREDIT,"1,640.00","541,152.55",,0,,,
CREDIT,2/7/2024,ORIG CO NAME:BANKCARD-8566          ORIG ID:1592126793 DESC DATE:240206 CO ENTRY DESCR:MTOT DEP  SEC:CCD    TRACE#:091000011543953 EED:240207   IND ID:518089424394518              IND NAME:AUDIO PUBLISHERS ASSOC TRN: 0381543953TC,ACH_CREDIT,"6,125.00","547,277.55",,0,,,
CREDIT,2/8/2024,ORIG CO NAME:BANKCARD-8566          ORIG ID:1592126793 DESC DATE:240207 CO ENTRY DESCR:MTOT DEP  SEC:CCD    TRACE#:091000011303298 EED:240208   IND ID:518089424394518              IND NAME:AUDIO PUBLISHERS ASSOC TRN: 0391303298TC,ACH_CREDIT,"21,415.00","568,692.55",,0,,,
CREDIT,2/9/2024,ORIG CO NAME:BANKCARD-8566          ORIG ID:1592126793 DESC DATE:240208 CO ENTRY DESCR:MTOT DEP  SEC:CCD    TRACE#:091000011211148 EED:240209   IND ID:518089424394518              IND NAME:AUDIO PUBLISHERS ASSOC TRN: 0401211148TC,ACH_CREDIT,"22,330.00","591,022.55",,0,,,
CREDIT,2/9/2024,REAL TIME TRANSFER RECD FROM ABA/CONTR BNK-021000021  FROM: BNF-WISE REF: 814712570-STUART INFO: TEXT-  IID: 20240209021000021P1BRJPC00510076990 RECD: 16:23:39 TRN: 0396791040GA,MISC_CREDIT,680,"591,702.55",,0,,,
DEBIT,2/12/2024,INTUIT *QBooks Onlin CL.INTUIT.COM CA        02/10,DEBIT_CARD,-217.75,"591,484.80",,0,,,
CREDIT,2/12/2024,ORIG CO NAME:BANKCARD-8566          ORIG ID:1592126793 DESC DATE:240211 CO ENTRY DESCR:MTOT DEP  SEC:CCD    TRACE#:091000017140057 EED:240212   IND ID:518089424394518              IND NAME:AUDIO PUBLISHERS ASSOC TRN: 0437140057TC,ACH_CREDIT,915,"592,399.80",,0,,,
CREDIT,2/12/2024,ORIG CO NAME:BANKCARD-8566          ORIG ID:1592126793 DESC DATE:240211 CO ENTRY DESCR:MTOT DEP  SEC:CCD    TRACE#:091000017140056 EED:240212   IND ID:518089424394518              IND NAME:AUDIO PUBLISHERS ASSOC TRN: 0437140056TC,ACH_CREDIT,"3,140.00","595,539.80",,0,,,
CREDIT,2/12/2024,ORIG CO NAME:BANKCARD-8566          ORIG ID:1592126793 DESC DATE:240209 CO ENTRY DESCR:MTOT DEP  SEC:CCD    TRACE#:091000016936872 EED:240212   IND ID:518089424394518              IND NAME:AUDIO PUBLISHERS ASSOC TRN: 0436936872TC,ACH_CREDIT,"9,150.00","604,689.80",,0,,,
DEBIT,2/13/2024,DROPBOX INC. SAN FRANCISCO CA        795410  02/13,DEBIT_CARD,-119.88,"604,569.92",,0,,,
CREDIT,2/13/2024,ORIG CO NAME:BANKCARD-8566          ORIG ID:1592126793 DESC DATE:240212 CO ENTRY DESCR:MTOT DEP  SEC:CCD    TRACE#:091000017191022 EED:240213   IND ID:518089424394518              IND NAME:AUDIO PUBLISHERS ASSOC TRN: 0447191022TC,ACH_CREDIT,280,"604,849.92",,0,,,
CREDIT,2/13/2024,ORIG CO NAME:SPOTIFY ISO            ORIG ID:4284601835 DESC DATE:240213 CO ENTRY DESCR:PAYMENTS  SEC:CTX    TRACE#:021000024274792 EED:240213   IND ID:VBUS157832                   IND NAME:0008Audio Publishers TRN: 0444274792TC,ACH_CREDIT,"1,200.00","606,049.92",,0,,,
CREDIT,2/14/2024,ORIG CO NAME:BANKCARD-8566          ORIG ID:1592126793 DESC DATE:240213 CO ENTRY DESCR:MTOT DEP  SEC:CCD    TRACE#:091000018923803 EED:240214   IND ID:518089424394518              IND NAME:AUDIO PUBLISHERS ASSOC TRN: 0458923803TC,ACH_CREDIT,"2,740.00","608,789.92",,0,,,
DEBIT,2/15/2024,ZOOM.US 888-799-9666 WWW.ZOOM.US CA          02/15,DEBIT_CARD,-97.27,"608,692.65",,0,,,
DEBIT,2/15/2024,ZOOM.US 888-799-9666 WWW.ZOOM.US CA          02/15,DEBIT_CARD,-80.9,"608,611.75",,0,,,
CREDIT,2/15/2024,ORIG CO NAME:BANKCARD-8566          ORIG ID:1592126793 DESC DATE:240214 CO ENTRY DESCR:MTOT DEP  SEC:CCD    TRACE#:091000017391041 EED:240215   IND ID:518089424394518              IND NAME:AUDIO PUBLISHERS ASSOC TRN: 0467391041TC,ACH_CREDIT,"1,495.00","610,106.75",,0,,,
CREDIT,2/16/2024,ORIG CO NAME:BANKCARD-8566          ORIG ID:1592126793 DESC DATE:240215 CO ENTRY DESCR:MTOT DEP  SEC:CCD    TRACE#:091000016816187 EED:240216   IND ID:518089424394518              IND NAME:AUDIO PUBLISHERS ASSOC TRN: 0476816187TC,ACH_CREDIT,"2,390.00","612,496.75",,0,,,
DEBIT,2/20/2024,REATTENDANCE LTD BANBURY                     02/18,DEBIT_CARD,-25,"612,471.75",,0,,,
DEBIT,2/20/2024,FEDEX OFFICE 800000836 800-4633339 TX        02/17,DEBIT_CARD,-108.64,"612,363.11",,0,,,
DEBIT,2/20/2024,GOOGLE *Google Storag 855-836-3987 CA        02/17,DEBIT_CARD,-10.88,"612,352.23",,0,,,
CREDIT,2/20/2024,ORIG CO NAME:BANKCARD-8566          ORIG ID:1592126793 DESC DATE:240219 CO ENTRY DESCR:MTOT DEP  SEC:CCD    TRACE#:091000019137092 EED:240220   IND ID:518089424394518              IND NAME:AUDIO PUBLISHERS ASSOC TRN: 0519137092TC,ACH_CREDIT,115,"612,467.23",,0,,,
CREDIT,2/20/2024,ORIG CO NAME:BANKCARD-8566          ORIG ID:1592126793 DESC DATE:240218 CO ENTRY DESCR:MTOT DEP  SEC:CCD    TRACE#:091000018287272 EED:240220   IND ID:518089424394518              IND NAME:AUDIO PUBLISHERS ASSOC TRN: 0518287272TC,ACH_CREDIT,515,"612,982.23",,0,,,
CREDIT,2/20/2024,ORIG CO NAME:BANKCARD-8566          ORIG ID:1592126793 DESC DATE:240218 CO ENTRY DESCR:MTOT DEP  SEC:CCD    TRACE#:091000018287273 EED:240220   IND ID:518089424394518              IND NAME:AUDIO PUBLISHERS ASSOC TRN: 0518287273TC,ACH_CREDIT,695,"613,677.23",,0,,,
CREDIT,2/20/2024,ORIG CO NAME:BANKCARD-8566          ORIG ID:1592126793 DESC DATE:240216 CO ENTRY DESCR:MTOT DEP  SEC:CCD    TRACE#:091000013913527 EED:240220   IND ID:518089424394518              IND NAME:AUDIO PUBLISHERS ASSOC TRN: 0513913527TC,ACH_CREDIT,"2,825.00","616,502.23",,0,,,
DEBIT,2/21/2024,REATTENDANCE LTD BANBURY                     02/20,DEBIT_CARD,-109,"616,393.23",,0,,,
CREDIT,2/21/2024,ORIG CO NAME:BANKCARD-8566          ORIG ID:1592126793 DESC DATE:240220 CO ENTRY DESCR:MTOT DEP  SEC:CCD    TRACE#:091000019495632 EED:240221   IND ID:518089424394518              IND NAME:AUDIO PUBLISHERS ASSOC TRN: 0529495632TC,ACH_CREDIT,"1,215.00","617,608.23",,0,,,
DEBIT,2/22/2024,Online Transfer to CHK ...7365 transaction#: 19936477651 02/22,ACCT_XFER,"-13,600.00","604,008.23",,0,,,
CREDIT,2/22/2024,ORIG CO NAME:BANKCARD-8566          ORIG ID:1592126793 DESC DATE:240221 CO ENTRY DESCR:MTOT DEP  SEC:CCD    TRACE#:091000019943481 EED:240222   IND ID:518089424394518              IND NAME:AUDIO PUBLISHERS ASSOC TRN: 0539943481TC,ACH_CREDIT,"2,295.00","606,303.23",,0,,,
CREDIT,2/23/2024,ORIG CO NAME:BANKCARD-8566          ORIG ID:1592126793 DESC DATE:240222 CO ENTRY DESCR:MTOT DEP  SEC:CCD    TRACE#:091000012479322 EED:240223   IND ID:518089424394518              IND NAME:AUDIO PUBLISHERS ASSOC TRN: 0542479322TC,ACH_CREDIT,"2,950.00","609,253.23",,0,,,
DEBIT,2/26/2024,ORIG CO NAME:BANKCARD-8566          ORIG ID:1592126793 DESC DATE:240225 CO ENTRY DESCR:MTOT DEP  SEC:CCD    TRACE#:091000016971801 EED:240226   IND ID:518089424394518              IND NAME:AUDIO PUBLISHERS ASSOC TRN: 0576971801TC,ACH_DEBIT,-150,"609,103.23",,0,,,
DEBIT,2/26/2024,Online Transfer to CHK ...7365 transaction#: 19974806128 02/26,ACCT_XFER,"-13,600.00","595,503.23",,0,,,
DEBIT,2/26/2024,CANVA* I04072-312286 HTTPSCANVA.CO DE        02/25,DEBIT_CARD,-14.99,"595,488.24",,0,,,
DEBIT,2/26/2024,GOBOMAN 951-6935100 CA                       02/23,DEBIT_CARD,-144.8,"595,343.44",,0,,,
DEBIT,2/26/2024,IN *RED CARPET SYSTEMS 310-4038817 CA        02/23,DEBIT_CARD,"-3,656.50","591,686.94",,0,,,
CREDIT,2/26/2024,ORIG CO NAME:BANKCARD-8566          ORIG ID:1592126793 DESC DATE:240225 CO ENTRY DESCR:MTOT DEP  SEC:CCD    TRACE#:091000016971800 EED:240226   IND ID:518089424394518              IND NAME:AUDIO PUBLISHERS ASSOC TRN: 0576971800TC,ACH_CREDIT,580,"592,266.94",,0,,,
CREDIT,2/26/2024,ORIG CO NAME:BANKCARD-8566          ORIG ID:1592126793 DESC DATE:240223 CO ENTRY DESCR:MTOT DEP  SEC:CCD    TRACE#:091000018357829 EED:240226   IND ID:518089424394518              IND NAME:AUDIO PUBLISHERS ASSOC TRN: 0578357829TC,ACH_CREDIT,"1,190.00","593,456.94",,0,,,
CREDIT,2/26/2024,ORIG CO NAME:BANKCARD-8566          ORIG ID:1592126793 DESC DATE:240225 CO ENTRY DESCR:MTOT DEP  SEC:CCD    TRACE#:091000016971799 EED:240226   IND ID:518089424394518              IND NAME:AUDIO PUBLISHERS ASSOC TRN: 0576971799TC,ACH_CREDIT,"2,770.00","596,226.94",,0,,,
DEBIT,2/27/2024,"THE EVENT HELPER, INC 530-477-6521 CA        02/26",DEBIT_CARD,-266,"595,960.94",,0,,,
CREDIT,2/27/2024,ORIG CO NAME:BANKCARD-8566          ORIG ID:1592126793 DESC DATE:240226 CO ENTRY DESCR:MTOT DEP  SEC:CCD    TRACE#:091000016331231 EED:240227   IND ID:518089424394518              IND NAME:AUDIO PUBLISHERS ASSOC TRN: 0586331231TC,ACH_CREDIT,480,"596,440.94",,0,,,
DEBIT,2/28/2024,ORIG CO NAME:RAYDIUS LLC            ORIG ID:9215986202 DESC DATE:240228 CO ENTRY DESCR:SALE      SEC:CCD    TRACE#:021000025579360 EED:240228   IND ID:                             IND NAME:AUDIO PUBLISHER ASSOCI TRN: 0595579360TC,ACH_DEBIT,"-6,120.45","590,320.49",,0,,,
DEBIT,2/28/2024,VMO*VIMEO.COM 848-359-5618 NY                02/27,DEBIT_CARD,-650.98,"589,669.51",,0,,,
CREDIT,2/28/2024,ORIG CO NAME:BANKCARD-8566          ORIG ID:1592126793 DESC DATE:240227 CO ENTRY DESCR:MTOT DEP  SEC:CCD    TRACE#:091000015209361 EED:240228   IND ID:518089424394518              IND NAME:AUDIO PUBLISHERS ASSOC TRN: 0595209361TC,ACH_CREDIT,"6,880.00","596,549.51",,0,,,
DEBIT,2/29/2024,Online ACH Payment 11124332171 To AvalonHotel (_######3073),ACH_PAYMENT,"-63,331.96","533,217.55",,0,,,
DEBIT,2/29/2024,ZOOM.US 888-799-9666 WWW.ZOOM.US CA          02/28,DEBIT_CARD,-92.17,"533,125.38",,0,,,
CREDIT,2/29/2024,ORIG CO NAME:BANKCARD-8566          ORIG ID:1592126793 DESC DATE:240228 CO ENTRY DESCR:MTOT DEP  SEC:CCD    TRACE#:091000017669249 EED:240229   IND ID:518089424394518              IND NAME:AUDIO PUBLISHERS ASSOC TRN: 0607669249TC,ACH_CREDIT,"5,550.00","538,675.38",,0,,,
DEBIT,3/1/2024,IN *RED CARPET SYSTEMS 310-4038817 CA        02/29,DEBIT_CARD,"-1,081.50","537,593.88",,0,,,
DEBIT,3/1/2024,JETBLUE     27944399328 8005382583 NY        03/01,DEBIT_CARD,-50,"537,543.88",,0,,,
DEBIT,3/1/2024,JETBLUE     27921472146 8005382583 NY        03/01,DEBIT_CARD,-423.09,"537,120.79",,0,,,
DEBIT,3/1/2024,GOOGLE *GSUITE_audio cc@google.com CA        03/01,DEBIT_CARD,-65.33,"537,055.46",,0,,,
DEBIT,3/1/2024,LINODE . AKAMAI 609-380-7100 MA              03/01,DEBIT_CARD,-34,"537,021.46",,0,,,
CREDIT,3/1/2024,ORIG CO NAME:BANKCARD-8566          ORIG ID:1592126793 DESC DATE:240229 CO ENTRY DESCR:MTOT DEP  SEC:CCD    TRACE#:091000019659127 EED:240301   IND ID:518089424394518              IND NAME:AUDIO PUBLISHERS ASSOC TRN: 0619659127TC,ACH_CREDIT,"2,645.00","539,666.46",,0,,,
DEBIT,3/4/2024,SHAREGRID.COM HTTPSWWW.SHAR CA               03/04,DEBIT_CARD,-28.05,"539,638.41",,0,,,
DEBIT,3/4/2024,Pond5 646-3500410 NY                         03/04,DEBIT_CARD,-10,"539,628.41",,0,,,
DEBIT,3/4/2024,Pond5 646-3500410 NY                         03/04,DEBIT_CARD,-15,"539,613.41",,0,,,
DEBIT,3/4/2024,JETBLUE     27944401613 8005382583 NY        03/04,DEBIT_CARD,-20,"539,593.41",,0,,,
DEBIT,3/4/2024,JETBLUE     27921475063 8005382583 NY        03/04,DEBIT_CARD,-48.01,"539,545.40",,0,,,
DEBIT,3/4/2024,SHAREGRID.COM HTTPSWWW.SHAR CA               03/04,DEBIT_CARD,-181.15,"539,364.25",,0,,,
DEBIT,3/4/2024,SHAREGRID.COM HTTPSWWW.SHAR CA               03/03,DEBIT_CARD,-92.03,"539,272.22",,0,,,
DEBIT,3/4/2024,SHAREGRID.COM HTTPSWWW.SHAR CA               03/03,DEBIT_CARD,-324.57,"538,947.65",,0,,,
DEBIT,3/4/2024,FEDEX OFFICE 800000836 800-4633339 TX        03/02,DEBIT_CARD,-6.23,"538,941.42",,0,,,
DEBIT,3/4/2024,FEDEX OFFICE 800000836 800-4633339 TX        03/02,DEBIT_CARD,-54.19,"538,887.23",,0,,,
DEBIT,3/4/2024,FEDEX OFFICE 800000836 800-4633339 TX        03/02,DEBIT_CARD,-58.77,"538,828.46",,0,,,
DEBIT,3/4/2024,FEDEX601827734 800-4633339 TN                03/03,DEBIT_CARD,-22.55,"538,805.91",,0,,,
DEBIT,3/4/2024,EIG*CONSTANTCONTACT.CO 855-2295506 MA        03/02,DEBIT_CARD,-157.87,"538,648.04",,0,,,
DEBIT,3/4/2024,AMZN Mktp US*RZ5ZA3A Amzn.com/bill WA        03/03,DEBIT_CARD,-20.3,"538,627.74",,0,,,
DEBIT,3/4/2024,ORIG CO NAME:BANKCARD-8566          ORIG ID:1592126793 DESC DATE:240229 CO ENTRY DESCR:MTOT DISC SEC:CCD    TRACE#:091000013330211 EED:240304   IND ID:518089424394518              IND NAME:AUDIO PUBLISHERS ASSOC TRN: 0643330211TC,ACH_DEBIT,"-4,909.30","533,718.44",,0,,,
DEBIT,3/4/2024,SHAREGRID.COM HTTPSWWW.SHAR CA               03/04,DEBIT_CARD,-24.41,"533,694.03",,0,,,
DEBIT,3/4/2024,AMZN Mktp US*RN7JO1E Amzn.com/bill WA        03/02,DEBIT_CARD,-27.21,"533,666.82",,0,,,
DEBIT,3/4/2024,AMZN Mktp US*RZ9718Z Amzn.com/bill WA        03/02,DEBIT_CARD,-40.46,"533,626.36",,0,,,
DEBIT,3/4/2024,SHAREGRID.COM HTTPSWWW.SHAR CA               03/04,DEBIT_CARD,-156.05,"533,470.31",,0,,,
CREDIT,3/4/2024,ORIG CO NAME:BANKCARD-8566          ORIG ID:1592126793 DESC DATE:240303 CO ENTRY DESCR:MTOT DEP  SEC:CCD    TRACE#:091000012857635 EED:240304   IND ID:518089424394518              IND NAME:AUDIO PUBLISHERS ASSOC TRN: 0642857635TC,ACH_CREDIT,400,"533,870.31",,0,,,
CREDIT,3/4/2024,ORIG CO NAME:BANKCARD-8566          ORIG ID:1592126793 DESC DATE:240301 CO ENTRY DESCR:MTOT DEP  SEC:CCD    TRACE#:091000013102694 EED:240304   IND ID:518089424394518              IND NAME:AUDIO PUBLISHERS ASSOC TRN: 0643102694TC,ACH_CREDIT,445,"534,315.31",,0,,,
CREDIT,3/4/2024,ORIG CO NAME:BANKCARD-8566          ORIG ID:1592126793 DESC DATE:240303 CO ENTRY DESCR:MTOT DEP  SEC:CCD    TRACE#:091000012857634 EED:240304   IND ID:518089424394518              IND NAME:AUDIO PUBLISHERS ASSOC TRN: 0642857634TC,ACH_CREDIT,"1,505.00","535,820.31",,0,,,
DEBIT,3/5/2024,FEDEX OFFICE 800000836 800-4633339 TX        03/04,DEBIT_CARD,-137.15,"535,683.16",,0,,,
CREDIT,3/5/2024,ORIG CO NAME:BANKCARD-8566          ORIG ID:1592126793 DESC DATE:240304 CO ENTRY DESCR:MTOT DEP  SEC:CCD    TRACE#:091000017272460 EED:240305   IND ID:518089424394518              IND NAME:AUDIO PUBLISHERS ASSOC TRN: 0657272460TC,ACH_CREDIT,165,"535,848.16",,0,,,
DEBIT,3/6/2024,SHAREGRID.COM HTTPSWWW.SHAR CA               03/05,DEBIT_CARD,-30.06,"535,818.10",,0,,,
DEBIT,3/6/2024,"ECAMM NETWORK, LLC 617-8301662 MA            03/05",DEBIT_CARD,-12.52,"535,805.58",,0,,,
DEBIT,3/6/2024,FEDEX601998178 800-4633339 TN                03/05,DEBIT_CARD,-586.02,"535,219.56",,0,,,
CREDIT,3/6/2024,ORIG CO NAME:BANKCARD-8566          ORIG ID:1592126793 DESC DATE:240305 CO ENTRY DESCR:MTOT DEP  SEC:CCD    TRACE#:091000015658800 EED:240306   IND ID:518089424394518              IND NAME:AUDIO PUBLISHERS ASSOC TRN: 0665658800TC,ACH_CREDIT,"2,260.00","537,479.56",,0,,,
CREDIT,3/7/2024,ORIG CO NAME:SPOTIFY ISO            ORIG ID:4284601835 DESC DATE:240307 CO ENTRY DESCR:PAYMENTS  SEC:CTX    TRACE#:021000027127389 EED:240307   IND ID:VBUS160328                   IND NAME:0008Audio Publishers TRN: 0677127389TC,ACH_CREDIT,230,"537,709.56",,0,,,
CREDIT,3/7/2024,ORIG CO NAME:BANKCARD-8566          ORIG ID:1592126793 DESC DATE:240306 CO ENTRY DESCR:MTOT DEP  SEC:CCD    TRACE#:091000018876983 EED:240307   IND ID:518089424394518              IND NAME:AUDIO PUBLISHERS ASSOC TRN: 0678876983TC,ACH_CREDIT,360,"538,069.56",,0,,,
CREDIT,3/7/2024,ORIG CO NAME:SPOTIFY ISO            ORIG ID:4284601835 DESC DATE:240307 CO ENTRY DESCR:PAYMENTS  SEC:CTX    TRACE#:021000027127371 EED:240307   IND ID:VBUS160473                   IND NAME:0008Audio Publishers TRN: 0677127371TC,ACH_CREDIT,"1,800.00","539,869.56",,0,,,
DEBIT,3/7/2024,JETBLUE     27904917209 8005382583 NY        03/07,DEBIT_CARD,20,"539,889.56",,0,,,
DEBIT,3/8/2024,"ONLINE DOMESTIC WIRE TRANSFER VIA: CITIZENS BANK, NA/011500120 A/C: ABA/211070175 FAIRHAVEN MA US BEN: FORTE BUSINESS CONSULTING PROVIDENCE RI 02908 US REF: 2277 IMAD: 0308MMQFMP2K022036 TRN: 3424894068ES 03/08",WIRE_OUTGOING,"-23,237.40","516,652.16",,0,,,
DEBIT,3/8/2024,"ONLINE DOMESTIC WIRE TRANSFER VIA: CITIZENS BANK, NA/011500120 A/C: ABA/211070175 FAIRHAVEN MA US BEN: FORTE BUSINESS CONSULTING PROVIDENCE RI 02908 US REF: 2258 IMAD: 0308MMQFMP2M022189 TRN: 3424844068ES 03/08",WIRE_OUTGOING,"-49,383.22","467,268.94",,0,,,
CREDIT,3/8/2024,ORIG CO NAME:BANKCARD-8566          ORIG ID:1592126793 DESC DATE:240307 CO ENTRY DESCR:MTOT DEP  SEC:CCD    TRACE#:091000015221114 EED:240308   IND ID:518089424394518              IND NAME:AUDIO PUBLISHERS ASSOC TRN: 0685221114TC,ACH_CREDIT,195,"467,463.94",,0,,,
DEBIT,3/11/2024,INTUIT *QBooks Onlin CL.INTUIT.COM CA        03/10,DEBIT_CARD,-217.75,"467,246.19",,0,,,
CREDIT,3/11/2024,ORIG CO NAME:BANKCARD-8566          ORIG ID:1592126793 DESC DATE:240308 CO ENTRY DESCR:MTOT DEP  SEC:CCD    TRACE#:091000011731744 EED:240311   IND ID:518089424394518              IND NAME:AUDIO PUBLISHERS ASSOC TRN: 0711731744TC,ACH_CREDIT,85,"467,331.19",,0,,,
CREDIT,3/11/2024,ORIG CO NAME:BANKCARD-8566          ORIG ID:1592126793 DESC DATE:240310 CO ENTRY DESCR:MTOT DEP  SEC:CCD    TRACE#:091000012395320 EED:240311   IND ID:518089424394518              IND NAME:AUDIO PUBLISHERS ASSOC TRN: 0712395320TC,ACH_CREDIT,165,"467,496.19",,0,,,
CREDIT,3/11/2024,ORIG CO NAME:BANKCARD-8566          ORIG ID:1592126793 DESC DATE:240310 CO ENTRY DESCR:MTOT DEP  SEC:CCD    TRACE#:091000012395319 EED:240311   IND ID:518089424394518              IND NAME:AUDIO PUBLISHERS ASSOC TRN: 0712395319TC,ACH_CREDIT,495,"467,991.19",,0,,,
CREDIT,3/12/2024,ORIG CO NAME:BANKCARD-8566          ORIG ID:1592126793 DESC DATE:240311 CO ENTRY DESCR:MTOT DEP  SEC:CCD    TRACE#:091000012478824 EED:240312   IND ID:518089424394518              IND NAME:AUDIO PUBLISHERS ASSOC TRN: 0722478824TC,ACH_CREDIT,255,"468,246.19",,0,,,
CREDIT,3/13/2024,ORIG CO NAME:BANKCARD-8566          ORIG ID:1592126793 DESC DATE:240312 CO ENTRY DESCR:MTOT DEP  SEC:CCD    TRACE#:091000014103676 EED:240313   IND ID:518089424394518              IND NAME:AUDIO PUBLISHERS ASSOC TRN: 0734103676TC,ACH_CREDIT,330,"468,576.19",,0,,,
DEBIT,3/14/2024,Zelle payment to Hinmanuel Mendez 20154230900,QUICKPAY_DEBIT,-106,"468,470.19",,0,,,
DEBIT,3/14/2024,ONLINE DOMESTIC WIRE TRANSFER VIA: BANGOR SVGS BK/211274382 A/C: AUDIOFILE PUBLICATIONS PORTLAND ME 04101 US REF: 103391/BNF/103391 IMAD: 0314MMQFMP2K015645 TRN: 3226024074ES 03/14,WIRE_OUTGOING,"-17,000.00","451,470.19",,0,,,
DEBIT,3/14/2024,ORIG CO NAME:FYM AGENCY LLC         ORIG ID:9215986202 DESC DATE:240314 CO ENTRY DESCR:SALE      SEC:CCD    TRACE#:021000027088826 EED:240314   IND ID:                             IND NAME:AUDIO PUBLISHERS ASSOC TRN: 0747088826TC,ACH_DEBIT,"-1,330.00","450,140.19",,0,,,
DEBIT,3/15/2024,ONLINE DOMESTIC WIRE TRANSFER VIA: KEYBANK ALBANY/021300077 A/C: PIER SIXTY LLC NYC NY 10011 US REF: 2025 AUDIES/BNF/2025 AUDIES IMAD: 0315MMQFMP2K034451 TRN: 3763244075ES 03/15,WIRE_OUTGOING,"-41,000.00","409,140.19",,0,,,
DEBIT,3/15/2024,Online Transfer to CHK ...7365 transaction#: 20169819083 03/15,ACCT_XFER,"-13,600.00","395,540.19",,0,,,
DEBIT,3/15/2024,ZOOM.US 888-799-9666 WWW.ZOOM.US CA          03/15,DEBIT_CARD,-327.5,"395,212.69",,0,,,
DEBIT,3/15/2024,ZOOM.US 888-799-9666 WWW.ZOOM.US CA          03/15,DEBIT_CARD,-16.37,"395,196.32",,0,,,
CREDIT,3/15/2024,ORIG CO NAME:BANKCARD-8566          ORIG ID:1592126793 DESC DATE:240314 CO ENTRY DESCR:MTOT DEP  SEC:CCD    TRACE#:091000017422966 EED:240315   IND ID:518089424394518              IND NAME:AUDIO PUBLISHERS ASSOC TRN: 0757422966TC,ACH_CREDIT,220,"395,416.32",,0,,,
DEBIT,3/18/2024,GOOGLE *Google Storag 855-836-3987 CA        03/17,DEBIT_CARD,-10.88,"395,405.44",,0,,,
CREDIT,3/18/2024,ORIG CO NAME:BANKCARD-8566          ORIG ID:1592126793 DESC DATE:240315 CO ENTRY DESCR:MTOT DEP  SEC:CCD    TRACE#:091000012563850 EED:240318   IND ID:518089424394518              IND NAME:AUDIO PUBLISHERS ASSOC TRN: 0782563850TC,ACH_CREDIT,600,"396,005.44",,0,,,
CREDIT,3/18/2024,ORIG CO NAME:BANKCARD-8566          ORIG ID:1592126793 DESC DATE:240317 CO ENTRY DESCR:MTOT DEP  SEC:CCD    TRACE#:091000019371192 EED:240318   IND ID:518089424394518              IND NAME:AUDIO PUBLISHERS ASSOC TRN: 0789371192TC,ACH_CREDIT,835,"396,840.44",,0,,,
DEBIT,3/19/2024,Online ACH Payment 11126122723 To AvalonHotel (_######3073),ACH_PAYMENT,"-3,500.00","393,340.44",,0,,,
DEBIT,3/19/2024,"Zelle payment to Janet Benson, Inc. 20202792446",QUICKPAY_DEBIT,-914.52,"392,425.92",,0,,,
CREDIT,3/19/2024,ORIG CO NAME:BANKCARD-8566          ORIG ID:1592126793 DESC DATE:240318 CO ENTRY DESCR:MTOT DEP  SEC:CCD    TRACE#:091000013222287 EED:240319   IND ID:518089424394518              IND NAME:AUDIO PUBLISHERS ASSOC TRN: 0793222287TC,ACH_CREDIT,165,"392,590.92",,0,,,
DEBIT,3/20/2024,MARCO Promotional Produ Oshkosh WI           03/19,DEBIT_CARD,-597.5,"391,993.42",,0,,,
CREDIT,3/20/2024,ORIG CO NAME:BANKCARD-8566          ORIG ID:1592126793 DESC DATE:240319 CO ENTRY DESCR:MTOT DEP  SEC:CCD    TRACE#:091000015518212 EED:240320   IND ID:518089424394518              IND NAME:AUDIO PUBLISHERS ASSOC TRN: 0805518212TC,ACH_CREDIT,660,"392,653.42",,0,,,
DEBIT,3/21/2024,REATTENDANCE LTD BANBURY                     03/20,DEBIT_CARD,-109,"392,544.42",,0,,,
CREDIT,3/21/2024,ORIG CO NAME:SPOTIFY ISO            ORIG ID:4284601835 DESC DATE:240321 CO ENTRY DESCR:PAYMENTS  SEC:CTX    TRACE#:021000021517525 EED:240321   IND ID:VBUS160533                   IND NAME:0008Audio Publishers TRN: 0811517525TC,ACH_CREDIT,115,"392,659.42",,0,,,
CREDIT,3/22/2024,ORIG CO NAME:BANKCARD-8566          ORIG ID:1592126793 DESC DATE:240321 CO ENTRY DESCR:MTOT DEP  SEC:CCD    TRACE#:091000019297814 EED:240322   IND ID:518089424394518              IND NAME:AUDIO PUBLISHERS ASSOC TRN: 0829297814TC,ACH_CREDIT,165,"392,824.42",,0,,,
DEBIT,3/25/2024,FEDEX603578522 800-4633339 TN                03/22,DEBIT_CARD,-29.39,"392,795.03",,0,,,
CREDIT,3/25/2024,ORIG CO NAME:BANKCARD-8566          ORIG ID:1592126793 DESC DATE:240324 CO ENTRY DESCR:MTOT DEP  SEC:CCD    TRACE#:091000013587300 EED:240325   IND ID:518089424394518              IND NAME:AUDIO PUBLISHERS ASSOC TRN: 0853587300TC,ACH_CREDIT,165,"392,960.03",,0,,,
CREDIT,3/25/2024,ORIG CO NAME:BANKCARD-8566          ORIG ID:1592126793 DESC DATE:240322 CO ENTRY DESCR:MTOT DEP  SEC:CCD    TRACE#:091000013927997 EED:240325   IND ID:518089424394518              IND NAME:AUDIO PUBLISHERS ASSOC TRN: 0853927997TC,ACH_CREDIT,300,"393,260.03",,0,,,
CREDIT,3/26/2024,ORIG CO NAME:BANKCARD-8566          ORIG ID:1592126793 DESC DATE:240325 CO ENTRY DESCR:MTOT DEP  SEC:CCD    TRACE#:091000011962926 EED:240326   IND ID:518089424394518              IND NAME:AUDIO PUBLISHERS ASSOC TRN: 0861962926TC,ACH_CREDIT,165,"393,425.03",,0,,,
DEBIT,3/27/2024,FEDEX603789079 800-4633339 TN                03/26,DEBIT_CARD,"-1,508.89","391,916.14",,0,,,
CREDIT,3/27/2024,ORIG CO NAME:BANKCARD-8566          ORIG ID:1592126793 DESC DATE:240326 CO ENTRY DESCR:MTOT DEP  SEC:CCD    TRACE#:091000014002109 EED:240327   IND ID:518089424394518              IND NAME:AUDIO PUBLISHERS ASSOC TRN: 0874002109TC,ACH_CREDIT,390,"392,306.14",,0,,,
CREDIT,3/29/2024,ORIG CO NAME:BANKCARD-8566          ORIG ID:1592126793 DESC DATE:240328 CO ENTRY DESCR:MTOT DEP  SEC:CCD    TRACE#:091000011947700 EED:240329   IND ID:518089424394518              IND NAME:AUDIO PUBLISHERS ASSOC TRN: 0891947700TC,ACH_CREDIT,165,"392,471.14",,0,,,
DEBIT,4/1/2024,Online Payment 20305054708 To Nia Vardalos Party Rentals 04/01,BILLPAY,"-36,500.00","355,971.14",,0,,,
DEBIT,4/1/2024,LINODE . AKAMAI 609-380-7100 MA              04/01,DEBIT_CARD,-34,"355,937.14",,0,,,
DEBIT,4/1/2024,GOOGLE *GSUITE_audio cc@google.com CA        04/01,DEBIT_CARD,-70.38,"355,866.76",,0,,,
DEBIT,4/2/2024,Zelle payment to Jack Kendrick 2 20345529346,QUICKPAY_DEBIT,"-1,295.00","354,571.76",,0,,,
DEBIT,4/2/2024,ORIG CO NAME:BANKCARD-8566          ORIG ID:1592126793 DESC DATE:240331 CO ENTRY DESCR:MTOT DISC SEC:CCD    TRACE#:091000018861753 EED:240402   IND ID:518089424394518              IND NAME:AUDIO PUBLISHERS ASSOC TRN: 0938861753TC,ACH_DEBIT,-527.14,"354,044.62",,0,,,
DEBIT,4/3/2024,SERVICE CHARGES FOR THE MONTH OF MARCH,FEE_TRANSACTION,-175,"353,869.62",,0,,,
DEBIT,4/3/2024,EIG*CONSTANTCONTACT.CO 855-2295506 MA        04/02,DEBIT_CARD,-157.87,"353,711.75",,0,,,
DEBIT,4/3/2024,FEDEX604449959 800-4633339 TN                04/02,DEBIT_CARD,-85.79,"353,625.96",,0,,,
CREDIT,4/3/2024,ORIG CO NAME:BANKCARD-8566          ORIG ID:1592126793 DESC DATE:240402 CO ENTRY DESCR:BTOT DEP  SEC:CCD    TRACE#:091000014291426 EED:240403   IND ID:518089424394518              IND NAME:AUDIO PUBLISHERS ASSOC TRN: 0944291426TC,ACH_CREDIT,165,"353,790.96",,0,,,
CREDIT,4/4/2024,ORIG CO NAME:BANKCARD-8566          ORIG ID:1592126793 DESC DATE:240403 CO ENTRY DESCR:MTOT DEP  SEC:CCD    TRACE#:091000013002382 EED:240404   IND ID:518089424394518              IND NAME:AUDIO PUBLISHERS ASSOC TRN: 0953002382TC,ACH_CREDIT,412.5,"354,203.46",,0,,,
DEBIT,4/5/2024,Online ACH Payment 11127942629 To AudioFilePublications (_######5920),ACH_PAYMENT,"-3,740.00","350,463.46",,0,,,
DEBIT,4/5/2024,Online Transfer to CHK ...7365 transaction#: 20380151488 04/05,ACCT_XFER,-600,"349,863.46",,0,,,
DEBIT,4/5/2024,Same-Day ACH Payment 11127919035 to EdisonAudioMetricsLLC (_######2653),ACH_PAYMENT,"-21,750.00","328,113.46",,0,,,
DEBIT,4/8/2024,Zelle payment to Tara Duffy JPM99af66jq4,CHASE_TO_PARTNERFI,"-2,170.00","325,943.46",,0,,,
DEBIT,4/8/2024,FEDEX605102281 800-4633339 TN                04/07,DEBIT_CARD,-379.74,"325,563.72",,0,,,
CREDIT,4/8/2024,ORIG CO NAME:BANKCARD-8566          ORIG ID:1592126793 DESC DATE:240405 CO ENTRY DESCR:MTOT DEP  SEC:CCD    TRACE#:091000012539048 EED:240408   IND ID:518089424394518              IND NAME:AUDIO PUBLISHERS ASSOC TRN: 0992539048TC,ACH_CREDIT,123.75,"325,687.47",,0,,,
CREDIT,4/8/2024,Online Transfer from CHK ...7365 transaction#: 20408008426,ACCT_XFER,300,"325,987.47",,0,,,
CREDIT,4/8/2024,Online Transfer from CHK ...7365 transaction#: 20408000983,ACCT_XFER,400,"326,387.47",,0,,,
CREDIT,4/8/2024,Online Transfer from CHK ...7365 transaction#: 20408044775,ACCT_XFER,"4,125.00","330,512.47",,0,,,
DSLIP,4/8/2024,REMOTE ONLINE DEPOSIT #          1,CHECK_DEPOSIT,230,"330,742.47",,0,,,
DSLIP,4/8/2024,REMOTE ONLINE DEPOSIT #          1,CHECK_DEPOSIT,300,"331,042.47",,0,,,
DSLIP,4/8/2024,REMOTE ONLINE DEPOSIT #          1,CHECK_DEPOSIT,920,"331,962.47",,0,,,
DSLIP,4/8/2024,REMOTE ONLINE DEPOSIT #          1,CHECK_DEPOSIT,"1,200.00","333,162.47",,0,,,
DSLIP,4/8/2024,REMOTE ONLINE DEPOSIT #          1,CHECK_DEPOSIT,"1,850.00","335,012.47",,0,,,
DSLIP,4/8/2024,REMOTE ONLINE DEPOSIT #          1,CHECK_DEPOSIT,"3,600.00","338,612.47",,0,,,
DEBIT,4/10/2024,INTUIT *QBooks Onlin CL.INTUIT.COM CA        04/10,DEBIT_CARD,-217.75,"338,394.72",,0,,,
DEBIT,4/12/2024,Zelle payment to Emma Harris JPM99afd36m5,CHASE_TO_PARTNERFI,-531.48,"337,863.24",,0,,,
DEBIT,4/12/2024,GIFTOGRAM 973-7811020 NJ                     04/11,DEBIT_CARD,-5,"337,858.24",,0,,,
DEBIT,4/12/2024,CRISTAUX INTERNATIONA 312-778-8800 IL        04/11,DEBIT_CARD,-41.45,"337,816.79",,0,,,
CREDIT,4/12/2024,ORIG CO NAME:BANKCARD-8566          ORIG ID:1592126793 DESC DATE:240411 CO ENTRY DESCR:MTOT DEP  SEC:CCD    TRACE#:091000019654986 EED:240412   IND ID:518089424394518              IND NAME:AUDIO PUBLISHERS ASSOC TRN: 1039654986TC,ACH_CREDIT,123.75,"337,940.54",,0,,,
DEBIT,4/15/2024,GIFTOGRAM 973-7811020 NJ                     04/12,DEBIT_CARD,"-1,950.00","335,990.54",,0,,,
CREDIT,4/15/2024,ORIG CO NAME:BANKCARD-8566          ORIG ID:1592126793 DESC DATE:240412 CO ENTRY DESCR:MTOT DEP  SEC:CCD    TRACE#:091000014878249 EED:240415   IND ID:518089424394518              IND NAME:AUDIO PUBLISHERS ASSOC TRN: 1064878249TC,ACH_CREDIT,292.5,"336,283.04",,0,,,
DEBIT,4/16/2024,ZOOM.US 888-799-9666 WWW.ZOOM.US CA          04/15,DEBIT_CARD,-16.37,"336,266.67",,0,,,
CREDIT,4/16/2024,ORIG CO NAME:Chicago Review P       ORIG ID:9362812923 DESC DATE:       CO ENTRY DESCR:AchBatch  SEC:CCD    TRACE#:071001505268929 EED:240416   IND ID:1590627                      IND NAME:Audio Publishers Assoc TRN: 1065268929TC,ACH_CREDIT,300,"336,566.67",,0,,,
DEBIT,4/17/2024,FEDEX605900426 800-4633339 TN                04/16,DEBIT_CARD,-39.34,"336,527.33",,0,,,
CREDIT,4/17/2024,ORIG CO NAME:BANKCARD-8566          ORIG ID:1592126793 DESC DATE:240416 CO ENTRY DESCR:MTOT DEP  SEC:CCD    TRACE#:091000019808545 EED:240417   IND ID:518089424394518              IND NAME:AUDIO PUBLISHERS ASSOC TRN: 1089808545TC,ACH_CREDIT,288.75,"336,816.08",,0,,,
DEBIT,4/18/2024,GOOGLE *Google Storag 855-836-3987 CA        04/17,DEBIT_CARD,-10.88,"336,805.20",,0,,,
CREDIT,4/18/2024,ORIG CO NAME:BANKCARD-8566          ORIG ID:1592126793 DESC DATE:240417 CO ENTRY DESCR:MTOT DEP  SEC:CCD    TRACE#:091000013165692 EED:240418   IND ID:518089424394518              IND NAME:AUDIO PUBLISHERS ASSOC TRN: 1093165692TC,ACH_CREDIT,165,"336,970.20",,0,,,
CREDIT,4/19/2024,ORIG CO NAME:BANKCARD-8566          ORIG ID:1592126793 DESC DATE:240418 CO ENTRY DESCR:MTOT DEP  SEC:CCD    TRACE#:091000015429000 EED:240419   IND ID:518089424394518              IND NAME:AUDIO PUBLISHERS ASSOC TRN: 1105429000TC,ACH_CREDIT,160,"337,130.20",,0,,,
DEBIT,4/22/2024,REATTENDANCE LTD BANBURY                     04/20,DEBIT_CARD,-109,"337,021.20",,0,,,
CREDIT,4/22/2024,ORIG CO NAME:BANKCARD-8566          ORIG ID:1592126793 DESC DATE:240419 CO ENTRY DESCR:MTOT DEP  SEC:CCD    TRACE#:091000018695946 EED:240422   IND ID:518089424394518              IND NAME:AUDIO PUBLISHERS ASSOC TRN: 1138695946TC,ACH_CREDIT,80,"337,101.20",,0,,,
DEBIT,4/24/2024,FEDEX606526829 800-4633339 TN                04/23,DEBIT_CARD,-25.15,"337,076.05",,0,,,
CREDIT,4/24/2024,ORIG CO NAME:BANKCARD-8566          ORIG ID:1592126793 DESC DATE:240423 CO ENTRY DESCR:MTOT DEP  SEC:CCD    TRACE#:091000015527344 EED:240424   IND ID:518089424394518              IND NAME:AUDIO PUBLISHERS ASSOC TRN: 1155527344TC,ACH_CREDIT,"1,888.75","338,964.80",,0,,,
CREDIT,4/25/2024,ORIG CO NAME:BANKCARD-8566          ORIG ID:1592126793 DESC DATE:240424 CO ENTRY DESCR:MTOT DEP  SEC:CCD    TRACE#:091000015540828 EED:240425   IND ID:518089424394518              IND NAME:AUDIO PUBLISHERS ASSOC TRN: 1165540828TC,ACH_CREDIT,327.5,"339,292.30",,0,,,
CREDIT,4/26/2024,ORIG CO NAME:Bill.com               ORIG ID:2204895317 DESC DATE:       CO ENTRY DESCR:ACCTVERIFYSEC:CCD    TRACE#:021000028789521 EED:240426   IND ID:025TLYIXTOVO7P6              IND NAME:Audio Publishers Assoc TRN: 1178789521TC,ACH_CREDIT,0.01,"339,292.31",,0,,,
CREDIT,4/26/2024,Online Transfer from CHK ...7365 transaction#: 20581596601,ACCT_XFER,"1,375.00","340,667.31",,0,,,
CREDIT,4/26/2024,ORIG CO NAME:BANKCARD-8566          ORIG ID:1592126793 DESC DATE:240425 CO ENTRY DESCR:MTOT DEP  SEC:CCD    TRACE#:091000018789519 EED:240426   IND ID:518089424394518              IND NAME:AUDIO PUBLISHERS ASSOC TRN: 1178789519TC,ACH_CREDIT,"3,772.50","344,439.81",,0,,,
DEBIT,4/29/2024,ORIG CO NAME:GRANITE INSURANC       ORIG ID:2472319830 DESC DATE:240426 CO ENTRY DESCR:PAYMENTS  SEC:CCD    TRACE#:104000012757460 EED:240429   IND ID:17575772                     IND NAME:JOANNA LASKAS TRN: 1202757460TC,ACH_DEBIT,"-1,124.13","343,315.68",,0,,,
CREDIT,4/29/2024,ORIG CO NAME:BANKCARD-8566          ORIG ID:1592126793 DESC DATE:240428 CO ENTRY DESCR:MTOT DEP  SEC:CCD    TRACE#:091000017197472 EED:240429   IND ID:518089424394518              IND NAME:AUDIO PUBLISHERS ASSOC TRN: 1207197472TC,ACH_CREDIT,123.75,"343,439.43",,0,,,
CREDIT,4/29/2024,ORIG CO NAME:BANKCARD-8566          ORIG ID:1592126793 DESC DATE:240426 CO ENTRY DESCR:MTOT DEP  SEC:CCD    TRACE#:091000017197470 EED:240429   IND ID:518089424394518              IND NAME:AUDIO PUBLISHERS ASSOC TRN: 1207197470TC,ACH_CREDIT,160,"343,599.43",,0,,,
CREDIT,4/29/2024,ORIG CO NAME:BANKCARD-8566          ORIG ID:1592126793 DESC DATE:240428 CO ENTRY DESCR:MTOT DEP  SEC:CCD    TRACE#:091000017197473 EED:240429   IND ID:518089424394518              IND NAME:AUDIO PUBLISHERS ASSOC TRN: 1207197473TC,ACH_CREDIT,327.5,"343,926.93",,0,,,
DEBIT,4/30/2024,Zelle payment to Marlaine Reiner JPM99aganbzd,CHASE_TO_PARTNERFI,-650,"343,276.93",,0,,,
DEBIT,4/30/2024,Online ACH Payment 11130268019 To ShutterstockInc (_########4311),ACH_PAYMENT,"-3,000.00","340,276.93",,0,,,
CREDIT,4/30/2024,ORIG CO NAME:BANKCARD-8566          ORIG ID:1592126793 DESC DATE:240429 CO ENTRY DESCR:MTOT DEP  SEC:CCD    TRACE#:091000015907396 EED:240430   IND ID:518089424394518              IND NAME:AUDIO PUBLISHERS ASSOC TRN: 1215907396TC,ACH_CREDIT,123.75,"340,400.68",,0,,,
DSLIP,4/30/2024,REMOTE ONLINE DEPOSIT #          1,CHECK_DEPOSIT,"5,500.00","345,900.68",,0,,,
DEBIT,5/1/2024,GOOGLE *GSUITE_audio cc@google.com CA        05/01,DEBIT_CARD,-78.39,"345,822.29",,0,,,
DEBIT,5/1/2024,LINODE . AKAMAI 609-380-7100 MA              05/01,DEBIT_CARD,-34,"345,788.29",,0,,,
CREDIT,5/1/2024,ORIG CO NAME:BANKCARD-8566          ORIG ID:1592126793 DESC DATE:240430 CO ENTRY DESCR:MTOT DEP  SEC:CCD    TRACE#:091000010740155 EED:240501   IND ID:518089424394518              IND NAME:AUDIO PUBLISHERS ASSOC TRN: 1220740155TC,ACH_CREDIT,247.5,"346,035.79",,0,,,
DEBIT,5/2/2024,ORIG CO NAME:BANKCARD-8566          ORIG ID:1592126793 DESC DATE:240430 CO ENTRY DESCR:MTOT DISC SEC:CCD    TRACE#:091000018733489 EED:240502   IND ID:518089424394518              IND NAME:AUDIO PUBLISHERS ASSOC TRN: 1238733489TC,ACH_DEBIT,-424.17,"345,611.62",,0,,,
CREDIT,5/2/2024,ORIG CO NAME:BANKCARD-8566          ORIG ID:1592126793 DESC DATE:240501 CO ENTRY DESCR:MTOT DEP  SEC:CCD    TRACE#:091000016620208 EED:240502   IND ID:518089424394518              IND NAME:AUDIO PUBLISHERS ASSOC TRN: 1236620208TC,ACH_CREDIT,618.75,"346,230.37",,0,,,
CREDIT,5/2/2024,ORIG CO NAME:SPOTIFY ISO            ORIG ID:4284601835 DESC DATE:240502 CO ENTRY DESCR:PAYMENTS  SEC:CTX    TRACE#:021000024846379 EED:240502   IND ID:VBUS165177                   IND NAME:0008Audio Publishers TRN: 1234846379TC,ACH_CREDIT,"5,500.00","351,730.37",,0,,,
DEBIT,5/3/2024,SERVICE CHARGES FOR THE MONTH OF APRIL,FEE_TRANSACTION,-170,"351,560.37",,0,,,
DEBIT,5/3/2024,EIG*CONSTANTCONTACT.CO 855-2295506 MA        05/02,DEBIT_CARD,-157.87,"351,402.50",,0,,,
DEBIT,5/6/2024,Online Payment 20695568518 To KLS Worldwide Chauffeured Services 05/06,BILLPAY,"-3,201.76","348,200.74",,0,,,
DEBIT,5/6/2024,Online ACH Payment 11130876584 To MicheleCobb (_######6800),ACH_PAYMENT,"-12,295.73","335,905.01",,0,,,
DEBIT,5/6/2024,Online ACH Payment 11130870555 To BaileyDuquette (_######9908),ACH_PAYMENT,"-7,500.00","328,405.01",,0,,,
CREDIT,5/6/2024,ORIG CO NAME:BANKCARD-8566          ORIG ID:1592126793 DESC DATE:240505 CO ENTRY DESCR:MTOT DEP  SEC:CCD    TRACE#:091000013804900 EED:240506   IND ID:518089424394518              IND NAME:AUDIO PUBLISHERS ASSOC TRN: 1273804900TC,ACH_CREDIT,123.75,"328,528.76",,0,,,
CREDIT,5/6/2024,ORIG CO NAME:BANKCARD-8566          ORIG ID:1592126793 DESC DATE:240505 CO ENTRY DESCR:MTOT DEP  SEC:CCD    TRACE#:091000013804899 EED:240506   IND ID:518089424394518              IND NAME:AUDIO PUBLISHERS ASSOC TRN: 1273804899TC,ACH_CREDIT,327.5,"328,856.26",,0,,,
CREDIT,5/6/2024,ORIG CO NAME:BANKCARD-8566          ORIG ID:1592126793 DESC DATE:240503 CO ENTRY DESCR:MTOT DEP  SEC:CCD    TRACE#:091000013804902 EED:240506   IND ID:518089424394518              IND NAME:AUDIO PUBLISHERS ASSOC TRN: 1273804902TC,ACH_CREDIT,390,"329,246.26",,0,,,
DEBIT,5/7/2024,Online ACH Payment 11130959304 To OpenWater (_#####7501),ACH_PAYMENT,"-11,704.07","317,542.19",,0,,,
DEBIT,5/7/2024,ORIG CO NAME:LA TELEPROMPTER        ORIG ID:9215986202 DESC DATE:240507 CO ENTRY DESCR:SALE      SEC:CCD    TRACE#:021000020788516 EED:240507   IND ID:                             IND NAME:AUDIO PUBLISHERS ASSOC TRN: 1280788516TC,ACH_DEBIT,"-1,850.00","315,692.19",,0,,,
DEBIT,5/7/2024,Online ACH Payment 11130968257 To EdisonAudioMetricsLLC (_######2653),ACH_PAYMENT,"-21,750.00","293,942.19",,0,,,
DEBIT,5/7/2024,Online ACH Payment 11130968060 To BaileyDuquette (_######9908),ACH_PAYMENT,-625,"293,317.19",,0,,,
DEBIT,5/7/2024,Online Payment 20703682018 To THE WALL GROUP LA 05/07,BILLPAY,-500,"292,817.19",,0,,,
DEBIT,5/7/2024,Online ACH Payment 11130958567 To TheSamonteGroup (_######0176),ACH_PAYMENT,"-35,075.04","257,742.15",,0,,,
DEBIT,5/7/2024,REATTENDANCE LTD BANBURY                     05/06,DEBIT_CARD,-679.33,"257,062.82",,0,,,
CREDIT,5/7/2024,ORIG CO NAME:BANKCARD-8566          ORIG ID:1592126793 DESC DATE:240506 CO ENTRY DESCR:MTOT DEP  SEC:CCD    TRACE#:091000014286682 EED:240507   IND ID:518089424394518              IND NAME:AUDIO PUBLISHERS ASSOC TRN: 1284286682TC,ACH_CREDIT,80,"257,142.82",,0,,,
CREDIT,5/7/2024,ORIG CO NAME:SPOTIFY ISO            ORIG ID:4284601835 DESC DATE:240507 CO ENTRY DESCR:PAYMENTS  SEC:CTX    TRACE#:021000026106421 EED:240507   IND ID:VBUS165463                   IND NAME:0008Audio Publishers TRN: 1286106421TC,ACH_CREDIT,240,"257,382.82",,0,,,
DEBIT,5/8/2024,CRISTAUX INTERNATIONA 312-778-8800 IL        05/07,DEBIT_CARD,"-5,067.65","252,315.17",,0,,,
CREDIT,5/8/2024,ORIG CO NAME:BANKCARD-8566          ORIG ID:1592126793 DESC DATE:240507 CO ENTRY DESCR:MTOT DEP  SEC:CCD    TRACE#:091000018262633 EED:240508   IND ID:518089424394518              IND NAME:AUDIO PUBLISHERS ASSOC TRN: 1298262633TC,ACH_CREDIT,80,"252,395.17",,0,,,
CREDIT,5/9/2024,ORIG CO NAME:BANKCARD-8566          ORIG ID:1592126793 DESC DATE:240508 CO ENTRY DESCR:MTOT DEP  SEC:CCD    TRACE#:091000019115383 EED:240509   IND ID:518089424394518              IND NAME:AUDIO PUBLISHERS ASSOC TRN: 1309115383TC,ACH_CREDIT,123.75,"252,518.92",,0,,,
DEBIT,5/10/2024,Online Transfer to CHK ...7365 transaction#: 20740551585 05/10,ACCT_XFER,"-1,000.21","251,518.71",,0,,,
DEBIT,5/10/2024,Online Transfer to CHK ...7365 transaction#: 20740517135 05/10,ACCT_XFER,"-13,600.00","237,918.71",,0,,,
DEBIT,5/10/2024,INTUIT *QBooks Onlin CL.INTUIT.COM CA        05/10,DEBIT_CARD,-217.75,"237,700.96",,0,,,
CREDIT,5/10/2024,ORIG CO NAME:BANKCARD-8566          ORIG ID:1592126793 DESC DATE:240509 CO ENTRY DESCR:MTOT DEP  SEC:CCD    TRACE#:091000013650434 EED:240510   IND ID:518089424394518              IND NAME:AUDIO PUBLISHERS ASSOC TRN: 1313650434TC,ACH_CREDIT,410,"238,110.96",,0,,,
DEBIT,5/13/2024,WEB*NETWORKSOLUTIONS 888-6429675 FL          05/11,DEBIT_CARD,-50.97,"238,059.99",,0,,,
CREDIT,5/13/2024,ORIG CO NAME:BANKCARD-8566          ORIG ID:1592126793 DESC DATE:240512 CO ENTRY DESCR:MTOT DEP  SEC:CCD    TRACE#:091000016327607 EED:240513   IND ID:518089424394518              IND NAME:AUDIO PUBLISHERS ASSOC TRN: 1346327607TC,ACH_CREDIT,80,"238,139.99",,0,,,
CREDIT,5/13/2024,ORIG CO NAME:BANKCARD-8566          ORIG ID:1592126793 DESC DATE:240512 CO ENTRY DESCR:MTOT DEP  SEC:CCD    TRACE#:091000016327606 EED:240513   IND ID:518089424394518              IND NAME:AUDIO PUBLISHERS ASSOC TRN: 1346327606TC,ACH_CREDIT,123.75,"238,263.74",,0,,,
CREDIT,5/15/2024,Online Transfer from CHK ...7851 transaction#: 20790499578,ACCT_XFER,"1,870.89","240,134.63",,0,,,
DEBIT,5/16/2024,ZOOM.US 888-799-9666 WWW.ZOOM.US CA          05/15,DEBIT_CARD,-16.37,"240,118.26",,0,,,
CREDIT,5/16/2024,ORIG CO NAME:BANKCARD-8566          ORIG ID:1592126793 DESC DATE:240515 CO ENTRY DESCR:MTOT DEP  SEC:CCD    TRACE#:091000011315645 EED:240516   IND ID:518089424394518              IND NAME:AUDIO PUBLISHERS ASSOC TRN: 1371315645TC,ACH_CREDIT,327.5,"240,445.76",,0,,,
CREDIT,5/17/2024,ORIG CO NAME:BANKCARD-8566          ORIG ID:1592126793 DESC DATE:240516 CO ENTRY DESCR:MTOT DEP  SEC:CCD    TRACE#:091000010082973 EED:240517   IND ID:518089424394518              IND NAME:AUDIO PUBLISHERS ASSOC TRN: 1380082973TC,ACH_CREDIT,123.75,"240,569.51",,0,,,
DEBIT,5/20/2024,GOOGLE *Google Storag 855-836-3987 CA        05/17,DEBIT_CARD,-10.88,"240,558.63",,0,,,
CREDIT,5/20/2024,ORIG CO NAME:BANKCARD-8566          ORIG ID:1592126793 DESC DATE:240519 CO ENTRY DESCR:MTOT DEP  SEC:CCD    TRACE#:091000018076588 EED:240520   IND ID:518089424394518              IND NAME:AUDIO PUBLISHERS ASSOC TRN: 1418076588TC,ACH_CREDIT,80,"240,638.63",,0,,,
CREDIT,5/20/2024,ORIG CO NAME:BANKCARD-8566          ORIG ID:1592126793 DESC DATE:240517 CO ENTRY DESCR:MTOT DEP  SEC:CCD    TRACE#:091000018076590 EED:240520   IND ID:518089424394518              IND NAME:AUDIO PUBLISHERS ASSOC TRN: 1418076590TC,ACH_CREDIT,123.75,"240,762.38",,0,,,
CREDIT,5/20/2024,ORIG CO NAME:BANKCARD-8566          ORIG ID:1592126793 DESC DATE:240519 CO ENTRY DESCR:MTOT DEP  SEC:CCD    TRACE#:091000018076587 EED:240520   IND ID:518089424394518              IND NAME:AUDIO PUBLISHERS ASSOC TRN: 1418076587TC,ACH_CREDIT,123.75,"240,886.13",,0,,,
DEBIT,5/21/2024,REATTENDANCE LTD BANBURY                     05/20,DEBIT_CARD,-109,"240,777.13",,0,,,
DEBIT,5/22/2024,CATCH HOSPITALITY HTTPSCATCHRES NY           05/21,DEBIT_CARD,"-3,433.41","237,343.72",,0,,,
CREDIT,5/22/2024,ORIG CO NAME:BANKCARD-8566          ORIG ID:1592126793 DESC DATE:240521 CO ENTRY DESCR:MTOT DEP  SEC:CCD    TRACE#:091000015854859 EED:240522   IND ID:518089424394518              IND NAME:AUDIO PUBLISHERS ASSOC TRN: 1435854859TC,ACH_CREDIT,123.75,"237,467.47",,0,,,
CREDIT,5/28/2024,ORIG CO NAME:BANKCARD-8566          ORIG ID:1592126793 DESC DATE:240527 CO ENTRY DESCR:MTOT DEP  SEC:CCD    TRACE#:091000014903773 EED:240528   IND ID:518089424394518              IND NAME:AUDIO PUBLISHERS ASSOC TRN: 1494903773TC,ACH_CREDIT,80,"237,547.47",,0,,,
CREDIT,5/28/2024,ORIG CO NAME:BANKCARD-8566          ORIG ID:1592126793 DESC DATE:240526 CO ENTRY DESCR:MTOT DEP  SEC:CCD    TRACE#:091000014903771 EED:240528   IND ID:518089424394518              IND NAME:AUDIO PUBLISHERS ASSOC TRN: 1494903771TC,ACH_CREDIT,80,"237,627.47",,0,,,
CREDIT,5/31/2024,ORIG CO NAME:BANKCARD-8566          ORIG ID:1592126793 DESC DATE:240530 CO ENTRY DESCR:MTOT DEP  SEC:CCD    TRACE#:091000010342287 EED:240531   IND ID:518089424394518              IND NAME:AUDIO PUBLISHERS ASSOC TRN: 1520342287TC,ACH_CREDIT,240,"237,867.47",,0,,,
DEBIT,6/3/2024,"Zelle payment to Janet Benson, Inc. 20986620114",QUICKPAY_DEBIT,-666.03,"237,201.44",,0,,,
DEBIT,6/3/2024,INTUIT *QuickBooks CL.INTUIT.COM CA          06/03,DEBIT_CARD,-706.6,"236,494.84",,0,,,
DEBIT,6/3/2024,EIG*CONSTANTCONTACT.CO 855-2295506 MA        06/02,DEBIT_CARD,-157.87,"236,336.97",,0,,,
DEBIT,6/3/2024,GOOGLE *GSUITE_audio cc@google.com CA        06/01,DEBIT_CARD,-78.88,"236,258.09",,0,,,
DEBIT,6/3/2024,LINODE . AKAMAI 609-380-7100 MA              06/01,DEBIT_CARD,-34,"236,224.09",,0,,,
CREDIT,6/3/2024,ORIG CO NAME:BANKCARD-8566          ORIG ID:1592126793 DESC DATE:240602 CO ENTRY DESCR:MTOT DEP  SEC:CCD    TRACE#:091000014377913 EED:240603   IND ID:518089424394518              IND NAME:AUDIO PUBLISHERS ASSOC TRN: 1554377913TC,ACH_CREDIT,123.75,"236,347.84",,0,,,
CREDIT,6/3/2024,ORIG CO NAME:BANKCARD-8566          ORIG ID:1592126793 DESC DATE:240531 CO ENTRY DESCR:MTOT DEP  SEC:CCD    TRACE#:091000014377915 EED:240603   IND ID:518089424394518              IND NAME:AUDIO PUBLISHERS ASSOC TRN: 1554377915TC,ACH_CREDIT,240,"236,587.84",,0,,,
DEBIT,6/4/2024,Online ACH Payment 11133807942 To EveryChildaReaderInc (_######5713),ACH_PAYMENT,-500,"236,087.84",,0,,,
DEBIT,6/4/2024,ONLINE INTERNATIONAL WIRE TRANSFER A/C: COUTTS AND CO ESSEX UNITED KINGDOM SSO O-EJ GB REF: INVOICE 24510175 CONSULTANCY EXPENSES TRN: 3260994156ES 06/04,WIRE_OUTGOING,"-5,000.00","231,087.84",,0,,,
DEBIT,6/4/2024,Online ACH Payment 11133788417 To NationalCoalitionAgainstCensors (_#####1690),ACH_PAYMENT,"-1,500.00","229,587.84",,0,,,
CREDIT,6/5/2024,ORIG CO NAME:BANKCARD-8566          ORIG ID:1592126793 DESC DATE:240604 CO ENTRY DESCR:MTOT DEP  SEC:CCD    TRACE#:091000012305257 EED:240605   IND ID:518089424394518              IND NAME:AUDIO PUBLISHERS ASSOC TRN: 1572305257TC,ACH_CREDIT,"1,485.00","231,072.84",,0,,,
DEBIT,6/10/2024,ACCESSIBE.COM ACCESSIBE.COM NY               06/10,DEBIT_CARD,-533.49,"230,539.35",,0,,,
DEBIT,6/10/2024,INTUIT *QBooks Onlin CL.INTUIT.COM CA        06/10,DEBIT_CARD,-217.75,"230,321.60",,0,,,
DEBIT,6/10/2024,FEDEX460575656 800-4633339 TN                06/09,DEBIT_CARD,-50.26,"230,271.34",,0,,,
DEBIT,6/12/2024,Online Transfer to CHK ...7365 transaction#: 21069692505 06/12,ACCT_XFER,"-13,600.00","216,671.34",,0,,,
DEBIT,6/12/2024,Online Transfer to CHK ...7365 transaction#: 21069681384 06/12,ACCT_XFER,"-13,600.00","203,071.34",,0,,,
DEBIT,6/12/2024,B&H PHOTO 800-606-6969 800-2215743 NY        06/11,DEBIT_CARD,-98.42,"202,972.92",,0,,,
DEBIT,6/13/2024,Online Transfer to CHK ...7365 transaction#: 21082318529 06/13,ACCT_XFER,"-10,500.00","192,472.92",,0,,,
DEBIT,6/13/2024,Online ACH Payment 11134895907 To MicheleCobb (_######6800),ACH_PAYMENT,"-7,976.89","184,496.03",,0,,,
DEBIT,6/13/2024,Online ACH Payment 11134903816 To MicheleCobb (_######6800),ACH_PAYMENT,"-12,863.58","171,632.45",,0,,,
DEBIT,6/13/2024,Online Transfer to CHK ...7365 transaction#: 21079635193 06/13,ACCT_XFER,"-13,600.00","158,032.45",,0,,,
DEBIT,6/17/2024,"NOTION LABS, INC. HTTPSWWW.NOTI CA           06/16",DEBIT_CARD,-839.3,"157,193.15",,0,,,
DEBIT,6/17/2024,ZOOM.US 888-799-9666 WWW.ZOOM.US CA          06/15,DEBIT_CARD,-16.37,"157,176.78",,0,,,
DEBIT,6/17/2024,ACCESSIBE.COM ACCESSIBE.COM NY               06/14,DEBIT_CARD,-533.49,"156,643.29",,0,,,
DEBIT,6/18/2024,GOOGLE *Google Storag 855-836-3987 CA        06/17,DEBIT_CARD,-10.88,"156,632.41",,0,,,
DEBIT,6/21/2024,REATTENDANCE LTD BANBURY                     06/20,DEBIT_CARD,-109,"156,523.41",,0,,,
CREDIT,6/21/2024,Online Transfer from CHK ...7365 transaction#: 21166639139,ACCT_XFER,"5,479.00","162,002.41",,0,,,
CREDIT,6/26/2024,"FEDWIRE CREDIT VIA: THE BANK OF NEW YORK MELLON/021000018 B/O: BEAT TECHNOLOGY AS NO-5978 MJOMNA REF: CHASE NYC/CTR/BNF=AUDIO PUBLISHERS ASSOCIATION, INC. NEW YORK NY 10013 -1033 US/AC-000000009056 RFB=O/B BK OF NYC OBI=CINV 300008038 BBI=/CHG S/USD0,00/OCMT/USD300,0/BNF/LESS FE ES IMAD: 0626B1Q8153C000468 TRN: 0049331178FF",WIRE_INCOMING,283.5,"162,285.91",,0,,,
CREDIT,6/27/2024,ORIG CO NAME:BANKCARD-8566          ORIG ID:1592126793 DESC DATE:240626 CO ENTRY DESCR:MTOT DEP  SEC:CCD    TRACE#:091000016488273 EED:240627   IND ID:518089424394518              IND NAME:AUDIO PUBLISHERS ASSOC TRN: 1786488273TC,ACH_CREDIT,320,"162,605.91",,0,,,
CREDIT,6/27/2024,ORIG CO NAME:BANKCARD-8566          ORIG ID:1592126793 DESC DATE:240626 CO ENTRY DESCR:BTOT ADJ  SEC:CCD    TRACE#:091000016488275 EED:240627   IND ID:518089424394518              IND NAME:AUDIO PUBLISHERS ASSOC TRN: 1786488275TC,ACH_CREDIT,"19,539.72","182,145.63",,0,,,
CREDIT,6/28/2024,ORIG CO NAME:BANKCARD-8566          ORIG ID:1592126793 DESC DATE:240627 CO ENTRY DESCR:MTOT DEP  SEC:CCD    TRACE#:091000018404786 EED:240628   IND ID:518089424394518              IND NAME:AUDIO PUBLISHERS ASSOC TRN: 1798404786TC,ACH_CREDIT,"1,320.00","183,465.63",,0,,,
DEBIT,7/1/2024,LINODE . AKAMAI 609-380-7100 MA              07/01,DEBIT_CARD,-34.02,"183,431.61",,0,,,
DEBIT,7/1/2024,GOOGLE *GSUITE_audio cc@google.com CA        07/01,DEBIT_CARD,-78.39,"183,353.22",,0,,,
DEBIT,7/1/2024,ORIG CO NAME:BANKCARD-8566          ORIG ID:1592126793 DESC DATE:240628 CO ENTRY DESCR:MTOT DEP  SEC:CCD    TRACE#:091000016157640 EED:240701   IND ID:518089424394518              IND NAME:AUDIO PUBLISHERS ASSOC TRN: 1806157640TC,ACH_DEBIT,-453.75,"182,899.47",,0,,,
DEBIT,7/1/2024,CRISTAUX INTERNATIONA 312-778-8800 IL        06/28,DEBIT_CARD,-30.04,"182,869.43",,0,,,
CREDIT,7/1/2024,ORIG CO NAME:BANKCARD-8566          ORIG ID:1592126793 DESC DATE:240630 CO ENTRY DESCR:MTOT DEP  SEC:CCD    TRACE#:091000019830399 EED:240701   IND ID:518089424394518              IND NAME:AUDIO PUBLISHERS ASSOC TRN: 1839830399TC,ACH_CREDIT,110,"182,979.43",,0,,,
CREDIT,7/1/2024,ORIG CO NAME:BANKCARD-8566          ORIG ID:1592126793 DESC DATE:240630 CO ENTRY DESCR:MTOT DEP  SEC:CCD    TRACE#:091000019830400 EED:240701   IND ID:518089424394518              IND NAME:AUDIO PUBLISHERS ASSOC TRN: 1839830400TC,ACH_CREDIT,"1,285.00","184,264.43",,0,,,
CREDIT,7/1/2024,ORIG CO NAME:BANKCARD-8566          ORIG ID:1592126793 DESC DATE:240628 CO ENTRY DESCR:MTOT DEP  SEC:CCD    TRACE#:091000015590975 EED:240701   IND ID:518089424394518              IND NAME:AUDIO PUBLISHERS ASSOC TRN: 1805590975TC,ACH_CREDIT,"3,533.75","187,798.18",,0,,,
DEBIT,7/2/2024,ORIG CO NAME:BANKCARD-8566          ORIG ID:1592126793 DESC DATE:240630 CO ENTRY DESCR:MTOT DISC SEC:CCD    TRACE#:091000019042860 EED:240702   IND ID:518089424394518              IND NAME:AUDIO PUBLISHERS ASSOC TRN: 1839042860TC,ACH_DEBIT,"-1,343.85","186,454.33",,0,,,
DEBIT,7/3/2024,SERVICE CHARGES FOR THE MONTH OF JUNE,FEE_TRANSACTION,-34,"186,420.33",,0,,,
DEBIT,7/3/2024,EIG*CONSTANTCONTACT.CO 855-2295506 MA        07/02,DEBIT_CARD,-157.87,"186,262.46",,0,,,
CREDIT,7/3/2024,ORIG CO NAME:BANKCARD-8566          ORIG ID:1592126793 DESC DATE:240702 CO ENTRY DESCR:MTOT DEP  SEC:CCD    TRACE#:091000019021188 EED:240703   IND ID:518089424394518              IND NAME:AUDIO PUBLISHERS ASSOC TRN: 1849021188TC,ACH_CREDIT,"1,737.50","187,999.96",,0,,,
DEBIT,7/5/2024,ORIG CO NAME:RAYDIUS CORPORAT       ORIG ID:9215986202 DESC DATE:240704 CO ENTRY DESCR:SALE      SEC:CCD    TRACE#:021000027917258 EED:240705   IND ID:                             IND NAME:AUDIO PUBLISHERS ASSOC TRN: 1857917258TC,ACH_DEBIT,"-6,060.00","181,939.96",,0,,,
CREDIT,7/5/2024,ORIG CO NAME:BANKCARD-8566          ORIG ID:1592126793 DESC DATE:240704 CO ENTRY DESCR:MTOT DEP  SEC:CCD    TRACE#:091000010038408 EED:240705   IND ID:518089424394518              IND NAME:AUDIO PUBLISHERS ASSOC TRN: 1870038408TC,ACH_CREDIT,777.5,"182,717.46",,0,,,
CREDIT,7/5/2024,ORIG CO NAME:BANKCARD-8566          ORIG ID:1592126793 DESC DATE:240703 CO ENTRY DESCR:MTOT DEP  SEC:CCD    TRACE#:091000017219514 EED:240705   IND ID:518089424394518              IND NAME:AUDIO PUBLISHERS ASSOC TRN: 1857219514TC,ACH_CREDIT,"4,597.50","187,314.96",,0,,,
CREDIT,7/8/2024,ORIG CO NAME:BANKCARD-8566          ORIG ID:1592126793 DESC DATE:240707 CO ENTRY DESCR:MTOT DEP  SEC:CCD    TRACE#:091000015325424 EED:240708   IND ID:518089424394518              IND NAME:AUDIO PUBLISHERS ASSOC TRN: 1905325424TC,ACH_CREDIT,957.5,"188,272.46",,0,,,
CREDIT,7/8/2024,ORIG CO NAME:BANKCARD-8566          ORIG ID:1592126793 DESC DATE:240707 CO ENTRY DESCR:MTOT DEP  SEC:CCD    TRACE#:091000015325425 EED:240708   IND ID:518089424394518              IND NAME:AUDIO PUBLISHERS ASSOC TRN: 1905325425TC,ACH_CREDIT,"1,452.50","189,724.96",,0,,,
CREDIT,7/8/2024,ORIG CO NAME:BANKCARD-8566          ORIG ID:1592126793 DESC DATE:240705 CO ENTRY DESCR:MTOT DEP  SEC:CCD    TRACE#:091000014662705 EED:240708   IND ID:518089424394518              IND NAME:AUDIO PUBLISHERS ASSOC TRN: 1874662705TC,ACH_CREDIT,"2,632.50","192,357.46",,0,,,
DEBIT,7/9/2024,Online Transfer to CHK ...7365 transaction#: 21349745622 07/09,ACCT_XFER,"-3,409.84","188,947.62",,0,,,
CREDIT,7/9/2024,ORIG CO NAME:BANKCARD-8566          ORIG ID:1592126793 DESC DATE:240708 CO ENTRY DESCR:MTOT DEP  SEC:CCD    TRACE#:091000011122298 EED:240709   IND ID:518089424394518              IND NAME:AUDIO PUBLISHERS ASSOC TRN: 1901122298TC,ACH_CREDIT,932.5,"189,880.12",,0,,,
DEBIT,7/10/2024,INTUIT *QBooks Onlin CL.INTUIT.COM CA        07/10,DEBIT_CARD,-217.75,"189,662.37",,0,,,
CREDIT,7/10/2024,ORIG CO NAME:BANKCARD-8566          ORIG ID:1592126793 DESC DATE:240709 CO ENTRY DESCR:MTOT DEP  SEC:CCD    TRACE#:091000013466009 EED:240710   IND ID:518089424394518              IND NAME:AUDIO PUBLISHERS ASSOC TRN: 1913466009TC,ACH_CREDIT,"4,430.00","194,092.37",,0,,,
CREDIT,7/11/2024,ORIG CO NAME:BANKCARD-8566          ORIG ID:1592126793 DESC DATE:240710 CO ENTRY DESCR:MTOT DEP  SEC:CCD    TRACE#:091000018925959 EED:240711   IND ID:518089424394518              IND NAME:AUDIO PUBLISHERS ASSOC TRN: 1928925959TC,ACH_CREDIT,"4,445.00","198,537.37",,0,,,
CREDIT,7/12/2024,ORIG CO NAME:BANKCARD-8566          ORIG ID:1592126793 DESC DATE:240711 CO ENTRY DESCR:MTOT DEP  SEC:CCD    TRACE#:091000012778695 EED:240712   IND ID:518089424394518              IND NAME:AUDIO PUBLISHERS ASSOC TRN: 1932778695TC,ACH_CREDIT,"19,037.50","217,574.87",,0,,,
DEBIT,7/15/2024,WEB*NETWORKSOLUTIONS 888-6429675 FL          07/13,DEBIT_CARD,-89.98,"217,484.89",,0,,,
CREDIT,7/15/2024,ORIG CO NAME:BANKCARD-8566          ORIG ID:1592126793 DESC DATE:240714 CO ENTRY DESCR:MTOT DEP  SEC:CCD    TRACE#:091000016735131 EED:240715   IND ID:518089424394518              IND NAME:AUDIO PUBLISHERS ASSOC TRN: 1976735131TC,ACH_CREDIT,522.5,"218,007.39",,0,,,
CREDIT,7/15/2024,ORIG CO NAME:BANKCARD-8566          ORIG ID:1592126793 DESC DATE:240714 CO ENTRY DESCR:MTOT DEP  SEC:CCD    TRACE#:091000016735132 EED:240715   IND ID:518089424394518              IND NAME:AUDIO PUBLISHERS ASSOC TRN: 1976735132TC,ACH_CREDIT,"22,760.00","240,767.39",,0,,,
CREDIT,7/15/2024,ORIG CO NAME:BANKCARD-8566          ORIG ID:1592126793 DESC DATE:240712 CO ENTRY DESCR:MTOT DEP  SEC:CCD    TRACE#:091000016344125 EED:240715   IND ID:518089424394518              IND NAME:AUDIO PUBLISHERS ASSOC TRN: 1946344125TC,ACH_CREDIT,"48,642.50","289,409.89",,0,,,
DEBIT,7/16/2024,Online Transfer to CHK ...7365 transaction#: 21422175615 07/16,ACCT_XFER,"-8,008.33","281,401.56",,0,,,
DEBIT,7/16/2024,ZOOM.US 888-799-9666 WWW.ZOOM.US CA          07/15,DEBIT_CARD,-16.37,"281,385.19",,0,,,
CREDIT,7/16/2024,ORIG CO NAME:BANKCARD-8566          ORIG ID:1592126793 DESC DATE:240715 CO ENTRY DESCR:MTOT DEP  SEC:CCD    TRACE#:091000016030601 EED:240716   IND ID:518089424394518              IND NAME:AUDIO PUBLISHERS ASSOC TRN: 1976030601TC,ACH_CREDIT,402.5,"281,787.69",,0,,,
DEBIT,7/17/2024,GOOGLE *Google One 855-836-3987 CA           07/17,DEBIT_CARD,-10.88,"281,776.81",,0,,,
CREDIT,7/17/2024,ORIG CO NAME:BANKCARD-8566          ORIG ID:1592126793 DESC DATE:240716 CO ENTRY DESCR:MTOT DEP  SEC:CCD    TRACE#:091000016087151 EED:240717   IND ID:518089424394518              IND NAME:AUDIO PUBLISHERS ASSOC TRN: 1986087151TC,ACH_CREDIT,"7,735.00","289,511.81",,0,,,
CREDIT,7/17/2024,"CHIPS CREDIT VIA: BARCLAYS BANK PLC/0257 B/O: JOHN NASSARI LIMITED CO UKMAL,LONDON,E1 8AH,GB REF: NBNF=AUDIO PUBLISHERS ASSOCIATION, INC. NEW YORK NY 10013-1033 US/AC-0 00000009056 ORG=/5290DAE7CF3B4BDD81 789F9F9104326C CO UKMAL,LONDON,E1 8 AH,GB OGB=STARLING BANK LTD NOT PRO VIDED OBI=/URI/INVOICE 1669 MARKETI SSN: 00174043 TRN: 0044516199FC",WIRE_INCOMING,400.3,"289,912.11",,0,,,
DEBIT,7/18/2024,Online Transfer to CHK ...7365 transaction#: 21443691410 07/18,ACCT_XFER,"-5,591.67","284,320.44",,0,,,
CREDIT,7/18/2024,ORIG CO NAME:BANKCARD-8566          ORIG ID:1592126793 DESC DATE:240717 CO ENTRY DESCR:MTOT DEP  SEC:CCD    TRACE#:091000013541926 EED:240718   IND ID:518089424394518              IND NAME:AUDIO PUBLISHERS ASSOC TRN: 1993541926TC,ACH_CREDIT,"2,790.00","287,110.44",,0,,,
DEBIT,7/19/2024,ORIG CO NAME:Great American G       ORIG ID:F800146791 DESC DATE:240718 CO ENTRY DESCR:debitpmt  SEC:PPD    TRACE#:042000015972077 EED:240719   IND ID:#369869237                   IND NAME:GreatAmer                                                                                                    599000010810 TRN: 2005972077TC,ACH_DEBIT,-584,"286,526.44",,0,,,
CREDIT,7/19/2024,ORIG CO NAME:BANKCARD-8566          ORIG ID:1592126793 DESC DATE:240718 CO ENTRY DESCR:MTOT DEP  SEC:CCD    TRACE#:091000015349064 EED:240719   IND ID:518089424394518              IND NAME:AUDIO PUBLISHERS ASSOC TRN: 2005349064TC,ACH_CREDIT,"2,327.50","288,853.94",,0,,,
DEBIT,7/22/2024,REATTENDANCE LTD BANBURY                     07/20,DEBIT_CARD,-109,"288,744.94",,0,,,
CREDIT,7/22/2024,ORIG CO NAME:BANKCARD-8566          ORIG ID:1592126793 DESC DATE:240721 CO ENTRY DESCR:MTOT DEP  SEC:CCD    TRACE#:091000019924535 EED:240722   IND ID:518089424394518              IND NAME:AUDIO PUBLISHERS ASSOC TRN: 2049924535TC,ACH_CREDIT,260,"289,004.94",,0,,,
CREDIT,7/22/2024,ORIG CO NAME:BANKCARD-8566          ORIG ID:1592126793 DESC DATE:240719 CO ENTRY DESCR:MTOT DEP  SEC:CCD    TRACE#:091000013078160 EED:240722   IND ID:518089424394518              IND NAME:AUDIO PUBLISHERS ASSOC TRN: 2013078160TC,ACH_CREDIT,"1,620.00","290,624.94",,0,,,
CREDIT,7/23/2024,ORIG CO NAME:BANKCARD-8566          ORIG ID:1592126793 DESC DATE:240722 CO ENTRY DESCR:MTOT DEP  SEC:CCD    TRACE#:091000013989243 EED:240723   IND ID:518089424394518              IND NAME:AUDIO PUBLISHERS ASSOC TRN: 2043989243TC,ACH_CREDIT,82.5,"290,707.44",,0,,,
CREDIT,7/24/2024,ORIG CO NAME:BANKCARD-8566          ORIG ID:1592126793 DESC DATE:240723 CO ENTRY DESCR:MTOT DEP  SEC:CCD    TRACE#:091000014742400 EED:240724   IND ID:518089424394518              IND NAME:AUDIO PUBLISHERS ASSOC TRN: 2054742400TC,ACH_CREDIT,742.5,"291,449.94",,0,,,
CREDIT,7/24/2024,Online Transfer from CHK ...7851 transaction#: 21500225750,ACCT_XFER,"1,508.89","292,958.83",,0,,,
DEBIT,7/25/2024,THE NEW YORKER HOTEL NEW YORK NY             07/24,DEBIT_CARD,"-5,000.00","287,958.83",,0,,,
CREDIT,7/25/2024,ORIG CO NAME:BANKCARD-8566          ORIG ID:1592126793 DESC DATE:240724 CO ENTRY DESCR:MTOT DEP  SEC:CCD    TRACE#:091000015722597 EED:240725   IND ID:518089424394518              IND NAME:AUDIO PUBLISHERS ASSOC TRN: 2065722597TC,ACH_CREDIT,82.5,"288,041.33",,0,,,
CREDIT,7/26/2024,ORIG CO NAME:BANKCARD-8566          ORIG ID:1592126793 DESC DATE:240725 CO ENTRY DESCR:MTOT DEP  SEC:CCD    TRACE#:091000016265006 EED:240726   IND ID:518089424394518              IND NAME:AUDIO PUBLISHERS ASSOC TRN: 2076265006TC,ACH_CREDIT,"1,070.00","289,111.33",,0,,,
DEBIT,7/29/2024,ORIG CO NAME:RAYDIUS CORPORAT       ORIG ID:9215986202 DESC DATE:240727 CO ENTRY DESCR:SALE      SEC:CCD    TRACE#:021000022168975 EED:240729   IND ID:                             IND NAME:AUDIO PUBLISHERS ASSOC TRN: 2082168975TC,ACH_DEBIT,-440,"288,671.33",,0,,,
CREDIT,7/29/2024,ORIG CO NAME:BANKCARD-8566          ORIG ID:1592126793 DESC DATE:240726 CO ENTRY DESCR:MTOT DEP  SEC:CCD    TRACE#:091000011716019 EED:240729   IND ID:518089424394518              IND NAME:AUDIO PUBLISHERS ASSOC TRN: 2081716019TC,ACH_CREDIT,610,"289,281.33",,0,,,
CREDIT,7/29/2024,ORIG CO NAME:BANKCARD-8566          ORIG ID:1592126793 DESC DATE:240728 CO ENTRY DESCR:MTOT DEP  SEC:CCD    TRACE#:091000018542321 EED:240729   IND ID:518089424394518              IND NAME:AUDIO PUBLISHERS ASSOC TRN: 2118542321TC,ACH_CREDIT,"3,205.00","292,486.33",,0,,,
DEBIT,7/30/2024,Online Transfer to CHK ...7851 transaction#: 21560709453 07/30,ACCT_XFER,"-8,008.33","284,478.00",,0,,,
DEBIT,7/30/2024,Online Transfer to CHK ...7365 transaction#: 21560675136 07/30,ACCT_XFER,"-13,400.00","271,078.00",,0,,,
CREDIT,7/30/2024,ORIG CO NAME:BANKCARD-8566          ORIG ID:1592126793 DESC DATE:240729 CO ENTRY DESCR:MTOT DEP  SEC:CCD    TRACE#:091000017765113 EED:240730   IND ID:518089424394518              IND NAME:AUDIO PUBLISHERS ASSOC TRN: 2117765113TC,ACH_CREDIT,110,"271,188.00",,0,,,
CREDIT,7/31/2024,ORIG CO NAME:BANKCARD-8566          ORIG ID:1592126793 DESC DATE:240730 CO ENTRY DESCR:MTOT DEP  SEC:CCD    TRACE#:091000010162695 EED:240731   IND ID:518089424394518              IND NAME:AUDIO PUBLISHERS ASSOC TRN: 2120162695TC,ACH_CREDIT,"3,505.00","274,693.00",,0,,,
DEBIT,8/1/2024,GOOGLE *GSUITE_audio cc@google.com CA        08/01,DEBIT_CARD,-78.39,"274,614.61",,0,,,
DEBIT,8/1/2024,LINODE . AKAMAI 609-380-7100 MA              08/01,DEBIT_CARD,-33.98,"274,580.63",,0,,,
CREDIT,8/1/2024,ORIG CO NAME:BANKCARD-8566          ORIG ID:1592126793 DESC DATE:240731 CO ENTRY DESCR:MTOT DEP  SEC:CCD    TRACE#:091000010262890 EED:240801   IND ID:518089424394518              IND NAME:AUDIO PUBLISHERS ASSOC TRN: 2130262890TC,ACH_CREDIT,680,"275,260.63",,0,,,
DEBIT,8/2/2024,ORIG CO NAME:BANKCARD-8566          ORIG ID:1592126793 DESC DATE:240731 CO ENTRY DESCR:MTOT DISC SEC:CCD    TRACE#:091000018256497 EED:240802   IND ID:518089424394518              IND NAME:AUDIO PUBLISHERS ASSOC TRN: 2148256497TC,ACH_DEBIT,"-6,492.21","268,768.42",,0,,,
CREDIT,8/2/2024,ORIG CO NAME:BANKCARD-8566          ORIG ID:1592126793 DESC DATE:240801 CO ENTRY DESCR:MTOT DEP  SEC:CCD    TRACE#:091000017541709 EED:240802   IND ID:518089424394518              IND NAME:AUDIO PUBLISHERS ASSOC TRN: 2147541709TC,ACH_CREDIT,"1,067.50","269,835.92",,0,,,
DEBIT,8/5/2024,EIG*CONSTANTCONTACT.CO 855-2295506 MA        08/02,DEBIT_CARD,-157.87,"269,678.05",,0,,,
CREDIT,8/5/2024,ORIG CO NAME:BANKCARD-8566          ORIG ID:1592126793 DESC DATE:240804 CO ENTRY DESCR:MTOT DEP  SEC:CCD    TRACE#:091000015200886 EED:240805   IND ID:518089424394518              IND NAME:AUDIO PUBLISHERS ASSOC TRN: 2185200886TC,ACH_CREDIT,870,"270,548.05",,0,,,
CREDIT,8/5/2024,ORIG CO NAME:BANKCARD-8566          ORIG ID:1592126793 DESC DATE:240802 CO ENTRY DESCR:MTOT DEP  SEC:CCD    TRACE#:091000018077360 EED:240805   IND ID:518089424394518              IND NAME:AUDIO PUBLISHERS ASSOC TRN: 2158077360TC,ACH_CREDIT,"1,380.00","271,928.05",,0,,,
DEBIT,8/6/2024,SQSP* INV143993354 HTTPSSQUARESP NY          08/06,DEBIT_CARD,-20,"271,908.05",,0,,,
CREDIT,8/6/2024,ORIG CO NAME:BANKCARD-8566          ORIG ID:1592126793 DESC DATE:240805 CO ENTRY DESCR:MTOT DEP  SEC:CCD    TRACE#:091000015795941 EED:240806   IND ID:518089424394518              IND NAME:AUDIO PUBLISHERS ASSOC TRN: 2185795941TC,ACH_CREDIT,150,"272,058.05",,0,,,
CREDIT,8/6/2024,ORIG CO NAME:BANKCARD-8566          ORIG ID:1592126793 DESC DATE:240805 CO ENTRY DESCR:MTOT DEP  SEC:CCD    TRACE#:091000015795940 EED:240806   IND ID:518089424394518              IND NAME:AUDIO PUBLISHERS ASSOC TRN: 2185795940TC,ACH_CREDIT,500,"272,558.05",,0,,,
CREDIT,8/7/2024,ORIG CO NAME:BANKCARD-8566          ORIG ID:1592126793 DESC DATE:240806 CO ENTRY DESCR:BTOT DEP  SEC:CCD    TRACE#:091000011013678 EED:240807   IND ID:518089424394518              IND NAME:AUDIO PUBLISHERS ASSOC TRN: 2191013678TC,ACH_CREDIT,"2,630.00","275,188.05",,0,,,
CREDIT,8/8/2024,ORIG CO NAME:BANKCARD-8566          ORIG ID:1592126793 DESC DATE:240807 CO ENTRY DESCR:MTOT DEP  SEC:CCD    TRACE#:091000013457188 EED:240808   IND ID:518089424394518              IND NAME:AUDIO PUBLISHERS ASSOC TRN: 2203457188TC,ACH_CREDIT,"6,590.00","281,778.05",,0,,,
CREDIT,8/9/2024,ORIG CO NAME:BANKCARD-8566          ORIG ID:1592126793 DESC DATE:240808 CO ENTRY DESCR:MTOT DEP  SEC:CCD    TRACE#:091000014489825 EED:240809   IND ID:518089424394518              IND NAME:AUDIO PUBLISHERS ASSOC TRN: 2214489825TC,ACH_CREDIT,"4,260.00","286,038.05",,0,,,
DEBIT,8/12/2024,INTUIT *QBooks Onlin CL.INTUIT.COM CA        08/10,DEBIT_CARD,-255.86,"285,782.19",,0,,,
CREDIT,8/12/2024,ORIG CO NAME:BANKCARD-8566          ORIG ID:1592126793 DESC DATE:240811 CO ENTRY DESCR:MTOT DEP  SEC:CCD    TRACE#:091000010006676 EED:240812   IND ID:518089424394518              IND NAME:AUDIO PUBLISHERS ASSOC TRN: 2250006676TC,ACH_CREDIT,165,"285,947.19",,0,,,
CREDIT,8/12/2024,ORIG CO NAME:BANKCARD-8566          ORIG ID:1592126793 DESC DATE:240811 CO ENTRY DESCR:MTOT DEP  SEC:CCD    TRACE#:091000010006675 EED:240812   IND ID:518089424394518              IND NAME:AUDIO PUBLISHERS ASSOC TRN: 2250006675TC,ACH_CREDIT,"1,140.00","287,087.19",,0,,,
CREDIT,8/12/2024,ORIG CO NAME:BANKCARD-8566          ORIG ID:1592126793 DESC DATE:240809 CO ENTRY DESCR:MTOT DEP  SEC:CCD    TRACE#:091000011072981 EED:240812   IND ID:518089424394518              IND NAME:AUDIO PUBLISHERS ASSOC TRN: 2221072981TC,ACH_CREDIT,"1,222.50","288,309.69",,0,,,
CREDIT,8/12/2024,Credit Return: Online Payment 20695568518 To KLS Worldwide Chauffeured Services,MISC_CREDIT,"3,201.76","291,511.45",,0,,,
CREDIT,8/12/2024,Online Transfer from CHK ...7851 transaction#: 21704646952,ACCT_XFER,"8,008.33","299,519.78",,0,,,
CREDIT,8/14/2024,ORIG CO NAME:BANKCARD-8566          ORIG ID:1592126793 DESC DATE:240813 CO ENTRY DESCR:MTOT DEP  SEC:CCD    TRACE#:091000018622747 EED:240814   IND ID:518089424394518              IND NAME:AUDIO PUBLISHERS ASSOC TRN: 2268622747TC,ACH_CREDIT,245,"299,764.78",,0,,,
CREDIT,8/15/2024,ORIG CO NAME:BANKCARD-8566          ORIG ID:1592126793 DESC DATE:240814 CO ENTRY DESCR:MTOT DEP  SEC:CCD    TRACE#:091000017780398 EED:240815   IND ID:518089424394518              IND NAME:AUDIO PUBLISHERS ASSOC TRN: 2277780398TC,ACH_CREDIT,585,"300,349.78",,0,,,
DEBIT,8/16/2024,Online ACH Payment 11141890888 To MicheleCobb (_######6800),ACH_PAYMENT,"-45,808.32","254,541.46",,0,,,
DEBIT,8/16/2024,ZOOM.US 888-799-9666 WWW.ZOOM.US CA          08/15,DEBIT_CARD,-16.37,"254,525.09",,0,,,
DEBIT,8/16/2024,FEDEX466182874 800-4633339 TN                08/15,DEBIT_CARD,-28.3,"254,496.79",,0,,,
CREDIT,8/16/2024,ORIG CO NAME:BANKCARD-8566          ORIG ID:1592126793 DESC DATE:240815 CO ENTRY DESCR:MTOT DEP  SEC:CCD    TRACE#:091000016646242 EED:240816   IND ID:518089424394518              IND NAME:AUDIO PUBLISHERS ASSOC TRN: 2286646242TC,ACH_CREDIT,"3,150.00","257,646.79",,0,,,
DEBIT,8/19/2024,GOOGLE *Google One 855-836-3987 CA           08/17,DEBIT_CARD,-10.88,"257,635.91",,0,,,
CREDIT,8/19/2024,ORIG CO NAME:BANKCARD-8566          ORIG ID:1592126793 DESC DATE:240818 CO ENTRY DESCR:MTOT DEP  SEC:CCD    TRACE#:091000014934330 EED:240819   IND ID:518089424394518              IND NAME:AUDIO PUBLISHERS ASSOC TRN: 2324934330TC,ACH_CREDIT,302.5,"257,938.41",,0,,,
CREDIT,8/19/2024,ORIG CO NAME:BANKCARD-8566          ORIG ID:1592126793 DESC DATE:240816 CO ENTRY DESCR:MTOT DEP  SEC:CCD    TRACE#:091000011234975 EED:240819   IND ID:518089424394518              IND NAME:AUDIO PUBLISHERS ASSOC TRN: 2291234975TC,ACH_CREDIT,"1,185.00","259,123.41",,0,,,
CREDIT,8/19/2024,ORIG CO NAME:BANKCARD-8566          ORIG ID:1592126793 DESC DATE:240818 CO ENTRY DESCR:MTOT DEP  SEC:CCD    TRACE#:091000014934331 EED:240819   IND ID:518089424394518              IND NAME:AUDIO PUBLISHERS ASSOC TRN: 2324934331TC,ACH_CREDIT,"1,432.50","260,555.91",,0,,,
CREDIT,8/20/2024,ORIG CO NAME:BANKCARD-8566          ORIG ID:1592126793 DESC DATE:240819 CO ENTRY DESCR:MTOT DEP  SEC:CCD    TRACE#:091000012787927 EED:240820   IND ID:518089424394518              IND NAME:AUDIO PUBLISHERS ASSOC TRN: 2322787927TC,ACH_CREDIT,500,"261,055.91",,0,,,
DEBIT,8/21/2024,REATTENDANCE LTD BANBURY                     08/20,DEBIT_CARD,-109,"260,946.91",,0,,,
CREDIT,8/21/2024,ORIG CO NAME:BANKCARD-8566          ORIG ID:1592126793 DESC DATE:240820 CO ENTRY DESCR:MTOT DEP  SEC:CCD    TRACE#:091000015175436 EED:240821   IND ID:518089424394518              IND NAME:AUDIO PUBLISHERS ASSOC TRN: 2335175436TC,ACH_CREDIT,"1,037.50","261,984.41",,0,,,
CREDIT,8/22/2024,ORIG CO NAME:BANKCARD-8566          ORIG ID:1592126793 DESC DATE:240821 CO ENTRY DESCR:MTOT DEP  SEC:CCD    TRACE#:091000018952549 EED:240822   IND ID:518089424394518              IND NAME:AUDIO PUBLISHERS ASSOC TRN: 2348952549TC,ACH_CREDIT,"1,180.00","263,164.41",,0,,,
CREDIT,8/23/2024,ORIG CO NAME:BANKCARD-8566          ORIG ID:1592126793 DESC DATE:240822 CO ENTRY DESCR:MTOT DEP  SEC:CCD    TRACE#:091000019877204 EED:240823   IND ID:518089424394518              IND NAME:AUDIO PUBLISHERS ASSOC TRN: 2359877204TC,ACH_CREDIT,852.5,"264,016.91",,0,,,
CREDIT,8/26/2024,ORIG CO NAME:BANKCARD-8566          ORIG ID:1592126793 DESC DATE:240825 CO ENTRY DESCR:MTOT DEP  SEC:CCD    TRACE#:091000010958575 EED:240826   IND ID:518089424394518              IND NAME:AUDIO PUBLISHERS ASSOC TRN: 2390958575TC,ACH_CREDIT,192.5,"264,209.41",,0,,,
CREDIT,8/26/2024,ORIG CO NAME:BANKCARD-8566          ORIG ID:1592126793 DESC DATE:240825 CO ENTRY DESCR:MTOT DEP  SEC:CCD    TRACE#:091000010958576 EED:240826   IND ID:518089424394518              IND NAME:AUDIO PUBLISHERS ASSOC TRN: 2390958576TC,ACH_CREDIT,815,"265,024.41",,0,,,
CREDIT,8/26/2024,ORIG CO NAME:BANKCARD-8566          ORIG ID:1592126793 DESC DATE:240823 CO ENTRY DESCR:MTOT DEP  SEC:CCD    TRACE#:091000015253078 EED:240826   IND ID:518089424394518              IND NAME:AUDIO PUBLISHERS ASSOC TRN: 2365253078TC,ACH_CREDIT,"1,485.00","266,509.41",,0,,,
CREDIT,8/27/2024,ORIG CO NAME:BANKCARD-8566          ORIG ID:1592126793 DESC DATE:240826 CO ENTRY DESCR:MTOT DEP  SEC:CCD    TRACE#:091000014041910 EED:240827   IND ID:518089424394518              IND NAME:AUDIO PUBLISHERS ASSOC TRN: 2394041910TC,ACH_CREDIT,410,"266,919.41",,0,,,
CREDIT,8/28/2024,ORIG CO NAME:BANKCARD-8566          ORIG ID:1592126793 DESC DATE:240827 CO ENTRY DESCR:MTOT DEP  SEC:CCD    TRACE#:091000019477498 EED:240828   IND ID:518089424394518              IND NAME:AUDIO PUBLISHERS ASSOC TRN: 2409477498TC,ACH_CREDIT,912.5,"267,831.91",,0,,,
DEBIT,8/29/2024,Online Transfer to CHK ...7365 transaction#: 21877360532 08/29,ACCT_XFER,"-13,600.00","254,231.91",,0,,,
DEBIT,8/29/2024,Online Transfer to CHK ...7365 transaction#: 21877317629 08/29,ACCT_XFER,"-13,600.00","240,631.91",,0,,,
CREDIT,8/29/2024,ORIG CO NAME:BANKCARD-8566          ORIG ID:1592126793 DESC DATE:240828 CO ENTRY DESCR:MTOT DEP  SEC:CCD    TRACE#:091000019841743 EED:240829   IND ID:518089424394518              IND NAME:AUDIO PUBLISHERS ASSOC TRN: 2419841743TC,ACH_CREDIT,800,"241,431.91",,0,,,
DEBIT,8/30/2024,NV EVENTS BY NUVISIONS 866-8596800 NJ        08/29,DEBIT_CARD,-985.63,"240,446.28",,0,,,
CREDIT,8/30/2024,ORIG CO NAME:BANKCARD-8566          ORIG ID:1592126793 DESC DATE:240829 CO ENTRY DESCR:MTOT DEP  SEC:CCD    TRACE#:091000012717248 EED:240830   IND ID:518089424394518              IND NAME:AUDIO PUBLISHERS ASSOC TRN: 2422717248TC,ACH_CREDIT,"1,117.50","241,563.78",,0,,,
DEBIT,9/3/2024,ORIG CO NAME:BANKCARD-8566          ORIG ID:1592126793 DESC DATE:240831 CO ENTRY DESCR:MTOT DISC SEC:CCD    TRACE#:091000011479876 EED:240903   IND ID:518089424394518              IND NAME:AUDIO PUBLISHERS ASSOC TRN: 2471479876TC,ACH_DEBIT,"-1,755.75","239,808.03",,0,,,
DEBIT,9/3/2024,EIG*CONSTANTCONTACT.CO 855-2295506 MA        09/02,DEBIT_CARD,-170.94,"239,637.09",,0,,,
DEBIT,9/3/2024,GOOGLE *GSUITE_audio cc@google.com CA        09/01,DEBIT_CARD,-78.39,"239,558.70",,0,,,
DEBIT,9/3/2024,LINODE . AKAMAI 609-380-7100 MA              09/01,DEBIT_CARD,-34,"239,524.70",,0,,,
CREDIT,9/3/2024,ORIG CO NAME:BANKCARD-8566          ORIG ID:1592126793 DESC DATE:240902 CO ENTRY DESCR:MTOT DEP  SEC:CCD    TRACE#:091000019368301 EED:240903   IND ID:518089424394518              IND NAME:AUDIO PUBLISHERS ASSOC TRN: 2479368301TC,ACH_CREDIT,80,"239,604.70",,0,,,
CREDIT,9/3/2024,ORIG CO NAME:BANKCARD-8566          ORIG ID:1592126793 DESC DATE:240831 CO ENTRY DESCR:MTOT DEP  SEC:CCD    TRACE#:091000019368303 EED:240903   IND ID:518089424394518              IND NAME:AUDIO PUBLISHERS ASSOC TRN: 2479368303TC,ACH_CREDIT,260,"239,864.70",,0,,,
CREDIT,9/3/2024,ORIG CO NAME:BANKCARD-8566          ORIG ID:1592126793 DESC DATE:240830 CO ENTRY DESCR:MTOT DEP  SEC:CCD    TRACE#:091000010925335 EED:240903   IND ID:518089424394518              IND NAME:AUDIO PUBLISHERS ASSOC TRN: 2430925335TC,ACH_CREDIT,"1,247.50","241,112.20",,0,,,
CREDIT,9/3/2024,ORIG CO NAME:BANKCARD-8566          ORIG ID:1592126793 DESC DATE:240902 CO ENTRY DESCR:MTOT DEP  SEC:CCD    TRACE#:091000019368300 EED:240903   IND ID:518089424394518              IND NAME:AUDIO PUBLISHERS ASSOC TRN: 2479368300TC,ACH_CREDIT,"1,295.00","242,407.20",,0,,,
DEBIT,9/4/2024,CONFERENCEBADGE.COM QUEBEC CITY QC           09/03,DEBIT_CARD,-336,"242,071.20",,0,,,
DEBIT,9/4/2024,CRISTAUX INTERNATIONA 312-778-8800 IL        09/03,DEBIT_CARD,"-5,878.80","236,192.40",,0,,,
DEBIT,9/4/2024,AMAZON MKTPL*ZT0RZ6Z Amzn.com/bill WA        09/04,DEBIT_CARD,-36.45,"236,155.95",,0,,,
CREDIT,9/4/2024,ORIG CO NAME:BANKCARD-8566          ORIG ID:1592126793 DESC DATE:240903 CO ENTRY DESCR:MTOT DEP  SEC:CCD    TRACE#:091000012141989 EED:240904   IND ID:518089424394518              IND NAME:AUDIO PUBLISHERS ASSOC TRN: 2472141989TC,ACH_CREDIT,555,"236,710.95",,0,,,
DEBIT,9/5/2024,WEB*NETWORKSOLUTIONS 888-6429675 FL          09/04,DEBIT_CARD,-80.15,"236,630.80",,0,,,
CREDIT,9/5/2024,ORIG CO NAME:BANKCARD-8566          ORIG ID:1592126793 DESC DATE:240904 CO ENTRY DESCR:MTOT DEP  SEC:CCD    TRACE#:091000013588159 EED:240905   IND ID:518089424394518              IND NAME:AUDIO PUBLISHERS ASSOC TRN: 2483588159TC,ACH_CREDIT,"1,977.50","238,608.30",,0,,,
CREDIT,9/6/2024,ORIG CO NAME:BANKCARD-8566          ORIG ID:1592126793 DESC DATE:240905 CO ENTRY DESCR:MTOT DEP  SEC:CCD    TRACE#:091000015046926 EED:240906   IND ID:518089424394518              IND NAME:AUDIO PUBLISHERS ASSOC TRN: 2495046926TC,ACH_CREDIT,"1,382.50","239,990.80",,0,,,
DEBIT,9/9/2024,Online ACH Payment 11144309586 To MicheleCobb (_######6800),ACH_PAYMENT,"-70,000.00","169,990.80",,0,,,
DEBIT,9/9/2024,FEDEX OFFICE 800000836 800-4633339 TX        09/05,DEBIT_CARD,-146.53,"169,844.27",,0,,,
CREDIT,9/9/2024,ORIG CO NAME:BANKCARD-8566          ORIG ID:1592126793 DESC DATE:240908 CO ENTRY DESCR:MTOT DEP  SEC:CCD    TRACE#:091000018650674 EED:240909   IND ID:518089424394518              IND NAME:AUDIO PUBLISHERS ASSOC TRN: 2538650674TC,ACH_CREDIT,110,"169,954.27",,0,,,
CREDIT,9/9/2024,ORIG CO NAME:BANKCARD-8566          ORIG ID:1592126793 DESC DATE:240908 CO ENTRY DESCR:MTOT DEP  SEC:CCD    TRACE#:091000018650673 EED:240909   IND ID:518089424394518              IND NAME:AUDIO PUBLISHERS ASSOC TRN: 2538650673TC,ACH_CREDIT,192.5,"170,146.77",,0,,,
CREDIT,9/9/2024,ORIG CO NAME:BANKCARD-8566          ORIG ID:1592126793 DESC DATE:240906 CO ENTRY DESCR:MTOT DEP  SEC:CCD    TRACE#:091000019008536 EED:240909   IND ID:518089424394518              IND NAME:AUDIO PUBLISHERS ASSOC TRN: 2509008536TC,ACH_CREDIT,"1,670.00","171,816.77",,0,,,
DEBIT,9/10/2024,INTUIT *QBooks Onlin CL.INTUIT.COM CA        09/10,DEBIT_CARD,-255.86,"171,560.91",,0,,,
DEBIT,9/10/2024,THE NEW YORKER HOTEL NEW YORK NY             09/09,DEBIT_CARD,"-9,000.00","162,560.91",,0,,,
CREDIT,9/10/2024,ORIG CO NAME:BANKCARD-8566          ORIG ID:1592126793 DESC DATE:240909 CO ENTRY DESCR:MTOT DEP  SEC:CCD    TRACE#:091000014938402 EED:240910   IND ID:518089424394518              IND NAME:AUDIO PUBLISHERS ASSOC TRN: 2534938402TC,ACH_CREDIT,532.5,"163,093.41",,0,,,
DEBIT,9/11/2024,ORIG CO NAME:RAYDIUS CORPORAT       ORIG ID:9215986202 DESC DATE:240911 CO ENTRY DESCR:SALE      SEC:CCD    TRACE#:021000022922337 EED:240911   IND ID:                             IND NAME:JOANNA LASKAS TRN: 2542922337TC,ACH_DEBIT,"-6,060.00","157,033.41",,0,,,
DEBIT,9/11/2024,CONFERENCEBADGE.COM QUEBEC CITY QC           09/11,DEBIT_CARD,-2.9,"157,030.51",,0,,,
DEBIT,9/11/2024,FEDEX468372225 800-4633339 TN                09/10,DEBIT_CARD,-105.69,"156,924.82",,0,,,
CREDIT,9/11/2024,ORIG CO NAME:BANKCARD-8566          ORIG ID:1592126793 DESC DATE:240910 CO ENTRY DESCR:MTOT DEP  SEC:CCD    TRACE#:091000012378265 EED:240911   IND ID:518089424394518              IND NAME:AUDIO PUBLISHERS ASSOC TRN: 2542378265TC,ACH_CREDIT,300,"157,224.82",,0,,,
DEBIT,9/12/2024,FEDEX OFFICE 800000836 800-4633339 TX        09/09,DEBIT_CARD,-3.44,"157,221.38",,0,,,
DEBIT,9/12/2024,FEDEX OFFICE 800000836 800-4633339 TX        09/09,DEBIT_CARD,-23.1,"157,198.28",,0,,,
DEBIT,9/12/2024,FEDEX OFFICE 800000836 800-4633339 TX        09/09,DEBIT_CARD,-2.79,"157,195.49",,0,,,
CREDIT,9/12/2024,ORIG CO NAME:BANKCARD-8566          ORIG ID:1592126793 DESC DATE:240911 CO ENTRY DESCR:MTOT DEP  SEC:CCD    TRACE#:091000017260106 EED:240912   IND ID:518089424394518              IND NAME:AUDIO PUBLISHERS ASSOC TRN: 2557260106TC,ACH_CREDIT,"1,215.00","158,410.49",,0,,,
CREDIT,9/13/2024,ORIG CO NAME:BANKCARD-8566          ORIG ID:1592126793 DESC DATE:240912 CO ENTRY DESCR:MTOT DEP  SEC:CCD    TRACE#:091000011772011 EED:240913   IND ID:518089424394518              IND NAME:AUDIO PUBLISHERS ASSOC TRN: 2561772011TC,ACH_CREDIT,330,"158,740.49",,0,,,
DEBIT,9/16/2024,ZOOM.US 888-799-9666 WWW.ZOOM.US CA          09/15,DEBIT_CARD,-16.37,"158,724.12",,0,,,
CREDIT,9/16/2024,ORIG CO NAME:BANKCARD-8566          ORIG ID:1592126793 DESC DATE:240915 CO ENTRY DESCR:MTOT DEP  SEC:CCD    TRACE#:091000019534781 EED:240916   IND ID:518089424394518              IND NAME:AUDIO PUBLISHERS ASSOC TRN: 2609534781TC,ACH_CREDIT,165,"158,889.12",,0,,,
CREDIT,9/16/2024,ORIG CO NAME:BANKCARD-8566          ORIG ID:1592126793 DESC DATE:240915 CO ENTRY DESCR:MTOT DEP  SEC:CCD    TRACE#:091000019534782 EED:240916   IND ID:518089424394518              IND NAME:AUDIO PUBLISHERS ASSOC TRN: 2609534782TC,ACH_CREDIT,190,"159,079.12",,0,,,
CREDIT,9/16/2024,ORIG CO NAME:BANKCARD-8566          ORIG ID:1592126793 DESC DATE:240913 CO ENTRY DESCR:MTOT DEP  SEC:CCD    TRACE#:091000016242433 EED:240916   IND ID:518089424394518              IND NAME:AUDIO PUBLISHERS ASSOC TRN: 2576242433TC,ACH_CREDIT,220,"159,299.12",,0,,,
DEBIT,9/17/2024,GOOGLE *Google One 855-836-3987 CA           09/17,DEBIT_CARD,-10.88,"159,288.24",,0,,,
CREDIT,9/17/2024,ORIG CO NAME:BANKCARD-8566          ORIG ID:1592126793 DESC DATE:240916 CO ENTRY DESCR:MTOT DEP  SEC:CCD    TRACE#:091000019924984 EED:240917   IND ID:518089424394518              IND NAME:AUDIO PUBLISHERS ASSOC TRN: 2609924984TC,ACH_CREDIT,292.5,"159,580.74",,0,,,
CREDIT,9/18/2024,ORIG CO NAME:BANKCARD-8566          ORIG ID:1592126793 DESC DATE:240917 CO ENTRY DESCR:MTOT DEP  SEC:CCD    TRACE#:091000010727055 EED:240918   IND ID:518089424394518              IND NAME:AUDIO PUBLISHERS ASSOC TRN: 2610727055TC,ACH_CREDIT,550,"160,130.74",,0,,,
CREDIT,9/19/2024,ORIG CO NAME:BANKCARD-8566          ORIG ID:1592126793 DESC DATE:240918 CO ENTRY DESCR:MTOT DEP  SEC:CCD    TRACE#:091000013427013 EED:240919   IND ID:518089424394518              IND NAME:AUDIO PUBLISHERS ASSOC TRN: 2623427013TC,ACH_CREDIT,330,"160,460.74",,0,,,
CREDIT,9/20/2024,ORIG CO NAME:BANKCARD-8566          ORIG ID:1592126793 DESC DATE:240919 CO ENTRY DESCR:MTOT DEP  SEC:CCD    TRACE#:091000014899583 EED:240920   IND ID:518089424394518              IND NAME:AUDIO PUBLISHERS ASSOC TRN: 2634899583TC,ACH_CREDIT,"2,332.50","162,793.24",,0,,,
CREDIT,9/20/2024,ORIG CO NAME:APPLE INC.             ORIG ID:8942404110 DESC DATE:       CO ENTRY DESCR:1270759334SEC:CTX    TRACE#:111000028987678 EED:240920   IND ID:20267551070056               IND NAME:0014THE AUDIO PUBLIS TRN: 2648987678TC,ACH_CREDIT,"25,300.00","188,093.24",,0,,,
DEBIT,9/23/2024,REATTENDANCE LTD BANBURY                     09/20,DEBIT_CARD,-109,"187,984.24",,0,,,
CREDIT,9/23/2024,ORIG CO NAME:BANKCARD-8566          ORIG ID:1592126793 DESC DATE:240922 CO ENTRY DESCR:MTOT DEP  SEC:CCD    TRACE#:091000011785620 EED:240923   IND ID:518089424394518              IND NAME:AUDIO PUBLISHERS ASSOC TRN: 2671785620TC,ACH_CREDIT,260,"188,244.24",,0,,,
CREDIT,9/23/2024,ORIG CO NAME:BANKCARD-8566          ORIG ID:1592126793 DESC DATE:240922 CO ENTRY DESCR:MTOT DEP  SEC:CCD    TRACE#:091000011785621 EED:240923   IND ID:518089424394518              IND NAME:AUDIO PUBLISHERS ASSOC TRN: 2671785621TC,ACH_CREDIT,"1,192.50","189,436.74",,0,,,
CREDIT,9/24/2024,ORIG CO NAME:BANKCARD-8566          ORIG ID:1592126793 DESC DATE:240923 CO ENTRY DESCR:MTOT DEP  SEC:CCD    TRACE#:091000017599291 EED:240924   IND ID:518089424394518              IND NAME:AUDIO PUBLISHERS ASSOC TRN: 2677599291TC,ACH_CREDIT,260,"189,696.74",,0,,,
CREDIT,9/25/2024,ORIG CO NAME:BANKCARD-8566          ORIG ID:1592126793 DESC DATE:240924 CO ENTRY DESCR:MTOT DEP  SEC:CCD    TRACE#:091000011467304 EED:240925   IND ID:518089424394518              IND NAME:AUDIO PUBLISHERS ASSOC TRN: 2681467304TC,ACH_CREDIT,"2,377.50","192,074.24",,0,,,
DEBIT,9/26/2024,SQSP* INV151262105 HTTPSSQUARESP NY          09/26,DEBIT_CARD,-276,"191,798.24",,0,,,
CREDIT,9/26/2024,ORIG CO NAME:BANKCARD-8566          ORIG ID:1592126793 DESC DATE:240925 CO ENTRY DESCR:MTOT DEP  SEC:CCD    TRACE#:091000012194530 EED:240926   IND ID:518089424394518              IND NAME:AUDIO PUBLISHERS ASSOC TRN: 2692194530TC,ACH_CREDIT,505,"192,303.24",,0,,,
DEBIT,9/27/2024,Online Transfer to CHK ...7365 transaction#: 22185579008 09/27,ACCT_XFER,"-13,600.00","178,703.24",,0,,,
DEBIT,9/27/2024,ORIG CO NAME:BANKCARD-8566          ORIG ID:1592126793 DESC DATE:240926 CO ENTRY DESCR:BTOT ADJ  SEC:CCD    TRACE#:091000010207859 EED:240927   IND ID:518089424394518              IND NAME:AUDIO PUBLISHERS ASSOC TRN: 2700207859TC,ACH_DEBIT,-165,"178,538.24",,0,,,
CREDIT,9/27/2024,ORIG CO NAME:BANKCARD-8566          ORIG ID:1592126793 DESC DATE:240926 CO ENTRY DESCR:MTOT DEP  SEC:CCD    TRACE#:091000019511155 EED:240927   IND ID:518089424394518              IND NAME:AUDIO PUBLISHERS ASSOC TRN: 2709511155TC,ACH_CREDIT,"1,535.00","180,073.24",,0,,,
DEBIT,9/30/2024,Online Transfer to CHK ...7365 transaction#: 22217539295 09/30,ACCT_XFER,"-5,791.67","174,281.57",,0,,,
CREDIT,9/30/2024,ORIG CO NAME:BANKCARD-8566          ORIG ID:1592126793 DESC DATE:240929 CO ENTRY DESCR:MTOT DEP  SEC:CCD    TRACE#:091000017217236 EED:240930   IND ID:518089424394518              IND NAME:AUDIO PUBLISHERS ASSOC TRN: 2747217236TC,ACH_CREDIT,380,"174,661.57",,0,,,
CREDIT,9/30/2024,ORIG CO NAME:BANKCARD-8566          ORIG ID:1592126793 DESC DATE:240929 CO ENTRY DESCR:MTOT DEP  SEC:CCD    TRACE#:091000017217237 EED:240930   IND ID:518089424394518              IND NAME:AUDIO PUBLISHERS ASSOC TRN: 2747217237TC,ACH_CREDIT,760,"175,421.57",,0,,,
CREDIT,9/30/2024,ORIG CO NAME:BANKCARD-8566          ORIG ID:1592126793 DESC DATE:240927 CO ENTRY DESCR:MTOT DEP  SEC:CCD    TRACE#:091000017081848 EED:240930   IND ID:518089424394518              IND NAME:AUDIO PUBLISHERS ASSOC TRN: 2717081848TC,ACH_CREDIT,917.5,"176,339.07",,0,,,
DEBIT,10/1/2024,GOOGLE *GSUITE_audio cc@google.com CA        10/01,DEBIT_CARD,-78.39,"176,260.68",,0,,,
DEBIT,10/1/2024,LINODE . AKAMAI 609-380-7100 MA              10/01,DEBIT_CARD,-34,"176,226.68",,0,,,
CREDIT,10/1/2024,ORIG CO NAME:BANKCARD-8566          ORIG ID:1592126793 DESC DATE:240930 CO ENTRY DESCR:MTOT DEP  SEC:CCD    TRACE#:091000015009601 EED:241001   IND ID:518089424394518              IND NAME:AUDIO PUBLISHERS ASSOC TRN: 2745009601TC,ACH_CREDIT,462.5,"176,689.18",,0,,,
DEBIT,10/2/2024,ORIG CO NAME:BANKCARD-8566          ORIG ID:1592126793 DESC DATE:240930 CO ENTRY DESCR:MTOT DISC SEC:CCD    TRACE#:091000012867904 EED:241002   IND ID:518089424394518              IND NAME:AUDIO PUBLISHERS ASSOC TRN: 2752867904TC,ACH_DEBIT,"-1,099.65","175,589.53",,0,,,
CREDIT,10/2/2024,ORIG CO NAME:BANKCARD-8566          ORIG ID:1592126793 DESC DATE:241001 CO ENTRY DESCR:MTOT DEP  SEC:CCD    TRACE#:091000012120892 EED:241002   IND ID:518089424394518              IND NAME:AUDIO PUBLISHERS ASSOC TRN: 2752120892TC,ACH_CREDIT,805,"176,394.53",,0,,,
DEBIT,10/3/2024,EIG*CONSTANTCONTACT.CO 855-2295506 MA        10/02,DEBIT_CARD,-170.94,"176,223.59",,0,,,
CREDIT,10/3/2024,ORIG CO NAME:BANKCARD-8566          ORIG ID:1592126793 DESC DATE:241002 CO ENTRY DESCR:MTOT DEP  SEC:CCD    TRACE#:091000016166109 EED:241003   IND ID:518089424394518              IND NAME:AUDIO PUBLISHERS ASSOC TRN: 2766166109TC,ACH_CREDIT,"1,628.75","177,852.34",,0,,,
CREDIT,10/4/2024,ORIG CO NAME:BANKCARD-8566          ORIG ID:1592126793 DESC DATE:241003 CO ENTRY DESCR:MTOT DEP  SEC:CCD    TRACE#:091000016608496 EED:241004   IND ID:518089424394518              IND NAME:AUDIO PUBLISHERS ASSOC TRN: 2776608496TC,ACH_CREDIT,"1,800.00","179,652.34",,0,,,
CREDIT,10/7/2024,ORIG CO NAME:BANKCARD-8566          ORIG ID:1592126793 DESC DATE:241004 CO ENTRY DESCR:MTOT DEP  SEC:CCD    TRACE#:091000015506884 EED:241007   IND ID:518089424394518              IND NAME:AUDIO PUBLISHERS ASSOC TRN: 2785506884TC,ACH_CREDIT,"1,382.50","181,034.84",,0,,,
CREDIT,10/7/2024,ORIG CO NAME:BANKCARD-8566          ORIG ID:1592126793 DESC DATE:241006 CO ENTRY DESCR:MTOT DEP  SEC:CCD    TRACE#:091000016729247 EED:241007   IND ID:518089424394518              IND NAME:AUDIO PUBLISHERS ASSOC TRN: 2816729247TC,ACH_CREDIT,"2,751.25","183,786.09",,0,,,
CREDIT,10/8/2024,ORIG CO NAME:BANKCARD-8566          ORIG ID:1592126793 DESC DATE:241007 CO ENTRY DESCR:MTOT DEP  SEC:CCD    TRACE#:091000015451807 EED:241008   IND ID:518089424394518              IND NAME:AUDIO PUBLISHERS ASSOC TRN: 2815451807TC,ACH_CREDIT,110,"183,896.09",,0,,,
CREDIT,10/9/2024,ORIG CO NAME:BANKCARD-8566          ORIG ID:1592126793 DESC DATE:241008 CO ENTRY DESCR:MTOT DEP  SEC:CCD    TRACE#:091000013122612 EED:241009   IND ID:518089424394518              IND NAME:AUDIO PUBLISHERS ASSOC TRN: 2823122612TC,ACH_CREDIT,"2,466.25","186,362.34",,0,,,
DEBIT,10/10/2024,INTUIT *QBooks Onlin CL.INTUIT.COM CA        10/10,DEBIT_CARD,-255.86,"186,106.48",,0,,,
CREDIT,10/10/2024,ORIG CO NAME:BANKCARD-8566          ORIG ID:1592126793 DESC DATE:241009 CO ENTRY DESCR:MTOT DEP  SEC:CCD    TRACE#:091000016556422 EED:241010   IND ID:518089424394518              IND NAME:AUDIO PUBLISHERS ASSOC TRN: 2836556422TC,ACH_CREDIT,"7,807.50","193,913.98",,0,,,
CREDIT,10/11/2024,ORIG CO NAME:BANKCARD-8566          ORIG ID:1592126793 DESC DATE:241010 CO ENTRY DESCR:MTOT DEP  SEC:CCD    TRACE#:091000013585276 EED:241011   IND ID:518089424394518              IND NAME:AUDIO PUBLISHERS ASSOC TRN: 2843585276TC,ACH_CREDIT,"7,932.50","201,846.48",,0,,,
CREDIT,10/15/2024,ORIG CO NAME:BANKCARD-8566          ORIG ID:1592126793 DESC DATE:241014 CO ENTRY DESCR:MTOT DEP  SEC:CCD    TRACE#:091000015206225 EED:241015   IND ID:518089424394518              IND NAME:AUDIO PUBLISHERS ASSOC TRN: 2895206225TC,ACH_CREDIT,206.25,"202,052.73",,0,,,
CREDIT,10/15/2024,ORIG CO NAME:BANKCARD-8566          ORIG ID:1592126793 DESC DATE:241013 CO ENTRY DESCR:MTOT DEP  SEC:CCD    TRACE#:091000015206223 EED:241015   IND ID:518089424394518              IND NAME:AUDIO PUBLISHERS ASSOC TRN: 2895206223TC,ACH_CREDIT,316.25,"202,368.98",,0,,,
CREDIT,10/15/2024,ORIG CO NAME:BANKCARD-8566          ORIG ID:1592126793 DESC DATE:241011 CO ENTRY DESCR:MTOT DEP  SEC:CCD    TRACE#:091000012392004 EED:241015   IND ID:518089424394518              IND NAME:AUDIO PUBLISHERS ASSOC TRN: 2852392004TC,ACH_CREDIT,"15,007.50","217,376.48",,0,,,
CREDIT,10/15/2024,ORIG CO NAME:BANKCARD-8566          ORIG ID:1592126793 DESC DATE:241013 CO ENTRY DESCR:MTOT DEP  SEC:CCD    TRACE#:091000015206222 EED:241015   IND ID:518089424394518              IND NAME:AUDIO PUBLISHERS ASSOC TRN: 2895206222TC,ACH_CREDIT,"24,327.50","241,703.98",,0,,,
DEBIT,10/16/2024,ZOOM.US 888-799-9666 WWW.ZOOM.US CA          10/15,DEBIT_CARD,-16.37,"241,687.61",,0,,,
CREDIT,10/16/2024,ORIG CO NAME:BANKCARD-8566          ORIG ID:1592126793 DESC DATE:241015 CO ENTRY DESCR:MTOT DEP  SEC:CCD    TRACE#:091000017672872 EED:241016   IND ID:518089424394518              IND NAME:AUDIO PUBLISHERS ASSOC TRN: 2897672872TC,ACH_CREDIT,206.25,"241,893.86",,0,,,
CREDIT,10/17/2024,ORIG CO NAME:BANKCARD-8566          ORIG ID:1592126793 DESC DATE:241016 CO ENTRY DESCR:MTOT DEP  SEC:CCD    TRACE#:091000018482704 EED:241017   IND ID:518089424394518              IND NAME:AUDIO PUBLISHERS ASSOC TRN: 2908482704TC,ACH_CREDIT,"1,405.00","243,298.86",,0,,,
DEBIT,10/18/2024,GOOGLE *Google One 855-836-3987 CA           10/17,DEBIT_CARD,-10.88,"243,287.98",,0,,,
CREDIT,10/18/2024,ORIG CO NAME:BANKCARD-8566          ORIG ID:1592126793 DESC DATE:241017 CO ENTRY DESCR:MTOT DEP  SEC:CCD    TRACE#:091000017778964 EED:241018   IND ID:518089424394518              IND NAME:AUDIO PUBLISHERS ASSOC TRN: 2917778964TC,ACH_CREDIT,997.5,"244,285.48",,0,,,
CREDIT,10/21/2024,ORIG CO NAME:BANKCARD-8566          ORIG ID:1592126793 DESC DATE:241020 CO ENTRY DESCR:MTOT DEP  SEC:CCD    TRACE#:091000018185164 EED:241021   IND ID:518089424394518              IND NAME:AUDIO PUBLISHERS ASSOC TRN: 2958185164TC,ACH_CREDIT,371.25,"244,656.73",,0,,,
CREDIT,10/23/2024,ORIG CO NAME:BANKCARD-8566          ORIG ID:1592126793 DESC DATE:241022 CO ENTRY DESCR:MTOT DEP  SEC:CCD    TRACE#:091000011417128 EED:241023   IND ID:518089424394518              IND NAME:AUDIO PUBLISHERS ASSOC TRN: 2961417128TC,ACH_CREDIT,206.25,"244,862.98",,0,,,
CREDIT,10/24/2024,ORIG CO NAME:BANKCARD-8566          ORIG ID:1592126793 DESC DATE:241023 CO ENTRY DESCR:MTOT DEP  SEC:CCD    TRACE#:091000012311985 EED:241024   IND ID:518089424394518              IND NAME:AUDIO PUBLISHERS ASSOC TRN: 2972311985TC,ACH_CREDIT,110,"244,972.98",,0,,,
DEBIT,10/25/2024,Same-Day ACH Payment 11149507525 to MicheleCobb (_######6800),ACH_PAYMENT,"-45,511.13","199,461.85",,0,,,
DEBIT,10/25/2024,Zelle payment to Emma Harris JPM99apyzl29,CHASE_TO_PARTNERFI,-31.13,"199,430.72",,0,,,
DEBIT,10/25/2024,Same-Day ACH Payment 11149507448 to LibraryJournalsLLC (_######7593),ACH_PAYMENT,"-10,500.00","188,930.72",,0,,,
DEBIT,10/25/2024,Same-Day ACH Payment 11149507411 to BaileyDuquette (_######9908),ACH_PAYMENT,"-8,500.00","180,430.72",,0,,,
CREDIT,10/28/2024,ORIG CO NAME:BANKCARD-8566          ORIG ID:1592126793 DESC DATE:241025 CO ENTRY DESCR:MTOT DEP  SEC:CCD    TRACE#:091000015385430 EED:241028   IND ID:518089424394518              IND NAME:AUDIO PUBLISHERS ASSOC TRN: 2995385430TC,ACH_CREDIT,60,"180,490.72",,0,,,
CREDIT,10/28/2024,ORIG CO NAME:BANKCARD-8566          ORIG ID:1592126793 DESC DATE:241027 CO ENTRY DESCR:MTOT DEP  SEC:CCD    TRACE#:091000010669340 EED:241028   IND ID:518089424394518              IND NAME:AUDIO PUBLISHERS ASSOC TRN: 3020669340TC,ACH_CREDIT,206.25,"180,696.97",,0,,,
DEBIT,10/29/2024,WEB*NETWORKSOLUTIONS 888-6429675 FL          10/28,DEBIT_CARD,-45.17,"180,651.80",,0,,,
CREDIT,10/29/2024,ORIG CO NAME:BANKCARD-8566          ORIG ID:1592126793 DESC DATE:241028 CO ENTRY DESCR:MTOT DEP  SEC:CCD    TRACE#:091000018133625 EED:241029   IND ID:518089424394518              IND NAME:AUDIO PUBLISHERS ASSOC TRN: 3028133625TC,ACH_CREDIT,206.25,"180,858.05",,0,,,
CREDIT,10/30/2024,ORIG CO NAME:BANKCARD-8566          ORIG ID:1592126793 DESC DATE:241029 CO ENTRY DESCR:MTOT DEP  SEC:CCD    TRACE#:091000016598741 EED:241030   IND ID:518089424394518              IND NAME:AUDIO PUBLISHERS ASSOC TRN: 3036598741TC,ACH_CREDIT,206.25,"181,064.30",,0,,,
DSLIP,10/30/2024,REMOTE ONLINE DEPOSIT #          1,CHECK_DEPOSIT,"10,010.00","191,074.30",,0,,,
DEBIT,11/1/2024,LINODE . AKAMAI 609-380-7100 MA              11/01,DEBIT_CARD,-34,"191,040.30",,0,,,
DEBIT,11/1/2024,GOOGLE *GSUITE_audio cc@google.com CA        11/01,DEBIT_CARD,-78.39,"190,961.91",,0,,,
CREDIT,11/1/2024,ORIG CO NAME:BANKCARD-8566          ORIG ID:1592126793 DESC DATE:241031 CO ENTRY DESCR:MTOT DEP  SEC:CCD    TRACE#:091000011292713 EED:241101   IND ID:518089424394518              IND NAME:AUDIO PUBLISHERS ASSOC TRN: 3051292713TC,ACH_CREDIT,206.25,"191,168.16",,0,,,
DEBIT,11/4/2024,ORIG CO NAME:BANKCARD-8566          ORIG ID:1592126793 DESC DATE:241031 CO ENTRY DESCR:MTOT DISC SEC:CCD    TRACE#:091000012907733 EED:241104   IND ID:518089424394518              IND NAME:AUDIO PUBLISHERS ASSOC TRN: 3062907733TC,ACH_DEBIT,"-3,161.11","188,007.05",,0,,,
DEBIT,11/4/2024,EIG*CONSTANTCONTACT.CO 855-2295506 MA        11/02,DEBIT_CARD,-170.94,"187,836.11",,0,,,
CREDIT,11/4/2024,ORIG CO NAME:BANKCARD-8566          ORIG ID:1592126793 DESC DATE:241101 CO ENTRY DESCR:MTOT DEP  SEC:CCD    TRACE#:091000012229551 EED:241104   IND ID:518089424394518              IND NAME:AUDIO PUBLISHERS ASSOC TRN: 3062229551TC,ACH_CREDIT,330,"188,166.11",,0,,,
CREDIT,11/4/2024,ORIG CO NAME:BANKCARD-8566          ORIG ID:1592126793 DESC DATE:241103 CO ENTRY DESCR:MTOT DEP  SEC:CCD    TRACE#:091000015437923 EED:241104   IND ID:518089424394518              IND NAME:AUDIO PUBLISHERS ASSOC TRN: 3095437923TC,ACH_CREDIT,570,"188,736.11",,0,,,
CREDIT,11/4/2024,ORIG CO NAME:BANKCARD-8566          ORIG ID:1592126793 DESC DATE:241103 CO ENTRY DESCR:MTOT DEP  SEC:CCD    TRACE#:091000015437924 EED:241104   IND ID:518089424394518              IND NAME:AUDIO PUBLISHERS ASSOC TRN: 3095437924TC,ACH_CREDIT,"2,156.25","190,892.36",,0,,,
DEBIT,11/5/2024,SERVICE CHARGES FOR THE MONTH OF OCTOBER,FEE_TRANSACTION,-136,"190,756.36",,0,,,
CREDIT,11/5/2024,ORIG CO NAME:BANKCARD-8566          ORIG ID:1592126793 DESC DATE:241104 CO ENTRY DESCR:MTOT DEP  SEC:CCD    TRACE#:091000018689387 EED:241105   IND ID:518089424394518              IND NAME:AUDIO PUBLISHERS ASSOC TRN: 3098689387TC,ACH_CREDIT,"5,830.00","196,586.36",,0,,,
CREDIT,11/6/2024,ORIG CO NAME:BANKCARD-8566          ORIG ID:1592126793 DESC DATE:241105 CO ENTRY DESCR:MTOT DEP  SEC:CCD    TRACE#:091000011228277 EED:241106   IND ID:518089424394518              IND NAME:AUDIO PUBLISHERS ASSOC TRN: 3101228277TC,ACH_CREDIT,577.5,"197,163.86",,0,,,
DEBIT,11/7/2024,Online ACH Payment 11151174765 To EdisonResearch (_######4589),ACH_PAYMENT,"-38,750.00","158,413.86",,0,,,
DEBIT,11/7/2024,Online ACH Payment 11151079584 To MicheleCobb (_######6800),ACH_PAYMENT,"-5,587.79","152,826.07",,0,,,
CREDIT,11/7/2024,ORIG CO NAME:BANKCARD-8566          ORIG ID:1592126793 DESC DATE:241106 CO ENTRY DESCR:MTOT DEP  SEC:CCD    TRACE#:091000018600707 EED:241107   IND ID:518089424394518              IND NAME:AUDIO PUBLISHERS ASSOC TRN: 3118600707TC,ACH_CREDIT,371.25,"153,197.32",,0,,,
CREDIT,11/7/2024,ORIG CO NAME:SPOTIFY ISO            ORIG ID:4284601835 DESC DATE:241107 CO ENTRY DESCR:PAYMENTS  SEC:CTX    TRACE#:021000022962504 EED:241107   IND ID:VBUS177932                   IND NAME:0008Audio Publishers TRN: 3122962504TC,ACH_CREDIT,"1,040.00","154,237.32",,0,,,
DSLIP,11/7/2024,REMOTE ONLINE DEPOSIT #          1,CHECK_DEPOSIT,630,"154,867.32",,0,,,
DSLIP,11/7/2024,REMOTE ONLINE DEPOSIT #          1,CHECK_DEPOSIT,"4,840.00","159,707.32",,0,,,
DEBIT,11/12/2024,Zelle payment to Emma Harris JPM99ar2yoih,CHASE_TO_PARTNERFI,-19.3,"159,688.02",,0,,,
DEBIT,11/12/2024,Online Transfer to CHK ...7365 transaction#: 22690662526 11/12,ACCT_XFER,"-13,600.00","146,088.02",,0,,,
DEBIT,11/12/2024,INTUIT *QBooks Onlin CL.INTUIT.COM CA        11/10,DEBIT_CARD,-255.86,"145,832.16",,0,,,
DEBIT,11/12/2024,ORIG CO NAME:RAYDIUS CORPORAT       ORIG ID:9215986202 DESC DATE:241109 CO ENTRY DESCR:SALE      SEC:CCD    TRACE#:021000027996732 EED:241112   IND ID:                             IND NAME:AUDIO PUBLISHERS ASSOC TRN: 3137996732TC,ACH_DEBIT,"-25,206.00","120,626.16",,0,,,
CREDIT,11/12/2024,ORIG CO NAME:BANKCARD-8566          ORIG ID:1592126793 DESC DATE:241110 CO ENTRY DESCR:MTOT DEP  SEC:CCD    TRACE#:091000017488961 EED:241112   IND ID:518089424394518              IND NAME:AUDIO PUBLISHERS ASSOC TRN: 3177488961TC,ACH_CREDIT,165,"120,791.16",,0,,,
CREDIT,11/12/2024,ORIG CO NAME:BANKCARD-8566          ORIG ID:1592126793 DESC DATE:241110 CO ENTRY DESCR:MTOT DEP  SEC:CCD    TRACE#:091000017488960 EED:241112   IND ID:518089424394518              IND NAME:AUDIO PUBLISHERS ASSOC TRN: 3177488960TC,ACH_CREDIT,330,"121,121.16",,0,,,
CREDIT,11/12/2024,ORIG CO NAME:BANKCARD-8566          ORIG ID:1592126793 DESC DATE:241111 CO ENTRY DESCR:MTOT DEP  SEC:CCD    TRACE#:091000017488963 EED:241112   IND ID:518089424394518              IND NAME:AUDIO PUBLISHERS ASSOC TRN: 3177488963TC,ACH_CREDIT,371.25,"121,492.41",,0,,,
CREDIT,11/12/2024,ORIG CO NAME:BANKCARD-8566          ORIG ID:1592126793 DESC DATE:241108 CO ENTRY DESCR:MTOT DEP  SEC:CCD    TRACE#:091000017426945 EED:241112   IND ID:518089424394518              IND NAME:AUDIO PUBLISHERS ASSOC TRN: 3137426945TC,ACH_CREDIT,701.25,"122,193.66",,0,,,
DSLIP,11/12/2024,REMOTE ONLINE DEPOSIT #          1,CHECK_DEPOSIT,572,"122,765.66",,0,,,
DEBIT,11/13/2024,SEAMLSS*SOHOSUSHI SEAMLESS.COM NY            11/13,DEBIT_CARD,-34.79,"122,730.87",,0,,,
CREDIT,11/13/2024,ORIG CO NAME:BANKCARD-8566          ORIG ID:1592126793 DESC DATE:241112 CO ENTRY DESCR:MTOT DEP  SEC:CCD    TRACE#:091000016061878 EED:241113   IND ID:518089424394518              IND NAME:AUDIO PUBLISHERS ASSOC TRN: 3176061878TC,ACH_CREDIT,"1,650.00","124,380.87",,0,,,
CREDIT,11/14/2024,ORIG CO NAME:BANKCARD-8566          ORIG ID:1592126793 DESC DATE:241113 CO ENTRY DESCR:MTOT DEP  SEC:CCD    TRACE#:091000013995175 EED:241114   IND ID:518089424394518              IND NAME:AUDIO PUBLISHERS ASSOC TRN: 3183995175TC,ACH_CREDIT,"6,000.00","130,380.87",,0,,,
DSLIP,11/14/2024,REMOTE ONLINE DEPOSIT #          1,CHECK_DEPOSIT,"5,500.00","135,880.87",,0,,,
DEBIT,11/15/2024,DEPOSITED ITEM RETURNED       Refer to Maker 099004130                                       # OF ITEMS00001CK#:0000170642                                        DEP AMT0000057200     DEP DATE111224CK AMT0000057200,DEPOSIT_RETURN,-572,"135,308.87",,0,,,
CREDIT,11/15/2024,ORIG CO NAME:BANKCARD-8566          ORIG ID:1592126793 DESC DATE:241114 CO ENTRY DESCR:MTOT DEP  SEC:CCD    TRACE#:091000017737456 EED:241115   IND ID:518089424394518              IND NAME:AUDIO PUBLISHERS ASSOC TRN: 3197737456TC,ACH_CREDIT,412.5,"135,721.37",,0,,,
DEBIT,11/18/2024,GOOGLE *Google One g.co/helppay# CA          11/17,DEBIT_CARD,-10.88,"135,710.49",,0,,,
DEBIT,11/18/2024,ZOOM.US 888-799-9666 WWW.ZOOM.US CA          11/15,DEBIT_CARD,-16.37,"135,694.12",,0,,,
DEBIT,11/18/2024,FEDEX         00011007 800-4633339 TN        11/16,DEBIT_CARD,-36.5,"135,657.62",,0,,,
DEBIT,11/18/2024,FEDEX         00011007 800-4633339 TN        11/15,DEBIT_CARD,-40.75,"135,616.87",,0,,,
CREDIT,11/18/2024,ORIG CO NAME:BANKCARD-8566          ORIG ID:1592126793 DESC DATE:241117 CO ENTRY DESCR:MTOT DEP  SEC:CCD    TRACE#:091000012316433 EED:241118   IND ID:518089424394518              IND NAME:AUDIO PUBLISHERS ASSOC TRN: 3232316433TC,ACH_CREDIT,"3,105.00","138,721.87",,0,,,
CREDIT,11/18/2024,ORIG CO NAME:BANKCARD-8566          ORIG ID:1592126793 DESC DATE:241117 CO ENTRY DESCR:MTOT DEP  SEC:CCD    TRACE#:091000012316434 EED:241118   IND ID:518089424394518              IND NAME:AUDIO PUBLISHERS ASSOC TRN: 3232316434TC,ACH_CREDIT,"6,345.00","145,066.87",,0,,,
CREDIT,11/18/2024,ORIG CO NAME:BANKCARD-8566          ORIG ID:1592126793 DESC DATE:241115 CO ENTRY DESCR:MTOT DEP  SEC:CCD    TRACE#:091000016963479 EED:241118   IND ID:518089424394518              IND NAME:AUDIO PUBLISHERS ASSOC TRN: 3206963479TC,ACH_CREDIT,"18,585.00","163,651.87",,0,,,
CREDIT,11/19/2024,ORIG CO NAME:BANKCARD-8566          ORIG ID:1592126793 DESC DATE:241118 CO ENTRY DESCR:MTOT DEP  SEC:CCD    TRACE#:091000011602259 EED:241119   IND ID:518089424394518              IND NAME:AUDIO PUBLISHERS ASSOC TRN: 3231602259TC,ACH_CREDIT,"4,301.25","167,953.12",,0,,,
DSLIP,11/19/2024,REMOTE ONLINE DEPOSIT #          1,CHECK_DEPOSIT,"1,650.00","169,603.12",,0,,,
DEBIT,11/20/2024,Online Transfer to CHK ...7365 transaction#: 22781535214 11/20,ACCT_XFER,"-1,795.17","167,807.95",,0,,,
CREDIT,11/20/2024,Online Transfer from CHK ...7851 transaction#: 22781553365,ACCT_XFER,"1,795.17","169,603.12",,0,,,
CREDIT,11/20/2024,ORIG CO NAME:BANKCARD-8566          ORIG ID:1592126793 DESC DATE:241119 CO ENTRY DESCR:MTOT DEP  SEC:CCD    TRACE#:091000012431339 EED:241120   IND ID:518089424394518              IND NAME:AUDIO PUBLISHERS ASSOC TRN: 3242431339TC,ACH_CREDIT,"18,665.00","188,268.12",,0,,,
CREDIT,11/21/2024,ORIG CO NAME:BANKCARD-8566          ORIG ID:1592126793 DESC DATE:241120 CO ENTRY DESCR:MTOT DEP  SEC:CCD    TRACE#:091000017344916 EED:241121   IND ID:518089424394518              IND NAME:AUDIO PUBLISHERS ASSOC TRN: 3257344916TC,ACH_CREDIT,"24,696.25","212,964.37",,0,,,
CREDIT,11/22/2024,ORIG CO NAME:OVERDRIVE              ORIG ID:9111052000 DESC DATE:       CO ENTRY DESCR:PAYMENTS  SEC:CCD    TRACE#:044000024686943 EED:241122   IND ID:AUD001                       IND NAME:THE AUDIO PUBLISHERS A TRN: 3274686943TC,ACH_CREDIT,300,"213,264.37",,0,,,
CREDIT,11/22/2024,ORIG CO NAME:BANKCARD-8566          ORIG ID:1592126793 DESC DATE:241121 CO ENTRY DESCR:MTOT DEP  SEC:CCD    TRACE#:091000012924957 EED:241122   IND ID:518089424394518              IND NAME:AUDIO PUBLISHERS ASSOC TRN: 3262924957TC,ACH_CREDIT,"9,310.00","222,574.37",,0,,,
CREDIT,11/25/2024,ORIG CO NAME:BANKCARD-8566          ORIG ID:1592126793 DESC DATE:241124 CO ENTRY DESCR:MTOT DEP  SEC:CCD    TRACE#:091000011006043 EED:241125   IND ID:518089424394518              IND NAME:AUDIO PUBLISHERS ASSOC TRN: 3301006043TC,ACH_CREDIT,"1,416.25","223,990.62",,0,,,
CREDIT,11/25/2024,ORIG CO NAME:BANKCARD-8566          ORIG ID:1592126793 DESC DATE:241122 CO ENTRY DESCR:MTOT DEP  SEC:CCD    TRACE#:091000012198228 EED:241125   IND ID:518089424394518              IND NAME:AUDIO PUBLISHERS ASSOC TRN: 3272198228TC,ACH_CREDIT,"2,825.00","226,815.62",,0,,,
CREDIT,11/25/2024,ORIG CO NAME:BANKCARD-8566          ORIG ID:1592126793 DESC DATE:241124 CO ENTRY DESCR:MTOT DEP  SEC:CCD    TRACE#:091000011006044 EED:241125   IND ID:518089424394518              IND NAME:AUDIO PUBLISHERS ASSOC TRN: 3301006044TC,ACH_CREDIT,"4,890.00","231,705.62",,0,,,
CREDIT,11/26/2024,ORIG CO NAME:BANKCARD-8566          ORIG ID:1592126793 DESC DATE:241125 CO ENTRY DESCR:MTOT DEP  SEC:CCD    TRACE#:091000012197004 EED:241126   IND ID:518089424394518              IND NAME:AUDIO PUBLISHERS ASSOC TRN: 3302197004TC,ACH_CREDIT,330,"232,035.62",,0,,,
CREDIT,11/27/2024,ORIG CO NAME:BANKCARD-8566          ORIG ID:1592126793 DESC DATE:241126 CO ENTRY DESCR:MTOT DEP  SEC:CCD    TRACE#:091000016080449 EED:241127   IND ID:518089424394518              IND NAME:AUDIO PUBLISHERS ASSOC TRN: 3316080449TC,ACH_CREDIT,"2,985.00","235,020.62",,0,,,
DEBIT,11/29/2024,"ONLINE DOMESTIC WIRE TRANSFER VIA: CITIZENS BANK, NA/011500120 A/C: ABA/211070175 FAIRHAVEN MA US BEN: FORTE BUSINESS CONSULTING PROVIDENCE RI 02908 US REF: 2431 AND 2443 IMAD: 1129MMQFMP2L070365 TRN: 4027634334ES 11/29",WIRE_OUTGOING,"-173,768.95","61,251.67",,0,,,
DEBIT,11/29/2024,SUNSAMA PRO PLAN SUNSAMA.COM CA              11/28,DEBIT_CARD,-384,"60,867.67",,0,,,
CREDIT,11/29/2024,ORIG CO NAME:BANKCARD-8566          ORIG ID:1592126793 DESC DATE:241127 CO ENTRY DESCR:MTOT DEP  SEC:CCD    TRACE#:091000011909645 EED:241129   IND ID:518089424394518              IND NAME:AUDIO PUBLISHERS ASSOC TRN: 3321909645TC,ACH_CREDIT,"1,521.25","62,388.92",,0,,,
CREDIT,11/29/2024,ORIG CO NAME:BANKCARD-8566          ORIG ID:1592126793 DESC DATE:241128 CO ENTRY DESCR:MTOT DEP  SEC:CCD    TRACE#:091000011912622 EED:241129   IND ID:518089424394518              IND NAME:AUDIO PUBLISHERS ASSOC TRN: 3341912622TC,ACH_CREDIT,"1,980.00","64,368.92",,0,,,
DEBIT,12/2/2024,ORIG CO NAME:BANKCARD-8566          ORIG ID:1592126793 DESC DATE:241130 CO ENTRY DESCR:MTOT DISC SEC:CCD    TRACE#:091000017401055 EED:241202   IND ID:518089424394518              IND NAME:AUDIO PUBLISHERS ASSOC TRN: 3377401055TC,ACH_DEBIT,"-5,576.35","58,792.57",,0,,,
DEBIT,12/2/2024,GOOGLE *GSUITE_audio cc@google.com CA        12/01,DEBIT_CARD,-78.39,"58,714.18",,0,,,
DEBIT,12/2/2024,LINODE . AKAMAI 609-380-7100 MA              12/01,DEBIT_CARD,-34,"58,680.18",,0,,,
CREDIT,12/2/2024,ORIG CO NAME:BANKCARD-8566          ORIG ID:1592126793 DESC DATE:241130 CO ENTRY DESCR:MTOT DEP  SEC:CCD    TRACE#:091000016042364 EED:241202   IND ID:518089424394518              IND NAME:AUDIO PUBLISHERS ASSOC TRN: 3376042364TC,ACH_CREDIT,696.25,"59,376.43",,0,,,
DEBIT,12/3/2024,Online Transfer to CHK ...7365 transaction#: 22928479829 12/03,ACCT_XFER,"-13,600.00","45,776.43",,0,,,
DEBIT,12/3/2024,EIG*CONSTANTCONTACT.CO 855-2295506 MA        12/02,DEBIT_CARD,-170.94,"45,605.49",,0,,,
CREDIT,12/3/2024,ORIG CO NAME:BANKCARD-8566          ORIG ID:1592126793 DESC DATE:241202 CO ENTRY DESCR:MTOT DEP  SEC:CCD    TRACE#:091000019989128 EED:241203   IND ID:518089424394518              IND NAME:AUDIO PUBLISHERS ASSOC TRN: 3379989128TC,ACH_CREDIT,660,"46,265.49",,0,,,
CREDIT,12/3/2024,ORIG CO NAME:BANKCARD-8566          ORIG ID:1592126793 DESC DATE:241202 CO ENTRY DESCR:MTOT DEP  SEC:CCD    TRACE#:091000019989129 EED:241203   IND ID:518089424394518              IND NAME:AUDIO PUBLISHERS ASSOC TRN: 3379989129TC,ACH_CREDIT,866.25,"47,131.74",,0,,,
DEBIT,12/4/2024,SERVICE CHARGES FOR THE MONTH OF NOVEMBER,FEE_TRANSACTION,-34,"47,097.74",,0,,,
CREDIT,12/4/2024,ORIG CO NAME:BANKCARD-8566          ORIG ID:1592126793 DESC DATE:241203 CO ENTRY DESCR:MTOT DEP  SEC:CCD    TRACE#:091000018332218 EED:241204   IND ID:518089424394518              IND NAME:AUDIO PUBLISHERS ASSOC TRN: 3388332218TC,ACH_CREDIT,"3,241.25","50,338.99",,0,,,
CREDIT,12/5/2024,ORIG CO NAME:BANKCARD-8566          ORIG ID:1592126793 DESC DATE:241204 CO ENTRY DESCR:MTOT DEP  SEC:CCD    TRACE#:091000011902342 EED:241205   IND ID:518089424394518              IND NAME:AUDIO PUBLISHERS ASSOC TRN: 3391902342TC,ACH_CREDIT,"1,191.25","51,530.24",,0,,,
DEBIT,12/6/2024,GIFTOGRAM 973-7811020 NJ                     12/05,DEBIT_CARD,"-1,800.00","49,730.24",,0,,,
CREDIT,12/6/2024,ORIG CO NAME:BANKCARD-8566          ORIG ID:1592126793 DESC DATE:241205 CO ENTRY DESCR:MTOT DEP  SEC:CCD    TRACE#:091000016188861 EED:241206   IND ID:518089424394518              IND NAME:AUDIO PUBLISHERS ASSOC TRN: 3406188861TC,ACH_CREDIT,907.5,"50,637.74",,0,,,
DEBIT,12/6/2024,SUNSAMA PRO PLAN OAKLAND CA                  12/05,DEBIT_CARD,384,"51,021.74",,0,,,
CREDIT,12/9/2024,ORIG CO NAME:BANKCARD-8566          ORIG ID:1592126793 DESC DATE:241208 CO ENTRY DESCR:MTOT DEP  SEC:CCD    TRACE#:091000011002462 EED:241209   IND ID:518089424394518              IND NAME:AUDIO PUBLISHERS ASSOC TRN: 3441002462TC,ACH_CREDIT,990,"52,011.74",,0,,,
CREDIT,12/9/2024,ORIG CO NAME:BANKCARD-8566          ORIG ID:1592126793 DESC DATE:241206 CO ENTRY DESCR:MTOT DEP  SEC:CCD    TRACE#:091000011398801 EED:241209   IND ID:518089424394518              IND NAME:AUDIO PUBLISHERS ASSOC TRN: 3411398801TC,ACH_CREDIT,"10,455.00","62,466.74",,0,,,
CREDIT,12/9/2024,ORIG CO NAME:BANKCARD-8566          ORIG ID:1592126793 DESC DATE:241208 CO ENTRY DESCR:MTOT DEP  SEC:CCD    TRACE#:091000011002463 EED:241209   IND ID:518089424394518              IND NAME:AUDIO PUBLISHERS ASSOC TRN: 3441002463TC,ACH_CREDIT,"12,756.25","75,222.99",,0,,,
DEBIT,12/10/2024,INTUIT *QBooks Onlin CL.INTUIT.COM CA        12/10,DEBIT_CARD,-255.86,"74,967.13",,0,,,
CREDIT,12/10/2024,ORIG CO NAME:BANKCARD-8566          ORIG ID:1592126793 DESC DATE:241209 CO ENTRY DESCR:MTOT DEP  SEC:CCD    TRACE#:091000011858635 EED:241210   IND ID:518089424394518              IND NAME:AUDIO PUBLISHERS ASSOC TRN: 3441858635TC,ACH_CREDIT,"1,785.00","76,752.13",,0,,,
CREDIT,12/11/2024,ORIG CO NAME:BANKCARD-8566          ORIG ID:1592126793 DESC DATE:241210 CO ENTRY DESCR:MTOT DEP  SEC:CCD    TRACE#:091000018993661 EED:241211   IND ID:518089424394518              IND NAME:AUDIO PUBLISHERS ASSOC TRN: 3458993661TC,ACH_CREDIT,"4,016.25","80,768.38",,0,,,
CREDIT,12/12/2024,ORIG CO NAME:BANKCARD-8566          ORIG ID:1592126793 DESC DATE:241211 CO ENTRY DESCR:MTOT DEP  SEC:CCD    TRACE#:091000017546201 EED:241212   IND ID:518089424394518              IND NAME:AUDIO PUBLISHERS ASSOC TRN: 3467546201TC,ACH_CREDIT,"2,976.25","83,744.63",,0,,,
CREDIT,12/12/2024,"CHIPS CREDIT VIA: DEUTSCHE BANK AG/0378 B/O: 1/BOOKWIRE GMBH 3/DE/FRANKFURT 60486 REF: NBNF=AUDIO PUBLISHERS ASSOCIATION, INC. NEW YORK NY 10013-1033 US/AC-0 00000009056 ORG=/DE8650070024002738 8805 3/DE/FRANKFURT 60486 OGB=/BL50 070024 DEUTDEDBFRA OBI=/URI/INVOICE NO. 300008602 BBI=/CHGS/USD0,00/CH GS/USD17,00 SSN: 00037300 TRN: 0006457347FC",WIRE_INCOMING,283,"84,027.63",,0,,,
CREDIT,12/13/2024,ORIG CO NAME:BANKCARD-8566          ORIG ID:1592126793 DESC DATE:241212 CO ENTRY DESCR:MTOT DEP  SEC:CCD    TRACE#:091000015132981 EED:241213   IND ID:518089424394518              IND NAME:AUDIO PUBLISHERS ASSOC TRN: 3475132981TC,ACH_CREDIT,"5,215.00","89,242.63",,0,,,
DEBIT,12/16/2024,"ONLINE INTERNATIONAL WIRE TRANSFER A/C: FOREIGN CUR BUS ACCT BK 1 COLUMBUS NEWARK DE 197132107 US ORG: 00000000905678632 AUDIO PUBLISHERS ASSOCIATION, INC. BEN:/NL98RABO0172999634 LINK BUSTERS OPERATIONS BV REF: INVOICE 10265 CONSULTANCY EXPENSES/OCMT/EUR11995,00/EXCH/0.9260/CNTR/1 5969790/ TRN: 5320600351RE 12/16",WIRE_OUTGOING,"-12,953.56","76,289.07",,0,,,
DEBIT,12/16/2024,ZOOM.COM 888-799-9666 WWW.ZOOM.US CA         12/15,DEBIT_CARD,-16.37,"76,272.70",,0,,,
CREDIT,12/16/2024,ORIG CO NAME:BANKCARD-8566          ORIG ID:1592126793 DESC DATE:241215 CO ENTRY DESCR:MTOT DEP  SEC:CCD    TRACE#:091000016088821 EED:241216   IND ID:518089424394518              IND NAME:AUDIO PUBLISHERS ASSOC TRN: 3516088821TC,ACH_CREDIT,330,"76,602.70",,0,,,
CREDIT,12/16/2024,ORIG CO NAME:SPOTIFY ISO            ORIG ID:4284601835 DESC DATE:241216 CO ENTRY DESCR:PAYMENTS  SEC:CTX    TRACE#:021000020469305 EED:241216   IND ID:VBUS182188                   IND NAME:0008Audio Publishers TRN: 3510469305TC,ACH_CREDIT,"1,200.00","77,802.70",,0,,,
CREDIT,12/16/2024,ORIG CO NAME:BANKCARD-8566          ORIG ID:1592126793 DESC DATE:241215 CO ENTRY DESCR:MTOT DEP  SEC:CCD    TRACE#:091000016088820 EED:241216   IND ID:518089424394518              IND NAME:AUDIO PUBLISHERS ASSOC TRN: 3516088820TC,ACH_CREDIT,"1,356.25","79,158.95",,0,,,
CREDIT,12/16/2024,ORIG CO NAME:BANKCARD-8566          ORIG ID:1592126793 DESC DATE:241213 CO ENTRY DESCR:MTOT DEP  SEC:CCD    TRACE#:091000013545290 EED:241216   IND ID:518089424394518              IND NAME:AUDIO PUBLISHERS ASSOC TRN: 3483545290TC,ACH_CREDIT,"16,456.25","95,615.20",,0,,,
DEBIT,12/17/2024,GOOGLE *Google One 855-836-3987 CA           12/17,DEBIT_CARD,-10.88,"95,604.32",,0,,,
CREDIT,12/17/2024,ORIG CO NAME:BANKCARD-8566          ORIG ID:1592126793 DESC DATE:241216 CO ENTRY DESCR:MTOT DEP  SEC:CCD    TRACE#:091000019096902 EED:241217   IND ID:518089424394518              IND NAME:AUDIO PUBLISHERS ASSOC TRN: 3519096902TC,ACH_CREDIT,"2,351.25","97,955.57",,0,,,
CREDIT,12/18/2024,ORIG CO NAME:BANKCARD-8566          ORIG ID:1592126793 DESC DATE:241217 CO ENTRY DESCR:MTOT DEP  SEC:CCD    TRACE#:091000017266171 EED:241218   IND ID:518089424394518              IND NAME:AUDIO PUBLISHERS ASSOC TRN: 3527266171TC,ACH_CREDIT,"2,845.00","100,800.57",,0,,,
CREDIT,12/19/2024,ORIG CO NAME:BANKCARD-8566          ORIG ID:1592126793 DESC DATE:241218 CO ENTRY DESCR:MTOT DEP  SEC:CCD    TRACE#:091000013374126 EED:241219   IND ID:518089424394518              IND NAME:AUDIO PUBLISHERS ASSOC TRN: 3533374126TC,ACH_CREDIT,"2,776.25","103,576.82",,0,,,
CREDIT,12/20/2024,ORIG CO NAME:BANKCARD-8566          ORIG ID:1592126793 DESC DATE:241219 CO ENTRY DESCR:MTOT DEP  SEC:CCD    TRACE#:091000011480494 EED:241220   IND ID:518089424394518              IND NAME:AUDIO PUBLISHERS ASSOC TRN: 3541480494TC,ACH_CREDIT,"2,405.00","105,981.82",,0,,,
CREDIT,12/23/2024,ORIG CO NAME:BANKCARD-8566          ORIG ID:1592126793 DESC DATE:241222 CO ENTRY DESCR:MTOT DEP  SEC:CCD    TRACE#:091000014875100 EED:241223   IND ID:518089424394518              IND NAME:AUDIO PUBLISHERS ASSOC TRN: 3584875100TC,ACH_CREDIT,575,"106,556.82",,0,,,
CREDIT,12/23/2024,ORIG CO NAME:BANKCARD-8566          ORIG ID:1592126793 DESC DATE:241220 CO ENTRY DESCR:MTOT DEP  SEC:CCD    TRACE#:091000014453477 EED:241223   IND ID:518089424394518              IND NAME:AUDIO PUBLISHERS ASSOC TRN: 3554453477TC,ACH_CREDIT,"1,360.00","107,916.82",,0,,,
CREDIT,12/23/2024,ORIG CO NAME:BANKCARD-8566          ORIG ID:1592126793 DESC DATE:241222 CO ENTRY DESCR:MTOT DEP  SEC:CCD    TRACE#:091000014875101 EED:241223   IND ID:518089424394518              IND NAME:AUDIO PUBLISHERS ASSOC TRN: 3584875101TC,ACH_CREDIT,"2,275.00","110,191.82",,0,,,
CREDIT,12/24/2024,ORIG CO NAME:BANKCARD-8566          ORIG ID:1592126793 DESC DATE:241223 CO ENTRY DESCR:MTOT DEP  SEC:CCD    TRACE#:091000017671717 EED:241224   IND ID:518089424394518              IND NAME:AUDIO PUBLISHERS ASSOC TRN: 3587671717TC,ACH_CREDIT,660,"110,851.82",,0,,,
CREDIT,12/27/2024,ORIG CO NAME:BANKCARD-8566          ORIG ID:1592126793 DESC DATE:241226 CO ENTRY DESCR:MTOT DEP  SEC:CCD    TRACE#:091000012743200 EED:241227   IND ID:518089424394518              IND NAME:AUDIO PUBLISHERS ASSOC TRN: 3612743200TC,ACH_CREDIT,495,"111,346.82",,0,,,
CREDIT,12/30/2024,ORIG CO NAME:BANKCARD-8566          ORIG ID:1592126793 DESC DATE:241227 CO ENTRY DESCR:MTOT DEP  SEC:CCD    TRACE#:091000010892615 EED:241230   IND ID:518089424394518              IND NAME:AUDIO PUBLISHERS ASSOC TRN: 3620892615TC,ACH_CREDIT,225,"111,571.82",,0,,,
CREDIT,12/30/2024,ORIG CO NAME:BANKCARD-8566          ORIG ID:1592126793 DESC DATE:241229 CO ENTRY DESCR:MTOT DEP  SEC:CCD    TRACE#:091000018070054 EED:241230   IND ID:518089424394518              IND NAME:AUDIO PUBLISHERS ASSOC TRN: 3658070054TC,ACH_CREDIT,536.25,"112,108.07",,0,,,
CREDIT,12/30/2024,ORIG CO NAME:BANKCARD-8566          ORIG ID:1592126793 DESC DATE:241229 CO ENTRY DESCR:MTOT DEP  SEC:CCD    TRACE#:091000018070055 EED:241230   IND ID:518089424394518              IND NAME:AUDIO PUBLISHERS ASSOC TRN: 3658070055TC,ACH_CREDIT,"1,620.00","113,728.07",,0,,,
CREDIT,12/31/2024,ORIG CO NAME:BANKCARD-8566          ORIG ID:1592126793 DESC DATE:241230 CO ENTRY DESCR:MTOT DEP  SEC:CCD    TRACE#:091000018517327 EED:241231   IND ID:518089424394518              IND NAME:AUDIO PUBLISHERS ASSOC TRN: 3658517327TC,ACH_CREDIT,790,"114,518.07",,0,,,
DEBIT,1/2/2025,ORIG CO NAME:BANKCARD-8566          ORIG ID:1592126793 DESC DATE:241231 CO ENTRY DESCR:MTOT DISC SEC:CCD    TRACE#:091000012528008 EED:250102   IND ID:518089424394518              IND NAME:AUDIO PUBLISHERS ASSOC TRN: 0022528008TC,ACH_DEBIT,"-4,525.90","109,992.17",,0,,,
DEBIT,1/2/2025,GOOGLE *GSUITE_audio cc@google.com CA        01/01,DEBIT_CARD,-78.39,"109,913.78",,0,,,
DEBIT,1/2/2025,LINODE . AKAMAI 609-380-7100 MA              01/01,DEBIT_CARD,-34,"109,879.78",,0,,,
CREDIT,1/2/2025,ORIG CO NAME:BANKCARD-8566          ORIG ID:1592126793 DESC DATE:241231 CO ENTRY DESCR:MTOT DEP  SEC:CCD    TRACE#:091000018694714 EED:250102   IND ID:518089424394518              IND NAME:AUDIO PUBLISHERS ASSOC TRN: 3668694714TC,ACH_CREDIT,"15,701.25","125,581.03",,0,,,
CREDIT,1/2/2025,ORIG CO NAME:BANKCARD-8566          ORIG ID:1592126793 DESC DATE:250101 CO ENTRY DESCR:MTOT DEP  SEC:CCD    TRACE#:091000011162320 EED:250102   IND ID:518089424394518              IND NAME:AUDIO PUBLISHERS ASSOC TRN: 0021162320TC,ACH_CREDIT,"20,400.00","145,981.03",,0,,,
DEBIT,1/3/2025,EIG*CONSTANTCONTACT.CO 855-2295506 MA        01/02,DEBIT_CARD,-170.94,"145,810.09",,0,,,
CREDIT,1/3/2025,ORIG CO NAME:BANKCARD-8566          ORIG ID:1592126793 DESC DATE:250102 CO ENTRY DESCR:MTOT DEP  SEC:CCD    TRACE#:091000014898099 EED:250103   IND ID:518089424394518              IND NAME:AUDIO PUBLISHERS ASSOC TRN: 0024898099TC,ACH_CREDIT,"3,075.00","148,885.09",,0,,,
DSLIP,1/3/2025,REMOTE ONLINE DEPOSIT #          1,CHECK_DEPOSIT,"5,500.00","154,385.09",,0,,,
DSLIP,1/3/2025,REMOTE ONLINE DEPOSIT #          1,CHECK_DEPOSIT,"7,300.00","161,685.09",,0,,,
DEBIT,1/6/2025,SERVICE CHARGES FOR THE MONTH OF DECEMBER,FEE_TRANSACTION,-68,"161,617.09",,0,,,
DEBIT,1/6/2025,ORIG CO NAME:BANKCARD-8566          ORIG ID:1592126793 DESC DATE:250105 CO ENTRY DESCR:MTOT DEP  SEC:CCD    TRACE#:091000017104755 EED:250106   IND ID:518089424394518              IND NAME:AUDIO PUBLISHERS ASSOC TRN: 0067104755TC,ACH_DEBIT,"-1,120.00","160,497.09",,0,,,
CREDIT,1/6/2025,ORIG CO NAME:BANKCARD-8566          ORIG ID:1592126793 DESC DATE:250105 CO ENTRY DESCR:MTOT DEP  SEC:CCD    TRACE#:091000015703405 EED:250106   IND ID:518089424394518              IND NAME:AUDIO PUBLISHERS ASSOC TRN: 0065703405TC,ACH_CREDIT,"8,655.00","169,152.09",,0,,,
CREDIT,1/6/2025,ORIG CO NAME:BANKCARD-8566          ORIG ID:1592126793 DESC DATE:250105 CO ENTRY DESCR:MTOT DEP  SEC:CCD    TRACE#:091000015703406 EED:250106   IND ID:518089424394518              IND NAME:AUDIO PUBLISHERS ASSOC TRN: 0065703406TC,ACH_CREDIT,"23,415.00","192,567.09",,0,,,
CREDIT,1/6/2025,ORIG CO NAME:BANKCARD-8566          ORIG ID:1592126793 DESC DATE:250103 CO ENTRY DESCR:MTOT DEP  SEC:CCD    TRACE#:091000019199015 EED:250106   IND ID:518089424394518              IND NAME:AUDIO PUBLISHERS ASSOC TRN: 0039199015TC,ACH_CREDIT,"80,190.00","272,757.09",,0,,,
DEBIT,1/7/2025,"Zelle payment to Janet Benson, Inc. 23307815322",QUICKPAY_DEBIT,-19.9,"272,737.19",,0,,,
DEBIT,1/7/2025,ORIG CO NAME:BANKCARD-8566          ORIG ID:1592126793 DESC DATE:250106 CO ENTRY DESCR:MTOT DEP  SEC:CCD    TRACE#:091000018975671 EED:250107   IND ID:518089424394518              IND NAME:AUDIO PUBLISHERS ASSOC TRN: 0068975671TC,ACH_DEBIT,"-1,025.00","271,712.19",,0,,,
CREDIT,1/7/2025,ORIG CO NAME:BANKCARD-8566          ORIG ID:1592126793 DESC DATE:250106 CO ENTRY DESCR:MTOT DEP  SEC:CCD    TRACE#:091000018261413 EED:250107   IND ID:518089424394518              IND NAME:AUDIO PUBLISHERS ASSOC TRN: 0068261413TC,ACH_CREDIT,"5,920.00","277,632.19",,0,,,
CREDIT,1/8/2025,ORIG CO NAME:BANKCARD-8566          ORIG ID:1592126793 DESC DATE:250107 CO ENTRY DESCR:MTOT DEP  SEC:CCD    TRACE#:091000017036877 EED:250108   IND ID:518089424394518              IND NAME:AUDIO PUBLISHERS ASSOC TRN: 0077036877TC,ACH_CREDIT,"14,430.00","292,062.19",,0,,,
CREDIT,1/9/2025,ORIG CO NAME:SPOTIFY ISO            ORIG ID:4284601835 DESC DATE:250109 CO ENTRY DESCR:PAYMENTS  SEC:CTX    TRACE#:021000027432270 EED:250109   IND ID:VBUS183598                   IND NAME:0008Audio Publishers TRN: 0097432270TC,ACH_CREDIT,"5,500.00","297,562.19",,0,,,
CREDIT,1/9/2025,ORIG CO NAME:BANKCARD-8566          ORIG ID:1592126793 DESC DATE:250108 CO ENTRY DESCR:MTOT DEP  SEC:CCD    TRACE#:091000019753426 EED:250109   IND ID:518089424394518              IND NAME:AUDIO PUBLISHERS ASSOC TRN: 0089753426TC,ACH_CREDIT,"8,275.00","305,837.19",,0,,,
DEBIT,1/10/2025,INTUIT *QBooks Onlin CL.INTUIT.COM CA        01/10,DEBIT_CARD,-255.86,"305,581.33",,0,,,
CREDIT,1/10/2025,ORIG CO NAME:BANKCARD-8566          ORIG ID:1592126793 DESC DATE:250109 CO ENTRY DESCR:MTOT DEP  SEC:CCD    TRACE#:091000011645757 EED:250110   IND ID:518089424394518              IND NAME:AUDIO PUBLISHERS ASSOC TRN: 0091645757TC,ACH_CREDIT,"3,585.00","309,166.33",,0,,,
CREDIT,1/13/2025,ORIG CO NAME:BANKCARD-8566          ORIG ID:1592126793 DESC DATE:250112 CO ENTRY DESCR:MTOT DEP  SEC:CCD    TRACE#:091000018188111 EED:250113   IND ID:518089424394518              IND NAME:AUDIO PUBLISHERS ASSOC TRN: 0138188111TC,ACH_CREDIT,"5,465.00","314,631.33",,0,,,
CREDIT,1/13/2025,ORIG CO NAME:BANKCARD-8566          ORIG ID:1592126793 DESC DATE:250112 CO ENTRY DESCR:MTOT DEP  SEC:CCD    TRACE#:091000018188112 EED:250113   IND ID:518089424394518              IND NAME:AUDIO PUBLISHERS ASSOC TRN: 0138188112TC,ACH_CREDIT,"6,295.00","320,926.33",,0,,,
CREDIT,1/13/2025,ORIG CO NAME:BANKCARD-8566          ORIG ID:1592126793 DESC DATE:250110 CO ENTRY DESCR:MTOT DEP  SEC:CCD    TRACE#:091000010223329 EED:250113   IND ID:518089424394518              IND NAME:AUDIO PUBLISHERS ASSOC TRN: 0100223329TC,ACH_CREDIT,"7,920.00","328,846.33",,0,,,
CREDIT,1/14/2025,ORIG CO NAME:SKYWIRE PAYMASTE       ORIG ID:A834441294 DESC DATE:       CO ENTRY DESCR:CORP PAY  SEC:CCD    TRACE#:031301427225461 EED:250114   IND ID:                             IND NAME:AUDIO PUBLISHERS ASSOC TRN: 0137225461TC,ACH_CREDIT,"1,375.00","330,221.33",,0,,,
CREDIT,1/14/2025,ORIG CO NAME:BANKCARD-8566          ORIG ID:1592126793 DESC DATE:250113 CO ENTRY DESCR:MTOT DEP  SEC:CCD    TRACE#:091000017225463 EED:250114   IND ID:518089424394518              IND NAME:AUDIO PUBLISHERS ASSOC TRN: 0137225463TC,ACH_CREDIT,"2,060.00","332,281.33",,0,,,
DEBIT,1/15/2025,FEDEX OFFICE 800000836 800-4633339 TX        01/14,DEBIT_CARD,-91.96,"332,189.37",,0,,,
CREDIT,1/15/2025,ORIG CO NAME:BANKCARD-8566          ORIG ID:1592126793 DESC DATE:250114 CO ENTRY DESCR:MTOT DEP  SEC:CCD    TRACE#:091000010736006 EED:250115   IND ID:518089424394518              IND NAME:AUDIO PUBLISHERS ASSOC TRN: 0140736006TC,ACH_CREDIT,"4,790.00","336,979.37",,0,,,
DEBIT,1/16/2025,ZOOM.COM 888-799-9666 ZOOM.US CA             01/15,DEBIT_CARD,-16.37,"336,963.00",,0,,,
CREDIT,1/16/2025,ORIG CO NAME:BANKCARD-8566          ORIG ID:1592126793 DESC DATE:250115 CO ENTRY DESCR:MTOT DEP  SEC:CCD    TRACE#:091000019983353 EED:250116   IND ID:518089424394518              IND NAME:AUDIO PUBLISHERS ASSOC TRN: 0159983353TC,ACH_CREDIT,"6,655.00","343,618.00",,0,,,
DEBIT,1/17/2025,Online Payment 23420332915 To Restaurant Associates 01/17,BILLPAY,"-3,641.10","339,976.90",,0,,,
DEBIT,1/17/2025,GOOGLE *Google One 855-836-3987 CA           01/17,DEBIT_CARD,-10.88,"339,966.02",,0,,,
CREDIT,1/17/2025,ORIG CO NAME:BANKCARD-8566          ORIG ID:1592126793 DESC DATE:250116 CO ENTRY DESCR:MTOT DEP  SEC:CCD    TRACE#:091000014306467 EED:250117   IND ID:518089424394518              IND NAME:AUDIO PUBLISHERS ASSOC TRN: 0174306467TC,ACH_CREDIT,"3,920.00","343,886.02",,0,,,
DEBIT,1/21/2025,ORIG CO NAME:BANKCARD-8566          ORIG ID:1592126793 DESC DATE:250120 CO ENTRY DESCR:MTOT DEP  SEC:CCD    TRACE#:091000010312110 EED:250121   IND ID:518089424394518              IND NAME:AUDIO PUBLISHERS ASSOC TRN: 0210312110TC,ACH_DEBIT,-525,"343,361.02",,0,,,
DEBIT,1/21/2025,Zelle payment to Kelleen Reddy JPM99avhy4t7,CHASE_TO_PARTNERFI,-200,"343,161.02",,0,,,
DEBIT,1/21/2025,LINODE . AKAMAI 609-380-7100 MA              01/20,DEBIT_CARD,-24.07,"343,136.95",,0,,,
CREDIT,1/21/2025,ORIG CO NAME:BANKCARD-8566          ORIG ID:1592126793 DESC DATE:250120 CO ENTRY DESCR:MTOT DEP  SEC:CCD    TRACE#:091000018523297 EED:250121   IND ID:518089424394518              IND NAME:AUDIO PUBLISHERS ASSOC TRN: 0218523297TC,ACH_CREDIT,"5,285.00","348,421.95",,0,,,
CREDIT,1/21/2025,ORIG CO NAME:John Marshall Me       ORIG ID:1204895317 DESC DATE:       CO ENTRY DESCR:ReceivableSEC:CCD    TRACE#:021000028685070 EED:250121   IND ID:026IXVELE18PGZ3              IND NAME:Audio Publishers Assoc     026IXVELE18PGZ3 John Marshall Me Bi ll.com Inv Inv 200010077 TRN: 0178685070TC,ACH_CREDIT,"5,500.00","353,921.95",,0,,,
CREDIT,1/21/2025,ORIG CO NAME:BANKCARD-8566          ORIG ID:1592126793 DESC DATE:250117 CO ENTRY DESCR:MTOT DEP  SEC:CCD    TRACE#:091000018685068 EED:250121   IND ID:518089424394518              IND NAME:AUDIO PUBLISHERS ASSOC TRN: 0178685068TC,ACH_CREDIT,"5,865.00","359,786.95",,0,,,
CREDIT,1/21/2025,ORIG CO NAME:BANKCARD-8566          ORIG ID:1592126793 DESC DATE:250119 CO ENTRY DESCR:MTOT DEP  SEC:CCD    TRACE#:091000018523294 EED:250121   IND ID:518089424394518              IND NAME:AUDIO PUBLISHERS ASSOC TRN: 0218523294TC,ACH_CREDIT,"6,630.00","366,416.95",,0,,,
CREDIT,1/21/2025,ORIG CO NAME:BANKCARD-8566          ORIG ID:1592126793 DESC DATE:250119 CO ENTRY DESCR:MTOT DEP  SEC:CCD    TRACE#:091000018523295 EED:250121   IND ID:518089424394518              IND NAME:AUDIO PUBLISHERS ASSOC TRN: 0218523295TC,ACH_CREDIT,"10,370.00","376,786.95",,0,,,
DSLIP,1/21/2025,REMOTE ONLINE DEPOSIT #          1,CHECK_DEPOSIT,50,"376,836.95",,0,,,
DSLIP,1/21/2025,REMOTE ONLINE DEPOSIT #          1,CHECK_DEPOSIT,"2,640.00","379,476.95",,0,,,
DSLIP,1/21/2025,REMOTE ONLINE DEPOSIT #          1,CHECK_DEPOSIT,"4,000.00","383,476.95",,0,,,
DSLIP,1/21/2025,REMOTE ONLINE DEPOSIT #          1,CHECK_DEPOSIT,"7,300.00","390,776.95",,0,,,
DSLIP,1/21/2025,REMOTE ONLINE DEPOSIT #          1,CHECK_DEPOSIT,"7,300.00","398,076.95",,0,,,
DEBIT,1/22/2025,Online Transfer to CHK ...7365 transaction#: 23470114074 01/22,ACCT_XFER,"-13,600.00","384,476.95",,0,,,
DEBIT,1/22/2025,Online ACH Payment 11159404687 To MicheleCobb (_######6800),ACH_PAYMENT,"-6,747.46","377,729.49",,0,,,
CREDIT,1/22/2025,ORIG CO NAME:BANKCARD-8566          ORIG ID:1592126793 DESC DATE:250121 CO ENTRY DESCR:MTOT DEP  SEC:CCD    TRACE#:091000018438228 EED:250122   IND ID:518089424394518              IND NAME:AUDIO PUBLISHERS ASSOC TRN: 0218438228TC,ACH_CREDIT,"5,565.00","383,294.49",,0,,,
CREDIT,1/23/2025,ORIG CO NAME:BANKCARD-8566          ORIG ID:1592126793 DESC DATE:250122 CO ENTRY DESCR:MTOT DEP  SEC:CCD    TRACE#:091000012321863 EED:250123   IND ID:518089424394518              IND NAME:AUDIO PUBLISHERS ASSOC TRN: 0222321863TC,ACH_CREDIT,"5,895.00","389,189.49",,0,,,
CREDIT,1/24/2025,ORIG CO NAME:BANKCARD-8566          ORIG ID:1592126793 DESC DATE:250123 CO ENTRY DESCR:MTOT DEP  SEC:CCD    TRACE#:091000015906697 EED:250124   IND ID:518089424394518              IND NAME:AUDIO PUBLISHERS ASSOC TRN: 0235906697TC,ACH_CREDIT,"8,180.00","397,369.49",,0,,,
DEBIT,1/27/2025,YAMM.COM BRUSSELS                            01/24,DEBIT_CARD,-50,"397,319.49",,0,,,
CREDIT,1/27/2025,ORIG CO NAME:BANKCARD-8566          ORIG ID:1592126793 DESC DATE:250126 CO ENTRY DESCR:MTOT DEP  SEC:CCD    TRACE#:091000019406294 EED:250127   IND ID:518089424394518              IND NAME:AUDIO PUBLISHERS ASSOC TRN: 0279406294TC,ACH_CREDIT,"3,945.00","401,264.49",,0,,,
CREDIT,1/27/2025,ORIG CO NAME:BANKCARD-8566          ORIG ID:1592126793 DESC DATE:250126 CO ENTRY DESCR:MTOT DEP  SEC:CCD    TRACE#:091000019406293 EED:250127   IND ID:518089424394518              IND NAME:AUDIO PUBLISHERS ASSOC TRN: 0279406293TC,ACH_CREDIT,"9,055.00","410,319.49",,0,,,
CREDIT,1/27/2025,ORIG CO NAME:BANKCARD-8566          ORIG ID:1592126793 DESC DATE:250124 CO ENTRY DESCR:MTOT DEP  SEC:CCD    TRACE#:091000012739812 EED:250127   IND ID:518089424394518              IND NAME:AUDIO PUBLISHERS ASSOC TRN: 0242739812TC,ACH_CREDIT,"9,900.00","420,219.49",,0,,,
CREDIT,1/28/2025,ORIG CO NAME:BANKCARD-8566          ORIG ID:1592126793 DESC DATE:250127 CO ENTRY DESCR:MTOT DEP  SEC:CCD    TRACE#:091000010419849 EED:250128   IND ID:518089424394518              IND NAME:AUDIO PUBLISHERS ASSOC TRN: 0270419849TC,ACH_CREDIT,"3,225.00","423,444.49",,0,,,
CREDIT,1/29/2025,ORIG CO NAME:BANKCARD-8566          ORIG ID:1592126793 DESC DATE:250128 CO ENTRY DESCR:MTOT DEP  SEC:CCD    TRACE#:091000015973247 EED:250129   IND ID:518089424394518              IND NAME:AUDIO PUBLISHERS ASSOC TRN: 0285973247TC,ACH_CREDIT,"15,437.50","438,881.99",,0,,,
CREDIT,1/30/2025,ORIG CO NAME:BANKCARD-8566          ORIG ID:1592126793 DESC DATE:250129 CO ENTRY DESCR:MTOT DEP  SEC:CCD    TRACE#:091000018172788 EED:250130   IND ID:518089424394518              IND NAME:AUDIO PUBLISHERS ASSOC TRN: 0298172788TC,ACH_CREDIT,"5,285.00","444,166.99",,0,,,
CREDIT,1/31/2025,ORIG CO NAME:BANKCARD-8566          ORIG ID:1592126793 DESC DATE:250130 CO ENTRY DESCR:MTOT DEP  SEC:CCD    TRACE#:091000011773873 EED:250131   IND ID:518089424394518              IND NAME:AUDIO PUBLISHERS ASSOC TRN: 0301773873TC,ACH_CREDIT,"6,865.00","451,031.99",,0,,,
DEBIT,2/3/2025,ORIG CO NAME:BANKCARD-8566          ORIG ID:1592126793 DESC DATE:250131 CO ENTRY DESCR:MTOT DISC SEC:CCD    TRACE#:091000014797132 EED:250203   IND ID:518089424394518              IND NAME:AUDIO PUBLISHERS ASSOC TRN: 0344797132TC,ACH_DEBIT,"-12,821.91","438,210.08",,0,,,
DEBIT,2/3/2025,EIG*CONSTANTCONTACT.CO 855-2295506 MA        02/02,DEBIT_CARD,-170.94,"438,039.14",,0,,,
DEBIT,2/3/2025,GOOGLE *GSUITE_audio cc@google.com CA        02/01,DEBIT_CARD,-78.39,"437,960.75",,0,,,
CREDIT,2/3/2025,ORIG CO NAME:BANKCARD-8566          ORIG ID:1592126793 DESC DATE:250202 CO ENTRY DESCR:MTOT DEP  SEC:CCD    TRACE#:091000013165231 EED:250203   IND ID:518089424394518              IND NAME:AUDIO PUBLISHERS ASSOC TRN: 0343165231TC,ACH_CREDIT,"3,550.00","441,510.75",,0,,,
CREDIT,2/3/2025,ORIG CO NAME:BANKCARD-8566          ORIG ID:1592126793 DESC DATE:250131 CO ENTRY DESCR:MTOT DEP  SEC:CCD    TRACE#:091000019883513 EED:250203   IND ID:518089424394518              IND NAME:AUDIO PUBLISHERS ASSOC TRN: 0319883513TC,ACH_CREDIT,"7,510.00","449,020.75",,0,,,
CREDIT,2/3/2025,ORIG CO NAME:BANKCARD-8566          ORIG ID:1592126793 DESC DATE:250202 CO ENTRY DESCR:MTOT DEP  SEC:CCD    TRACE#:091000013165230 EED:250203   IND ID:518089424394518              IND NAME:AUDIO PUBLISHERS ASSOC TRN: 0343165230TC,ACH_CREDIT,"11,130.00","460,150.75",,0,,,
DEBIT,2/4/2025,ORIG CO NAME:WAV*MAX FLATOW P       ORIG ID:0011202793 DESC DATE:250203 CO ENTRY DESCR:9177559648SEC:CCD    TRACE#:242071755676301 EED:250204   IND ID:                             IND NAME:Publishers Association                                                                                       2638438335924 TRN: 0345676301TC,ACH_DEBIT,-258.13,"459,892.62",,0,,,
CREDIT,2/4/2025,ORIG CO NAME:BANKCARD-8566          ORIG ID:1592126793 DESC DATE:250203 CO ENTRY DESCR:MTOT DEP  SEC:CCD    TRACE#:091000014891682 EED:250204   IND ID:518089424394518              IND NAME:AUDIO PUBLISHERS ASSOC TRN: 0344891682TC,ACH_CREDIT,"3,335.00","463,227.62",,0,,,
CREDIT,2/5/2025,ORIG CO NAME:BANKCARD-8566          ORIG ID:1592126793 DESC DATE:250204 CO ENTRY DESCR:MTOT DEP  SEC:CCD    TRACE#:091000015763881 EED:250205   IND ID:518089424394518              IND NAME:AUDIO PUBLISHERS ASSOC TRN: 0355763881TC,ACH_CREDIT,"20,445.00","483,672.62",,0,,,
CREDIT,2/6/2025,ORIG CO NAME:BANKCARD-8566          ORIG ID:1592126793 DESC DATE:250205 CO ENTRY DESCR:MTOT DEP  SEC:CCD    TRACE#:091000018793120 EED:250206   IND ID:518089424394518              IND NAME:AUDIO PUBLISHERS ASSOC TRN: 0378793120TC,ACH_CREDIT,"19,480.00","503,152.62",,0,,,
DEBIT,2/7/2025,ORIG CO NAME:BANKCARD-8566          ORIG ID:1592126793 DESC DATE:250206 CO ENTRY DESCR:MTOT DEP  SEC:CCD    TRACE#:091000014934295 EED:250207   IND ID:518089424394518              IND NAME:AUDIO PUBLISHERS ASSOC TRN: 0374934295TC,ACH_DEBIT,-425,"502,727.62",,0,,,
CREDIT,2/7/2025,ORIG CO NAME:BANKCARD-8566          ORIG ID:1592126793 DESC DATE:250206 CO ENTRY DESCR:MTOT DEP  SEC:CCD    TRACE#:091000014213873 EED:250207   IND ID:518089424394518              IND NAME:AUDIO PUBLISHERS ASSOC TRN: 0374213873TC,ACH_CREDIT,"13,175.00","515,902.62",,0,,,
DEBIT,2/10/2025,INTUIT *QBooks Onlin CL.INTUIT.COM CA        02/10,DEBIT_CARD,-255.86,"515,646.76",,0,,,
DEBIT,2/10/2025,ORIG CO NAME:BANKCARD-8566          ORIG ID:1592126793 DESC DATE:250209 CO ENTRY DESCR:MTOT DEP  SEC:CCD    TRACE#:091000017232421 EED:250210   IND ID:518089424394518              IND NAME:AUDIO PUBLISHERS ASSOC TRN: 0417232421TC,ACH_DEBIT,"-3,775.00","511,871.76",,0,,,
CREDIT,2/10/2025,ORIG CO NAME:BANKCARD-8566          ORIG ID:1592126793 DESC DATE:250209 CO ENTRY DESCR:MTOT DEP  SEC:CCD    TRACE#:091000015977908 EED:250210   IND ID:518089424394518              IND NAME:AUDIO PUBLISHERS ASSOC TRN: 0415977908TC,ACH_CREDIT,"2,835.00","514,706.76",,0,,,
CREDIT,2/10/2025,ORIG CO NAME:BANKCARD-8566          ORIG ID:1592126793 DESC DATE:250209 CO ENTRY DESCR:MTOT DEP  SEC:CCD    TRACE#:091000015977909 EED:250210   IND ID:518089424394518              IND NAME:AUDIO PUBLISHERS ASSOC TRN: 0415977909TC,ACH_CREDIT,"55,130.00","569,836.76",,0,,,
CREDIT,2/10/2025,ORIG CO NAME:BANKCARD-8566          ORIG ID:1592126793 DESC DATE:250207 CO ENTRY DESCR:MTOT DEP  SEC:CCD    TRACE#:091000015799439 EED:250210   IND ID:518089424394518              IND NAME:AUDIO PUBLISHERS ASSOC TRN: 0385799439TC,ACH_CREDIT,"56,800.00","626,636.76",,0,,,
DEBIT,2/11/2025,ORIG CO NAME:BANKCARD-8566          ORIG ID:1592126793 DESC DATE:250210 CO ENTRY DESCR:MTOT DEP  SEC:CCD    TRACE#:091000016008735 EED:250211   IND ID:518089424394518              IND NAME:AUDIO PUBLISHERS ASSOC TRN: 0416008735TC,ACH_DEBIT,-375,"626,261.76",,0,,,
CREDIT,2/11/2025,ORIG CO NAME:BANKCARD-8566          ORIG ID:1592126793 DESC DATE:250210 CO ENTRY DESCR:MTOT DEP  SEC:CCD    TRACE#:091000015337196 EED:250211   IND ID:518089424394518              IND NAME:AUDIO PUBLISHERS ASSOC TRN: 0415337196TC,ACH_CREDIT,"4,655.00","630,916.76",,0,,,
CREDIT,2/12/2025,ORIG CO NAME:BANKCARD-8566          ORIG ID:1592126793 DESC DATE:250211 CO ENTRY DESCR:MTOT DEP  SEC:CCD    TRACE#:091000011924446 EED:250212   IND ID:518089424394518              IND NAME:AUDIO PUBLISHERS ASSOC TRN: 0421924446TC,ACH_CREDIT,"2,775.00","633,691.76",,0,,,
DEBIT,2/13/2025,FEDEX OFFICE 800000836 800-4633339 TX        02/12,DEBIT_CARD,-21.9,"633,669.86",,0,,,
DEBIT,2/13/2025,FEDEX482016178 800-4633339 TN                02/12,DEBIT_CARD,-58.3,"633,611.56",,0,,,
CREDIT,2/13/2025,ORIG CO NAME:BANKCARD-8566          ORIG ID:1592126793 DESC DATE:250212 CO ENTRY DESCR:MTOT DEP  SEC:CCD    TRACE#:091000017182280 EED:250213   IND ID:518089424394518              IND NAME:AUDIO PUBLISHERS ASSOC TRN: 0447182280TC,ACH_CREDIT,"1,330.00","634,941.56",,0,,,
DEBIT,2/14/2025,Online Transfer to CHK ...7365 transaction#: 23732220821 02/14,ACCT_XFER,"-13,600.00","621,341.56",,0,,,
DEBIT,2/14/2025,DROPBOX*VVDGQXQ9MR7L DROPBOX.COM CA          02/13,DEBIT_CARD,-119.88,"621,221.68",,0,,,
CREDIT,2/14/2025,ORIG CO NAME:BANKCARD-8566          ORIG ID:1592126793 DESC DATE:250213 CO ENTRY DESCR:MTOT DEP  SEC:CCD    TRACE#:091000015490730 EED:250214   IND ID:518089424394518              IND NAME:AUDIO PUBLISHERS ASSOC TRN: 0445490730TC,ACH_CREDIT,"2,690.00","623,911.68",,0,,,
DEBIT,2/18/2025,"Zelle payment to Janet Benson, Inc. 23767534790",QUICKPAY_DEBIT,-530.51,"623,381.17",,0,,,
DEBIT,2/18/2025,Online Transfer to CHK ...7365 transaction#: 23753452302 02/18,ACCT_XFER,"-1,991.76","621,389.41",,0,,,
DEBIT,2/18/2025,GOOGLE *Google One 855-836-3987 CA           02/17,DEBIT_CARD,-10.88,"621,378.53",,0,,,
DEBIT,2/18/2025,ZOOM.COM 888-799-9666 ZOOM.US CA             02/15,DEBIT_CARD,-16.37,"621,362.16",,0,,,
DEBIT,2/18/2025,PENS.COM 800-347-7367 TN                     02/14,DEBIT_CARD,"-1,723.50","619,638.66",,0,,,
DEBIT,2/18/2025,VISTAPRINT 866-207-4955 MA                   02/15,DEBIT_CARD,"-1,247.79","618,390.87",,0,,,
CREDIT,2/18/2025,ORIG CO NAME:BANKCARD-8566          ORIG ID:1592126793 DESC DATE:250216 CO ENTRY DESCR:MTOT DEP  SEC:CCD    TRACE#:091000013797737 EED:250218   IND ID:518089424394518              IND NAME:AUDIO PUBLISHERS ASSOC TRN: 0493797737TC,ACH_CREDIT,685,"619,075.87",,0,,,
CREDIT,2/18/2025,ORIG CO NAME:BANKCARD-8566          ORIG ID:1592126793 DESC DATE:250216 CO ENTRY DESCR:MTOT DEP  SEC:CCD    TRACE#:091000013797738 EED:250218   IND ID:518089424394518              IND NAME:AUDIO PUBLISHERS ASSOC TRN: 0493797738TC,ACH_CREDIT,"1,100.00","620,175.87",,0,,,
CREDIT,2/18/2025,ORIG CO NAME:BANKCARD-8566          ORIG ID:1592126793 DESC DATE:250214 CO ENTRY DESCR:MTOT DEP  SEC:CCD    TRACE#:091000013797733 EED:250218   IND ID:518089424394518              IND NAME:AUDIO PUBLISHERS ASSOC TRN: 0493797733TC,ACH_CREDIT,"2,245.00","622,420.87",,0,,,
CREDIT,2/18/2025,ORIG CO NAME:BANKCARD-8566          ORIG ID:1592126793 DESC DATE:250217 CO ENTRY DESCR:MTOT DEP  SEC:CCD    TRACE#:091000013797735 EED:250218   IND ID:518089424394518              IND NAME:AUDIO PUBLISHERS ASSOC TRN: 0493797735TC,ACH_CREDIT,"2,700.00","625,120.87",,0,,,
CREDIT,2/19/2025,ORIG CO NAME:BANKCARD-8566          ORIG ID:1592126793 DESC DATE:250218 CO ENTRY DESCR:MTOT DEP  SEC:CCD    TRACE#:091000015954634 EED:250219   IND ID:518089424394518              IND NAME:AUDIO PUBLISHERS ASSOC TRN: 0495954634TC,ACH_CREDIT,"2,705.00","627,825.87",,0,,,
DEBIT,2/20/2025,LEGO Enfield CT                              02/20,DEBIT_CARD,-97.98,"627,727.89",,0,,,
CREDIT,2/20/2025,ORIG CO NAME:BANKCARD-8566          ORIG ID:1592126793 DESC DATE:250219 CO ENTRY DESCR:MTOT DEP  SEC:CCD    TRACE#:091000016593063 EED:250220   IND ID:518089424394518              IND NAME:AUDIO PUBLISHERS ASSOC TRN: 0516593063TC,ACH_CREDIT,"1,120.00","628,847.89",,0,,,
DSLIP,2/20/2025,REMOTE ONLINE DEPOSIT #          1,CHECK_DEPOSIT,"5,800.00","634,647.89",,0,,,
CREDIT,2/21/2025,ORIG CO NAME:BANKCARD-8566          ORIG ID:1592126793 DESC DATE:250220 CO ENTRY DESCR:MTOT DEP  SEC:CCD    TRACE#:091000011453619 EED:250221   IND ID:518089424394518              IND NAME:AUDIO PUBLISHERS ASSOC TRN: 0511453619TC,ACH_CREDIT,660,"635,307.89",,0,,,
DEBIT,2/24/2025,STICKER MULE STICKERMULE.C NY                02/24,DEBIT_CARD,-87.1,"635,220.79",,0,,,
DEBIT,2/24/2025,ORIG CO NAME:BANKCARD-8566          ORIG ID:1592126793 DESC DATE:250223 CO ENTRY DESCR:MTOT DEP  SEC:CCD    TRACE#:091000013291217 EED:250224   IND ID:518089424394518              IND NAME:AUDIO PUBLISHERS ASSOC TRN: 0553291217TC,ACH_DEBIT,-350,"634,870.79",,0,,,
DEBIT,2/24/2025,STICKER MULE STICKERMULE.C NY                02/23,DEBIT_CARD,-152.43,"634,718.36",,0,,,
DEBIT,2/24/2025,AFR FURNITURE RENTAL 856-406-1200 NJ         02/24,DEBIT_CARD,"-5,379.51","629,338.85",,0,,,
CREDIT,2/24/2025,ORIG CO NAME:BANKCARD-8566          ORIG ID:1592126793 DESC DATE:250223 CO ENTRY DESCR:MTOT DEP  SEC:CCD    TRACE#:091000011991369 EED:250224   IND ID:518089424394518              IND NAME:AUDIO PUBLISHERS ASSOC TRN: 0551991369TC,ACH_CREDIT,"1,175.00","630,513.85",,0,,,
CREDIT,2/24/2025,ORIG CO NAME:BANKCARD-8566          ORIG ID:1592126793 DESC DATE:250221 CO ENTRY DESCR:MTOT DEP  SEC:CCD    TRACE#:091000011991371 EED:250224   IND ID:518089424394518              IND NAME:AUDIO PUBLISHERS ASSOC TRN: 0551991371TC,ACH_CREDIT,"1,385.00","631,898.85",,0,,,
CREDIT,2/24/2025,ORIG CO NAME:BANKCARD-8566          ORIG ID:1592126793 DESC DATE:250223 CO ENTRY DESCR:MTOT DEP  SEC:CCD    TRACE#:091000011991368 EED:250224   IND ID:518089424394518              IND NAME:AUDIO PUBLISHERS ASSOC TRN: 0551991368TC,ACH_CREDIT,"2,120.00","634,018.85",,0,,,
CREDIT,2/25/2025,ORIG CO NAME:BANKCARD-8566          ORIG ID:1592126793 DESC DATE:250224 CO ENTRY DESCR:MTOT DEP  SEC:CCD    TRACE#:091000010451367 EED:250225   IND ID:518089424394518              IND NAME:AUDIO PUBLISHERS ASSOC TRN: 0550451367TC,ACH_CREDIT,"2,785.00","636,803.85",,0,,,
DEBIT,2/26/2025,Online RealTime vendor payment  11163339126 Payment Id REFERENCE#: 1163339126RX  to  Michele Cobb 6800,ACH_PAYMENT,"-6,858.69","629,945.16",,0,,,
DEBIT,2/26/2025,Online ACH Payment 11163332498 To MicheleCobb (_######6800),ACH_PAYMENT,"-50,516.97","579,428.19",,0,,,
DEBIT,2/26/2025,CONFERENCEBADGE.COM QUEBEC CITY QC           02/25,DEBIT_CARD,"-2,089.74","577,338.45",,0,,,
DEBIT,2/26/2025,SEAMLSS*SOHOSUSHI SEAMLESS.COM NY            02/26,DEBIT_CARD,-63.75,"577,274.70",,0,,,
DEBIT,2/26/2025,AMAZON MKTPL*BW87R1X Amzn.com/bill WA        02/26,DEBIT_CARD,-236.05,"577,038.65",,0,,,
CREDIT,2/26/2025,ORIG CO NAME:BANKCARD-8566          ORIG ID:1592126793 DESC DATE:250225 CO ENTRY DESCR:MTOT DEP  SEC:CCD    TRACE#:091000018987124 EED:250226   IND ID:518089424394518              IND NAME:AUDIO PUBLISHERS ASSOC TRN: 0568987124TC,ACH_CREDIT,"4,380.00","581,418.65",,0,,,
DEBIT,2/27/2025,FEDEX OFFICE 800000836 800-4633339 TX        02/26,DEBIT_CARD,-417.37,"581,001.28",,0,,,
CREDIT,2/27/2025,ORIG CO NAME:BANKCARD-8566          ORIG ID:1592126793 DESC DATE:250226 CO ENTRY DESCR:MTOT DEP  SEC:CCD    TRACE#:091000015970031 EED:250227   IND ID:518089424394518              IND NAME:AUDIO PUBLISHERS ASSOC TRN: 0575970031TC,ACH_CREDIT,"2,295.00","583,296.28",,0,,,
DSLIP,2/27/2025,REMOTE ONLINE DEPOSIT #          1,CHECK_DEPOSIT,"3,400.00","586,696.28",,0,,,
DEBIT,2/28/2025,Pond5 646-3500410 NY                         02/28,DEBIT_CARD,-53,"586,643.28",,0,,,
DEBIT,2/28/2025,ONLINE DOMESTIC WIRE TRANSFER VIA: KEYBANK ALBANY/021300077 A/C: PIER SIXTY LLC NYC NY 10011 US REF: 3 4 25 IMAD: 0228MMQFMP2K030780 TRN: 3705885059ES 02/28,WIRE_OUTGOING,"-177,648.24","408,995.04",,0,,,
DEBIT,2/28/2025,Online Transfer to CHK ...7365 transaction#: 23882220045 02/28,ACCT_XFER,"-28,000.00","380,995.04",,0,,,
DEBIT,2/28/2025,ORIG CO NAME:BANKCARD-8566          ORIG ID:1592126793 DESC DATE:250227 CO ENTRY DESCR:MTOT DEP  SEC:CCD    TRACE#:091000019621252 EED:250228   IND ID:518089424394518              IND NAME:AUDIO PUBLISHERS ASSOC TRN: 0599621252TC,ACH_DEBIT,-425,"380,570.04",,0,,,
DEBIT,2/28/2025,VMO*VIMEO.COM 848-359-5618 NY                02/27,DEBIT_CARD,-652.17,"379,917.87",,0,,,
CREDIT,2/28/2025,ORIG CO NAME:BANKCARD-8566          ORIG ID:1592126793 DESC DATE:250227 CO ENTRY DESCR:MTOT DEP  SEC:CCD    TRACE#:091000018746497 EED:250228   IND ID:518089424394518              IND NAME:AUDIO PUBLISHERS ASSOC TRN: 0598746497TC,ACH_CREDIT,"3,765.00","383,682.87",,0,,,
DEBIT,3/3/2025,ORIG CO NAME:BANKCARD-8566          ORIG ID:1592126793 DESC DATE:250228 CO ENTRY DESCR:MTOT DISC SEC:CCD    TRACE#:091000014992972 EED:250303   IND ID:518089424394518              IND NAME:AUDIO PUBLISHERS ASSOC TRN: 0624992972TC,ACH_DEBIT,"-9,780.13","373,902.74",,0,,,
DEBIT,3/3/2025,EIG*CONSTANTCONTACT.CO 855-2295506 MA        03/02,DEBIT_CARD,-170.94,"373,731.80",,0,,,
DEBIT,3/3/2025,GOOGLE *GSUITE_audio cc@google.com CA        03/01,DEBIT_CARD,-78.39,"373,653.41",,0,,,
DEBIT,3/3/2025,FEDEX OFFICE 800000836 800-4633339 TX        02/28,DEBIT_CARD,-143.05,"373,510.36",,0,,,
DEBIT,3/3/2025,FEDEX OFFICE 800000836 800-4633339 TX        02/28,DEBIT_CARD,-36.05,"373,474.31",,0,,,
DEBIT,3/3/2025,FEDEX OFFICE 800000836 800-4633339 TX        02/28,DEBIT_CARD,-144.01,"373,330.30",,0,,,
DEBIT,3/3/2025,FEDEX OFFICE 800000836 800-4633339 TX        02/28,DEBIT_CARD,-10.48,"373,319.82",,0,,,
CREDIT,3/3/2025,ORIG CO NAME:BANKCARD-8566          ORIG ID:1592126793 DESC DATE:250228 CO ENTRY DESCR:MTOT DEP  SEC:CCD    TRACE#:091000013113941 EED:250303   IND ID:518089424394518              IND NAME:AUDIO PUBLISHERS ASSOC TRN: 0593113941TC,ACH_CREDIT,"1,795.00","375,114.82",,0,,,
CREDIT,3/3/2025,ORIG CO NAME:BANKCARD-8566          ORIG ID:1592126793 DESC DATE:250302 CO ENTRY DESCR:MTOT DEP  SEC:CCD    TRACE#:091000013243468 EED:250303   IND ID:518089424394518              IND NAME:AUDIO PUBLISHERS ASSOC TRN: 0623243468TC,ACH_CREDIT,"2,720.00","377,834.82",,0,,,
CREDIT,3/3/2025,ORIG CO NAME:BANKCARD-8566          ORIG ID:1592126793 DESC DATE:250302 CO ENTRY DESCR:MTOT DEP  SEC:CCD    TRACE#:091000013243467 EED:250303   IND ID:518089424394518              IND NAME:AUDIO PUBLISHERS ASSOC TRN: 0623243467TC,ACH_CREDIT,"3,600.00","381,434.82",,0,,,
DEBIT,3/4/2025,ONLINE DOMESTIC WIRE TRANSFER VIA: MFRS BUF/022000046 A/C: KVL AUDIO VISUAL SERVICES INC YONKERS NY 10701 US REF: 28444 IMAD: 0304MMQFMP2M013711 TRN: 3264285063ES 03/04,WIRE_OUTGOING,"-50,880.56","330,554.26",,0,,,
DEBIT,3/4/2025,CONFERENCEBADGE.COM QUEBEC CITY QC           03/04,DEBIT_CARD,-9.57,"330,544.69",,0,,,
CREDIT,3/4/2025,ORIG CO NAME:BANKCARD-8566          ORIG ID:1592126793 DESC DATE:250303 CO ENTRY DESCR:MTOT DEP  SEC:CCD    TRACE#:091000010320153 EED:250304   IND ID:518089424394518              IND NAME:AUDIO PUBLISHERS ASSOC TRN: 0620320153TC,ACH_CREDIT,"3,290.00","333,834.69",,0,,,
CREDIT,3/4/2025,"BOOK TRANSFER CREDIT B/O: COMMERZBANK AKTIENGESELLSCHAFT FRANKFURT AM MAIN GERMANY 60311- DE ORG:/DE84350400380562300400 1/ZEBRALUTION GMBH OGB: COMMERZBANK AG NESS 7-9 REF: INVOICE 200011105/CHGS/USD25,00/ACC/BENEFRES/US TRN: 2059579059JS",WIRE_INCOMING,"1,625.00","335,459.69",,0,,,
DEBIT,3/5/2025,SERVICE CHARGES FOR THE MONTH OF FEBRUARY,FEE_TRANSACTION,-229,"335,230.69",,0,,,
DEBIT,3/5/2025,SEAMLSS*MOMENTEACHELS SEAMLESS.COM NY        03/05,DEBIT_CARD,-128.88,"335,101.81",,0,,,
DEBIT,3/5/2025,FEDEX OFFICE 800000836 800-4633339 TX        03/04,DEBIT_CARD,-136.98,"334,964.83",,0,,,
DEBIT,3/5/2025,FEDEX OFFICE 800000836 800-4633339 TX        03/04,DEBIT_CARD,-43.05,"334,921.78",,0,,,
DEBIT,3/5/2025,"ECAMM NETWORK, LLC 617-8301662 MA            03/04",DEBIT_CARD,-39.99,"334,881.79",,0,,,
CREDIT,3/5/2025,ORIG CO NAME:BANKCARD-8566          ORIG ID:1592126793 DESC DATE:250304 CO ENTRY DESCR:MTOT DEP  SEC:CCD    TRACE#:091000015765373 EED:250305   IND ID:518089424394518              IND NAME:AUDIO PUBLISHERS ASSOC TRN: 0635765373TC,ACH_CREDIT,865,"335,746.79",,0,,,
DEBIT,3/6/2025,Online Transfer to CHK ...7365 transaction#: 23959342029 03/06,ACCT_XFER,"-13,600.00","322,146.79",,0,,,
DEBIT,3/6/2025,NV EVENTS BY NUVISIONS 866-8596800 NJ        03/05,DEBIT_CARD,"-3,994.38","318,152.41",,0,,,
CREDIT,3/6/2025,ORIG CO NAME:SPOTIFY ISO            ORIG ID:4284601835 DESC DATE:250306 CO ENTRY DESCR:PAYMENTS  SEC:CTX    TRACE#:021000020724184 EED:250306   IND ID:VBUS187657                   IND NAME:0008Audio Publishers TRN: 0650724184TC,ACH_CREDIT,240,"318,392.41",,0,,,
CREDIT,3/6/2025,ORIG CO NAME:SPOTIFY ISO            ORIG ID:4284601835 DESC DATE:250306 CO ENTRY DESCR:PAYMENTS  SEC:CTX    TRACE#:021000020724175 EED:250306   IND ID:VBUS187493                   IND NAME:0008Audio Publishers TRN: 0650724175TC,ACH_CREDIT,850,"319,242.41",,0,,,
CREDIT,3/6/2025,ORIG CO NAME:BANKCARD-8566          ORIG ID:1592126793 DESC DATE:250305 CO ENTRY DESCR:MTOT DEP  SEC:CCD    TRACE#:091000015159946 EED:250306   IND ID:518089424394518              IND NAME:AUDIO PUBLISHERS ASSOC TRN: 0645159946TC,ACH_CREDIT,895,"320,137.41",,0,,,
CREDIT,3/6/2025,ORIG CO NAME:SPOTIFY ISO            ORIG ID:4284601835 DESC DATE:250306 CO ENTRY DESCR:PAYMENTS  SEC:CTX    TRACE#:021000020724193 EED:250306   IND ID:VBUS187167                   IND NAME:0008Audio Publishers TRN: 0650724193TC,ACH_CREDIT,"4,200.00","324,337.41",,0,,,
CREDIT,3/7/2025,ORIG CO NAME:BANKCARD-8566          ORIG ID:1592126793 DESC DATE:250306 CO ENTRY DESCR:MTOT DEP  SEC:CCD    TRACE#:091000016510345 EED:250307   IND ID:518089424394518              IND NAME:AUDIO PUBLISHERS ASSOC TRN: 0656510345TC,ACH_CREDIT,195,"324,532.41",,0,,,
DEBIT,3/10/2025,INTUIT *QBooks Onlin CL.INTUIT.COM CA        03/10,DEBIT_CARD,-255.86,"324,276.55",,0,,,
DEBIT,3/10/2025,Online Transfer to CHK ...7365 transaction#: 24004143622 03/10,ACCT_XFER,"-2,000.00","322,276.55",,0,,,
DEBIT,3/10/2025,ORIG CO NAME:BANKCARD-8566          ORIG ID:1592126793 DESC DATE:250309 CO ENTRY DESCR:MTOT DEP  SEC:CCD    TRACE#:091000012238830 EED:250310   IND ID:518089424394518              IND NAME:AUDIO PUBLISHERS ASSOC TRN: 0692238830TC,ACH_DEBIT,-115,"322,161.55",,0,,,
DEBIT,3/10/2025,TST* WESTVILLE - WEST 212-741-7971 NY        03/08,DEBIT_CARD,-49.1,"322,112.45",,0,,,
CREDIT,3/10/2025,ORIG CO NAME:BANKCARD-8566          ORIG ID:1592126793 DESC DATE:250307 CO ENTRY DESCR:MTOT DEP  SEC:CCD    TRACE#:091000010860136 EED:250310   IND ID:518089424394518              IND NAME:AUDIO PUBLISHERS ASSOC TRN: 0690860136TC,ACH_CREDIT,60,"322,172.45",,0,,,
CREDIT,3/10/2025,ORIG CO NAME:BANKCARD-8566          ORIG ID:1592126793 DESC DATE:250309 CO ENTRY DESCR:MTOT DEP  SEC:CCD    TRACE#:091000010860134 EED:250310   IND ID:518089424394518              IND NAME:AUDIO PUBLISHERS ASSOC TRN: 0690860134TC,ACH_CREDIT,550,"322,722.45",,0,,,
CREDIT,3/11/2025,ORIG CO NAME:BANKCARD-8566          ORIG ID:1592126793 DESC DATE:250310 CO ENTRY DESCR:MTOT DEP  SEC:CCD    TRACE#:091000010327647 EED:250311   IND ID:518089424394518              IND NAME:AUDIO PUBLISHERS ASSOC TRN: 0690327647TC,ACH_CREDIT,95,"322,817.45",,0,,,
DEBIT,3/12/2025,Pond5 646-3500410 NY                         03/12,DEBIT_CARD,-59.99,"322,757.46",,0,,,
CREDIT,3/12/2025,ORIG CO NAME:BANKCARD-8566          ORIG ID:1592126793 DESC DATE:250311 CO ENTRY DESCR:MTOT DEP  SEC:CCD    TRACE#:091000018878046 EED:250312   IND ID:518089424394518              IND NAME:AUDIO PUBLISHERS ASSOC TRN: 0708878046TC,ACH_CREDIT,285,"323,042.46",,0,,,
CREDIT,3/13/2025,ORIG CO NAME:BANKCARD-8566          ORIG ID:1592126793 DESC DATE:250312 CO ENTRY DESCR:MTOT DEP  SEC:CCD    TRACE#:091000015161933 EED:250313   IND ID:518089424394518              IND NAME:AUDIO PUBLISHERS ASSOC TRN: 0725161933TC,ACH_CREDIT,190,"323,232.46",,0,,,
DEBIT,3/14/2025,"ONLINE DOMESTIC WIRE TRANSFER A/C: ATLAS PRINT SOLUTIONS, INC, FREEPORT NY 11520-3913 US REF: 25 73548 TRN: 3815435073ES 03/14",WIRE_OUTGOING,"-5,490.57","317,741.89",,0,,,
DEBIT,3/14/2025,"ONLINE DOMESTIC WIRE TRANSFER VIA: CITIZENS BANK, NA/011500120 A/C: ABA/211070175 FAIRHAVEN MA US BEN: FORTE BUSINESS CONSULTING PROVIDENCE RI 02908 US REF: APAC BILL PARTIAL IMAD: 0314MMQFMP2L035951 TRN: 3806605073ES 03/14",WIRE_OUTGOING,"-80,000.00","237,741.89",,0,,,
DEBIT,3/14/2025,Online ACH Payment 11165522821 To MicheleCobb (_######6800),ACH_PAYMENT,"-8,385.40","229,356.49",,0,,,
DEBIT,3/14/2025,Online Transfer to CHK ...7851 transaction#: 24056942569 03/14,ACCT_XFER,-256,"229,100.49",,0,,,
CREDIT,3/14/2025,ORIG CO NAME:BANKCARD-8566          ORIG ID:1592126793 DESC DATE:250313 CO ENTRY DESCR:MTOT DEP  SEC:CCD    TRACE#:091000013981477 EED:250314   IND ID:518089424394518              IND NAME:AUDIO PUBLISHERS ASSOC TRN: 0723981477TC,ACH_CREDIT,165,"229,265.49",,0,,,
DEBIT,3/17/2025,ORIG CO NAME:WAV*MAX FLATOW P       ORIG ID:0011202793 DESC DATE:250315 CO ENTRY DESCR:9177559648SEC:CCD    TRACE#:242071751714723 EED:250317   IND ID:                             IND NAME:Publishers Association                                                                                       2639211492114 TRN: 0761714723TC,ACH_DEBIT,"-4,646.25","224,619.24",,0,,,
DEBIT,3/17/2025,GOOGLE *Google One 855-836-3987 CA           03/17,DEBIT_CARD,-10.88,"224,608.36",,0,,,
DEBIT,3/17/2025,ZOOM.COM 888-799-9666 ZOOM.US CA             03/15,DEBIT_CARD,-16.37,"224,591.99",,0,,,
CREDIT,3/17/2025,ORIG CO NAME:BANKCARD-8566          ORIG ID:1592126793 DESC DATE:250314 CO ENTRY DESCR:MTOT DEP  SEC:CCD    TRACE#:091000010234960 EED:250317   IND ID:518089424394518              IND NAME:AUDIO PUBLISHERS ASSOC TRN: 0760234960TC,ACH_CREDIT,165,"224,756.99",,0,,,
CREDIT,3/17/2025,ORIG CO NAME:BANKCARD-8566          ORIG ID:1592126793 DESC DATE:250316 CO ENTRY DESCR:MTOT DEP  SEC:CCD    TRACE#:091000010234962 EED:250317   IND ID:518089424394518              IND NAME:AUDIO PUBLISHERS ASSOC TRN: 0760234962TC,ACH_CREDIT,820,"225,576.99",,0,,,
CREDIT,3/17/2025,ORIG CO NAME:BANKCARD-8566          ORIG ID:1592126793 DESC DATE:250316 CO ENTRY DESCR:MTOT DEP  SEC:CCD    TRACE#:091000010234963 EED:250317   IND ID:518089424394518              IND NAME:AUDIO PUBLISHERS ASSOC TRN: 0760234963TC,ACH_CREDIT,"1,935.00","227,511.99",,0,,,
DEBIT,3/19/2025,ONLINE DOMESTIC WIRE TRANSFER VIA: KEYBANK ALBANY/021300077 A/C: PIER SIXTY LLC NYC NY 10011 US REF: INVOICE 03 04 25 IMAD: 0319MMQFMP2K029885 TRN: 3568965078ES 03/19,WIRE_OUTGOING,"-19,978.56","207,533.43",,0,,,
CREDIT,3/19/2025,ORIG CO NAME:BANKCARD-8566          ORIG ID:1592126793 DESC DATE:250318 CO ENTRY DESCR:MTOT DEP  SEC:CCD    TRACE#:091000013262695 EED:250319   IND ID:518089424394518              IND NAME:AUDIO PUBLISHERS ASSOC TRN: 0773262695TC,ACH_CREDIT,165,"207,698.43",,0,,,
CREDIT,3/20/2025,ORIG CO NAME:BANKCARD-8566          ORIG ID:1592126793 DESC DATE:250319 CO ENTRY DESCR:MTOT DEP  SEC:CCD    TRACE#:091000017626853 EED:250320   IND ID:518089424394518              IND NAME:AUDIO PUBLISHERS ASSOC TRN: 0787626853TC,ACH_CREDIT,260,"207,958.43",,0,,,
CREDIT,3/20/2025,ORIG CO NAME:SPOTIFY ISO            ORIG ID:4284601835 DESC DATE:250320 CO ENTRY DESCR:PAYMENTS  SEC:CTX    TRACE#:021000023380416 EED:250320   IND ID:VBUS188913                   IND NAME:0008Audio Publishers TRN: 0793380416TC,ACH_CREDIT,725,"208,683.43",,0,,,
DEBIT,3/21/2025,FEDEX485184746 800-4633339 TN                03/20,DEBIT_CARD,-29.37,"208,654.06",,0,,,
CREDIT,3/21/2025,ORIG CO NAME:BANKCARD-8566          ORIG ID:1592126793 DESC DATE:250320 CO ENTRY DESCR:MTOT DEP  SEC:CCD    TRACE#:091000013413730 EED:250321   IND ID:518089424394518              IND NAME:AUDIO PUBLISHERS ASSOC TRN: 0793413730TC,ACH_CREDIT,190,"208,844.06",,0,,,
CREDIT,3/24/2025,ORIG CO NAME:BANKCARD-8566          ORIG ID:1592126793 DESC DATE:250321 CO ENTRY DESCR:MTOT DEP  SEC:CCD    TRACE#:091000014909425 EED:250324   IND ID:518089424394518              IND NAME:AUDIO PUBLISHERS ASSOC TRN: 0804909425TC,ACH_CREDIT,190,"209,034.06",,0,,,
CREDIT,3/24/2025,ORIG CO NAME:BANKCARD-8566          ORIG ID:1592126793 DESC DATE:250323 CO ENTRY DESCR:MTOT DEP  SEC:CCD    TRACE#:091000013775763 EED:250324   IND ID:518089424394518              IND NAME:AUDIO PUBLISHERS ASSOC TRN: 0833775763TC,ACH_CREDIT,215,"209,249.06",,0,,,
CREDIT,3/24/2025,ORIG CO NAME:BANKCARD-8566          ORIG ID:1592126793 DESC DATE:250323 CO ENTRY DESCR:MTOT DEP  SEC:CCD    TRACE#:091000013775762 EED:250324   IND ID:518089424394518              IND NAME:AUDIO PUBLISHERS ASSOC TRN: 0833775762TC,ACH_CREDIT,"6,950.00","216,199.06",,0,,,
CREDIT,3/25/2025,ORIG CO NAME:BANKCARD-8566          ORIG ID:1592126793 DESC DATE:250324 CO ENTRY DESCR:MTOT DEP  SEC:CCD    TRACE#:091000013286190 EED:250325   IND ID:518089424394518              IND NAME:AUDIO PUBLISHERS ASSOC TRN: 0843286190TC,ACH_CREDIT,100,"216,299.06",,0,,,
CREDIT,3/26/2025,ORIG CO NAME:BANKCARD-8566          ORIG ID:1592126793 DESC DATE:250325 CO ENTRY DESCR:MTOT DEP  SEC:CCD    TRACE#:091000017656227 EED:250326   IND ID:518089424394518              IND NAME:AUDIO PUBLISHERS ASSOC TRN: 0847656227TC,ACH_CREDIT,310,"216,609.06",,0,,,
CREDIT,3/27/2025,ORIG CO NAME:BANKCARD-8566          ORIG ID:1592126793 DESC DATE:250326 CO ENTRY DESCR:MTOT DEP  SEC:CCD    TRACE#:091000010701636 EED:250327   IND ID:518089424394518              IND NAME:AUDIO PUBLISHERS ASSOC TRN: 0860701636TC,ACH_CREDIT,"1,620.00","218,229.06",,0,,,
DEBIT,3/28/2025,FEDEX237041151 800-4633339 TN                03/27,DEBIT_CARD,-313.79,"217,915.27",,0,,,
DEBIT,3/28/2025,FEDEX485793557 800-4633339 TN                03/27,DEBIT_CARD,-196.69,"217,718.58",,0,,,
DEBIT,3/31/2025,Online Transfer to CHK ...7365 transaction#: 24240779608 03/31,ACCT_XFER,"-13,600.00","204,118.58",,0,,,
CREDIT,3/31/2025,ORIG CO NAME:BANKCARD-8566          ORIG ID:1592126793 DESC DATE:250330 CO ENTRY DESCR:MTOT DEP  SEC:CCD    TRACE#:091000013894744 EED:250331   IND ID:518089424394518              IND NAME:AUDIO PUBLISHERS ASSOC TRN: 0903894744TC,ACH_CREDIT,50,"204,168.58",,0,,,
CREDIT,3/31/2025,ORIG CO NAME:BANKCARD-8566          ORIG ID:1592126793 DESC DATE:250328 CO ENTRY DESCR:MTOT DEP  SEC:CCD    TRACE#:091000013894747 EED:250331   IND ID:518089424394518              IND NAME:AUDIO PUBLISHERS ASSOC TRN: 0903894747TC,ACH_CREDIT,560,"204,728.58",,0,,,
CREDIT,3/31/2025,ORIG CO NAME:BANKCARD-8566          ORIG ID:1592126793 DESC DATE:250330 CO ENTRY DESCR:MTOT DEP  SEC:CCD    TRACE#:091000013894745 EED:250331   IND ID:518089424394518              IND NAME:AUDIO PUBLISHERS ASSOC TRN: 0903894745TC,ACH_CREDIT,"1,645.00","206,373.58",,0,,,
DEBIT,4/1/2025,GOOGLE *GSUITE_audio cc@google.com CA        04/01,DEBIT_CARD,-78.39,"206,295.19",,0,,,
DEBIT,4/1/2025,ONLINE DOMESTIC WIRE TRANSFER VIA: KEYBANK ALBANY/021300077 A/C: PIER SIXTY LLC NYC NY 10011 US REF: APA AMBIES DEPOSIT 2026 IMAD: 0401MMQFMP2M008648 TRN: 3237995091ES 04/01,WIRE_OUTGOING,"-50,000.00","156,295.19",,0,,,
CREDIT,4/1/2025,ORIG CO NAME:BANKCARD-8566          ORIG ID:1592126793 DESC DATE:250331 CO ENTRY DESCR:MTOT DEP  SEC:CCD    TRACE#:091000013059129 EED:250401   IND ID:518089424394518              IND NAME:AUDIO PUBLISHERS ASSOC TRN: 0903059129TC,ACH_CREDIT,380,"156,675.19",,0,,,
DEBIT,4/2/2025,ORIG CO NAME:BANKCARD-8566          ORIG ID:1592126793 DESC DATE:250331 CO ENTRY DESCR:MTOT DISC SEC:CCD    TRACE#:091000014966111 EED:250402   IND ID:518089424394518              IND NAME:AUDIO PUBLISHERS ASSOC TRN: 0914966111TC,ACH_DEBIT,"-1,262.52","155,412.67",,0,,,
DEBIT,4/2/2025,FEDEX486238896 800-4633339 TN                04/01,DEBIT_CARD,-125.89,"155,286.78",,0,,,
CREDIT,4/2/2025,ORIG CO NAME:BANKCARD-8566          ORIG ID:1592126793 DESC DATE:250401 CO ENTRY DESCR:MTOT DEP  SEC:CCD    TRACE#:091000014171242 EED:250402   IND ID:518089424394518              IND NAME:AUDIO PUBLISHERS ASSOC TRN: 0914171242TC,ACH_CREDIT,240,"155,526.78",,0,,,
DEBIT,4/3/2025,SERVICE CHARGES FOR THE MONTH OF MARCH,FEE_TRANSACTION,-415,"155,111.78",,0,,,
DEBIT,4/3/2025,EIG*CONSTANTCONTACT.CO 855-2295506 MA        04/02,DEBIT_CARD,-170.94,"154,940.84",,0,,,
CREDIT,4/3/2025,ORIG CO NAME:BANKCARD-8566          ORIG ID:1592126793 DESC DATE:250402 CO ENTRY DESCR:MTOT DEP  SEC:CCD    TRACE#:091000019670308 EED:250403   IND ID:518089424394518              IND NAME:AUDIO PUBLISHERS ASSOC TRN: 0929670308TC,ACH_CREDIT,123.75,"155,064.59",,0,,,
DEBIT,4/4/2025,Zelle payment to Jack Kendrick 2 24301624078,QUICKPAY_DEBIT,-50,"155,014.59",,0,,,
DEBIT,4/4/2025,"Zelle payment to Janet Benson, Inc. 24301457061",QUICKPAY_DEBIT,-257.19,"154,757.40",,0,,,
DEBIT,4/7/2025,FEDEX486624598 800-4633339 TN                04/05,DEBIT_CARD,-132.26,"154,625.14",,0,,,
CREDIT,4/7/2025,ORIG CO NAME:BANKCARD-8566          ORIG ID:1592126793 DESC DATE:250406 CO ENTRY DESCR:MTOT DEP  SEC:CCD    TRACE#:091000015179405 EED:250407   IND ID:518089424394518              IND NAME:AUDIO PUBLISHERS ASSOC TRN: 0975179405TC,ACH_CREDIT,123.75,"154,748.89",,0,,,
CREDIT,4/7/2025,ORIG CO NAME:BANKCARD-8566          ORIG ID:1592126793 DESC DATE:250406 CO ENTRY DESCR:MTOT DEP  SEC:CCD    TRACE#:091000015179406 EED:250407   IND ID:518089424394518              IND NAME:AUDIO PUBLISHERS ASSOC TRN: 0975179406TC,ACH_CREDIT,536.25,"155,285.14",,0,,,
DEBIT,4/8/2025,CRISTAUX INTERNATIONA 312-778-8800 IL        04/07,DEBIT_CARD,"-2,187.20","153,097.94",,0,,,
CREDIT,4/9/2025,ORIG CO NAME:BANKCARD-8566          ORIG ID:1592126793 DESC DATE:250408 CO ENTRY DESCR:MTOT DEP  SEC:CCD    TRACE#:091000018494075 EED:250409   IND ID:518089424394518              IND NAME:AUDIO PUBLISHERS ASSOC TRN: 0988494075TC,ACH_CREDIT,173.75,"153,271.69",,0,,,
DEBIT,4/10/2025,INTUIT *QBooks Onlin CL.INTUIT.COM CA        04/10,DEBIT_CARD,-255.86,"153,015.83",,0,,,
DEBIT,4/10/2025,VISTAPRINT 866-207-4955 MA                   04/09,DEBIT_CARD,-166.25,"152,849.58",,0,,,
DEBIT,4/14/2025,Online ACH Payment 11168990812 To MicheleCobb (_######6800),ACH_PAYMENT,"-32,261.67","120,587.91",,0,,,
DEBIT,4/14/2025,Online Transfer to CHK ...7365 transaction#: 24408407851 04/14,ACCT_XFER,"-13,600.00","106,987.91",,0,,,
DEBIT,4/14/2025,FEDEX487266954 800-4633339 TN                04/12,DEBIT_CARD,-562.18,"106,425.73",,0,,,
CREDIT,4/14/2025,ORIG CO NAME:BANKCARD-8566          ORIG ID:1592126793 DESC DATE:250411 CO ENTRY DESCR:MTOT DEP  SEC:CCD    TRACE#:091000018585634 EED:250414   IND ID:518089424394518              IND NAME:AUDIO PUBLISHERS ASSOC TRN: 1018585634TC,ACH_CREDIT,123.75,"106,549.48",,0,,,
CREDIT,4/14/2025,ORIG CO NAME:BANKCARD-8566          ORIG ID:1592126793 DESC DATE:250413 CO ENTRY DESCR:MTOT DEP  SEC:CCD    TRACE#:091000018128138 EED:250414   IND ID:518089424394518              IND NAME:AUDIO PUBLISHERS ASSOC TRN: 1048128138TC,ACH_CREDIT,247.5,"106,796.98",,0,,,
DEBIT,4/15/2025,THE CLOVERNOOK CENTER 513-375-1962 OH        04/14,DEBIT_CARD,-97.67,"106,699.31",,0,,,
DSLIP,4/15/2025,REMOTE ONLINE DEPOSIT #          1,CHECK_DEPOSIT,"1,650.00","108,349.31",,0,,,
DEBIT,4/16/2025,ZOOM.COM 888-799-9666 ZOOM.US CA             04/15,DEBIT_CARD,-16.37,"108,332.94",,0,,,
DEBIT,4/16/2025,FEDEX487504270 800-4633339 TN                04/15,DEBIT_CARD,-3.54,"108,329.40",,0,,,
CREDIT,4/16/2025,ORIG CO NAME:BANKCARD-8566          ORIG ID:1592126793 DESC DATE:250415 CO ENTRY DESCR:MTOT DEP  SEC:CCD    TRACE#:091000011623577 EED:250416   IND ID:518089424394518              IND NAME:AUDIO PUBLISHERS ASSOC TRN: 1051623577TC,ACH_CREDIT,288.75,"108,618.15",,0,,,
CREDIT,4/17/2025,ORIG CO NAME:BANKCARD-8566          ORIG ID:1592126793 DESC DATE:250416 CO ENTRY DESCR:MTOT DEP  SEC:CCD    TRACE#:091000014223572 EED:250417   IND ID:518089424394518              IND NAME:AUDIO PUBLISHERS ASSOC TRN: 1064223572TC,ACH_CREDIT,50,"108,668.15",,0,,,
DEBIT,4/18/2025,Online Transfer to CHK ...7365 transaction#: 24461187502 04/18,ACCT_XFER,-127,"108,541.15",,0,,,
DEBIT,4/18/2025,Zelle payment to Emma Harris JPM99b5bc8bh,CHASE_TO_PARTNERFI,-256,"108,285.15",,0,,,
DEBIT,4/18/2025,"Zelle payment to Janet Benson, Inc. 24461031137",QUICKPAY_DEBIT,"-1,425.30","106,859.85",,0,,,
DEBIT,4/18/2025,GOOGLE *Google One 855-836-3987 CA           04/17,DEBIT_CARD,-10.88,"106,848.97",,0,,,
CREDIT,4/21/2025,ORIG CO NAME:BANKCARD-8566          ORIG ID:1592126793 DESC DATE:250420 CO ENTRY DESCR:MTOT DEP  SEC:CCD    TRACE#:091000015436572 EED:250421   IND ID:518089424394518              IND NAME:AUDIO PUBLISHERS ASSOC TRN: 1115436572TC,ACH_CREDIT,50,"106,898.97",,0,,,
CREDIT,4/21/2025,ORIG CO NAME:BANKCARD-8566          ORIG ID:1592126793 DESC DATE:250418 CO ENTRY DESCR:MTOT DEP  SEC:CCD    TRACE#:091000018046191 EED:250421   IND ID:518089424394518              IND NAME:AUDIO PUBLISHERS ASSOC TRN: 1088046191TC,ACH_CREDIT,825,"107,723.97",,0,,,
CREDIT,4/22/2025,ORIG CO NAME:SKYWIRE PAYMASTE       ORIG ID:A834441294 DESC DATE:       CO ENTRY DESCR:CORP PAY  SEC:CCD    TRACE#:031301424182237 EED:250422   IND ID:                             IND NAME:AUDIO PUBLISHERS ASSOC TRN: 1114182237TC,ACH_CREDIT,"1,375.00","109,098.97",,0,,,
CREDIT,4/23/2025,ORIG CO NAME:BANKCARD-8566          ORIG ID:1592126793 DESC DATE:250422 CO ENTRY DESCR:MTOT DEP  SEC:CCD    TRACE#:091000012471989 EED:250423   IND ID:518089424394518              IND NAME:AUDIO PUBLISHERS ASSOC TRN: 1122471989TC,ACH_CREDIT,50,"109,148.97",,0,,,
CREDIT,4/24/2025,ORIG CO NAME:BANKCARD-8566          ORIG ID:1592126793 DESC DATE:250423 CO ENTRY DESCR:MTOT DEP  SEC:CCD    TRACE#:091000016620887 EED:250424   IND ID:518089424394518              IND NAME:AUDIO PUBLISHERS ASSOC TRN: 1136620887TC,ACH_CREDIT,225,"109,373.97",,0,,,
CREDIT,4/28/2025,ORIG CO NAME:BANKCARD-8566          ORIG ID:1592126793 DESC DATE:250425 CO ENTRY DESCR:MTOT DEP  SEC:CCD    TRACE#:091000013705246 EED:250428   IND ID:518089424394518              IND NAME:AUDIO PUBLISHERS ASSOC TRN: 1153705246TC,ACH_CREDIT,462.5,"109,836.47",,0,,,
CREDIT,4/28/2025,ORIG CO NAME:BANKCARD-8566          ORIG ID:1592126793 DESC DATE:250427 CO ENTRY DESCR:MTOT DEP  SEC:CCD    TRACE#:091000011311479 EED:250428   IND ID:518089424394518              IND NAME:AUDIO PUBLISHERS ASSOC TRN: 1181311479TC,ACH_CREDIT,615,"110,451.47",,0,,,
CREDIT,4/29/2025,ORIG CO NAME:BANKCARD-8566          ORIG ID:1592126793 DESC DATE:250428 CO ENTRY DESCR:MTOT DEP  SEC:CCD    TRACE#:091000012349388 EED:250429   IND ID:518089424394518              IND NAME:AUDIO PUBLISHERS ASSOC TRN: 1192349388TC,ACH_CREDIT,123.75,"110,575.22",,0,,,
DEBIT,4/30/2025,Online Transfer to CHK ...7365 transaction#: 24585845531 04/30,ACCT_XFER,"-13,600.00","96,975.22",,0,,,
DEBIT,4/30/2025,Online ACH Payment 11170804595 To Shutterstock (_########4311),ACH_PAYMENT,"-3,600.00","93,375.22",,0,,,
DEBIT,4/30/2025,Online ACH Payment 11170804559 To BaileyDuquette (_######9908),ACH_PAYMENT,"-9,400.00","83,975.22",,0,,,
DEBIT,4/30/2025,Online ACH Payment 11170804547 To EdisonResearch (_######4589),ACH_PAYMENT,"-27,500.00","56,475.22",,0,,,
DEBIT,4/30/2025,Online ACH Payment 11170804539 To AudioFilePublications (_######5920),ACH_PAYMENT,"-21,565.00","34,910.22",,0,,,
CREDIT,4/30/2025,ORIG CO NAME:BANKCARD-8566          ORIG ID:1592126793 DESC DATE:250429 CO ENTRY DESCR:MTOT DEP  SEC:CCD    TRACE#:091000017827800 EED:250430   IND ID:518089424394518              IND NAME:AUDIO PUBLISHERS ASSOC TRN: 1197827800TC,ACH_CREDIT,"1,073.75","35,983.97",,0,,,
DEBIT,5/1/2025,GOOGLE *GSUITE_audio cc@google.com CA        05/01,DEBIT_CARD,-78.39,"35,905.58",,0,,,
CREDIT,5/1/2025,ORIG CO NAME:BANKCARD-8566          ORIG ID:1592126793 DESC DATE:250430 CO ENTRY DESCR:MTOT DEP  SEC:CCD    TRACE#:091000017711195 EED:250501   IND ID:518089424394518              IND NAME:AUDIO PUBLISHERS ASSOC TRN: 1217711195TC,ACH_CREDIT,563.75,"36,469.33",,0,,,
DEBIT,5/2/2025,ORIG CO NAME:BANKCARD-8566          ORIG ID:1592126793 DESC DATE:250430 CO ENTRY DESCR:MTOT DISC SEC:CCD    TRACE#:091000019538338 EED:250502   IND ID:518089424394518              IND NAME:AUDIO PUBLISHERS ASSOC TRN: 1219538338TC,ACH_DEBIT,-293.92,"36,175.41",,0,,,
CREDIT,5/2/2025,ORIG CO NAME:BANKCARD-8566          ORIG ID:1592126793 DESC DATE:250501 CO ENTRY DESCR:MTOT DEP  SEC:CCD    TRACE#:091000018625757 EED:250502   IND ID:518089424394518              IND NAME:AUDIO PUBLISHERS ASSOC TRN: 1218625757TC,ACH_CREDIT,297.5,"36,472.91",,0,,,
DEBIT,5/5/2025,SERVICE CHARGES FOR THE MONTH OF APRIL,FEE_TRANSACTION,-476,"35,996.91",,0,,,
DEBIT,5/5/2025,EIG*CONSTANTCONTACT.CO 855-2295506 MA        05/02,DEBIT_CARD,-170.94,"35,825.97",,0,,,
DEBIT,5/5/2025,FEDEX488978490 800-4633339 TN                05/02,DEBIT_CARD,-132.72,"35,693.25",,0,,,
CREDIT,5/5/2025,ORIG CO NAME:BANKCARD-8566          ORIG ID:1592126793 DESC DATE:250504 CO ENTRY DESCR:MTOT DEP  SEC:CCD    TRACE#:091000010944434 EED:250505   IND ID:518089424394518              IND NAME:AUDIO PUBLISHERS ASSOC TRN: 1250944434TC,ACH_CREDIT,165,"35,858.25",,0,,,
CREDIT,5/5/2025,ORIG CO NAME:BANKCARD-8566          ORIG ID:1592126793 DESC DATE:250504 CO ENTRY DESCR:MTOT DEP  SEC:CCD    TRACE#:091000010944435 EED:250505   IND ID:518089424394518              IND NAME:AUDIO PUBLISHERS ASSOC TRN: 1250944435TC,ACH_CREDIT,180,"36,038.25",,0,,,
CREDIT,5/5/2025,ORIG CO NAME:BANKCARD-8566          ORIG ID:1592126793 DESC DATE:250502 CO ENTRY DESCR:MTOT DEP  SEC:CCD    TRACE#:091000010944432 EED:250505   IND ID:518089424394518              IND NAME:AUDIO PUBLISHERS ASSOC TRN: 1250944432TC,ACH_CREDIT,533.75,"36,572.00",,0,,,
DSLIP,5/5/2025,REMOTE ONLINE DEPOSIT #          1,CHECK_DEPOSIT,"4,000.00","40,572.00",,0,,,
DEBIT,5/6/2025,Zelle payment to Tara Duffy JPM99b7ft7mk,CHASE_TO_PARTNERFI,"-3,000.00","37,572.00",,0,,,
CREDIT,5/7/2025,ORIG CO NAME:BANKCARD-8566          ORIG ID:1592126793 DESC DATE:250506 CO ENTRY DESCR:MTOT DEP  SEC:CCD    TRACE#:091000018907589 EED:250507   IND ID:518089424394518              IND NAME:AUDIO PUBLISHERS ASSOC TRN: 1268907589TC,ACH_CREDIT,223.75,"37,795.75",,0,,,
DEBIT,5/9/2025,ORIG CO NAME:ENTERTAINMENTCOM       ORIG ID:4270465600 DESC DATE:       CO ENTRY DESCR:ENTERTAINMSEC:CCD    TRACE#:111000022179844 EED:250509   IND ID:ST-F8I7P2M1Q5Z9              IND NAME:JOANNA LASKAS TRN: 1282179844TC,ACH_DEBIT,"-5,175.30","32,620.45",,0,,,
CREDIT,5/9/2025,ORIG CO NAME:BANKCARD-8566          ORIG ID:1592126793 DESC DATE:250508 CO ENTRY DESCR:MTOT DEP  SEC:CCD    TRACE#:091000011433776 EED:250509   IND ID:518089424394518              IND NAME:AUDIO PUBLISHERS ASSOC TRN: 1281433776TC,ACH_CREDIT,123.75,"32,744.20",,0,,,
DEBIT,5/12/2025,WEB*NETWORKSOLUTIONS 888-6429675 FL          05/11,DEBIT_CARD,-56.97,"32,687.23",,0,,,
DEBIT,5/12/2025,INTUIT *QBooks Onlin CL.INTUIT.COM CA        05/10,DEBIT_CARD,-255.86,"32,431.37",,0,,,
CREDIT,5/12/2025,ORIG CO NAME:BANKCARD-8566          ORIG ID:1592126793 DESC DATE:250511 CO ENTRY DESCR:MTOT DEP  SEC:CCD    TRACE#:091000012385268 EED:250512   IND ID:518089424394518              IND NAME:AUDIO PUBLISHERS ASSOC TRN: 1322385268TC,ACH_CREDIT,50,"32,481.37",,0,,,
CREDIT,5/12/2025,ORIG CO NAME:BANKCARD-8566          ORIG ID:1592126793 DESC DATE:250509 CO ENTRY DESCR:MTOT DEP  SEC:CCD    TRACE#:091000012910271 EED:250512   IND ID:518089424394518              IND NAME:AUDIO PUBLISHERS ASSOC TRN: 1292910271TC,ACH_CREDIT,188.75,"32,670.12",,0,,,
DEBIT,5/13/2025,"Zelle payment to Janet Benson, Inc. 24751046527",QUICKPAY_DEBIT,-659.88,"32,010.24",,0,,,
CREDIT,5/14/2025,ORIG CO NAME:BANKCARD-8566          ORIG ID:1592126793 DESC DATE:250513 CO ENTRY DESCR:MTOT DEP  SEC:CCD    TRACE#:091000019212547 EED:250514   IND ID:518089424394518              IND NAME:AUDIO PUBLISHERS ASSOC TRN: 1339212547TC,ACH_CREDIT,50,"32,060.24",,0,,,
CREDIT,5/14/2025,"CHIPS CREDIT VIA: DEUTSCHE BANK AG/0378 B/O: 1/BOOKWIRE GMBH 3/DE/FRANKFURT 60486 REF: NBNF=AUDIO PUBLISHERS ASSOCIATION, INC. NEW YORK NY 10013-1033 US/AC-0 00000009056 ORG=/DE8650070024002738 8805 3/DE/FRANKFURT 60486 OGB=/BL50 070024 DEUTDEDBFRA OBI=/URI/INVOICE NO. 200010046 BBI=/CHGS/USD0,00/CH GS/USD21,00 SSN: 00025839 TRN: 0003548134FC",WIRE_INCOMING,"5,479.00","37,539.24",,0,,,
CREDIT,5/15/2025,ORIG CO NAME:BANKCARD-8566          ORIG ID:1592126793 DESC DATE:250514 CO ENTRY DESCR:MTOT DEP  SEC:CCD    TRACE#:091000012454481 EED:250515   IND ID:518089424394518              IND NAME:AUDIO PUBLISHERS ASSOC TRN: 1342454481TC,ACH_CREDIT,123.75,"37,662.99",,0,,,
DEBIT,5/16/2025,ORIG CO NAME:Great Amer Ins         ORIG ID:F800146791 DESC DATE:250515 CO ENTRY DESCR:debitpmt  SEC:PPD    TRACE#:042000016838273 EED:250516   IND ID:#464237784                   IND NAME:GreatAmer                                                                                                    599000010810 TRN: 1356838273TC,ACH_DEBIT,-818,"36,844.99",,0,,,
CREDIT,5/16/2025,ORIG CO NAME:BANKCARD-8566          ORIG ID:1592126793 DESC DATE:250515 CO ENTRY DESCR:MTOT DEP  SEC:CCD    TRACE#:091000016069697 EED:250516   IND ID:518089424394518              IND NAME:AUDIO PUBLISHERS ASSOC TRN: 1356069697TC,ACH_CREDIT,123.75,"36,968.74",,0,,,
DEBIT,5/19/2025,GOOGLE *Google One 855-836-3987 CA           05/17,DEBIT_CARD,-10.88,"36,957.86",,0,,,
CREDIT,5/19/2025,ORIG CO NAME:BANKCARD-8566          ORIG ID:1592126793 DESC DATE:250518 CO ENTRY DESCR:MTOT DEP  SEC:CCD    TRACE#:091000016936427 EED:250519   IND ID:518089424394518              IND NAME:AUDIO PUBLISHERS ASSOC TRN: 1396936427TC,ACH_CREDIT,165,"37,122.86",,0,,,
CREDIT,5/20/2025,ORIG CO NAME:SPOTIFY ISO            ORIG ID:4284601835 DESC DATE:250520 CO ENTRY DESCR:PAYMENTS  SEC:CTX    TRACE#:021000022730899 EED:250520   IND ID:VBUS194697                   IND NAME:0008Audio Publishers TRN: 1402730899TC,ACH_CREDIT,"10,000.00","47,122.86",,0,,,
CREDIT,5/21/2025,ORIG CO NAME:BANKCARD-8566          ORIG ID:1592126793 DESC DATE:250520 CO ENTRY DESCR:MTOT DEP  SEC:CCD    TRACE#:091000016460266 EED:250521   IND ID:518089424394518              IND NAME:AUDIO PUBLISHERS ASSOC TRN: 1406460266TC,ACH_CREDIT,173.75,"47,296.61",,0,,,
CREDIT,5/22/2025,ORIG CO NAME:BANKCARD-8566          ORIG ID:1592126793 DESC DATE:250521 CO ENTRY DESCR:MTOT DEP  SEC:CCD    TRACE#:091000012827539 EED:250522   IND ID:518089424394518              IND NAME:AUDIO PUBLISHERS ASSOC TRN: 1412827539TC,ACH_CREDIT,203.75,"47,500.36",,0,,,
CREDIT,5/23/2025,ORIG CO NAME:BANKCARD-8566          ORIG ID:1592126793 DESC DATE:250522 CO ENTRY DESCR:MTOT DEP  SEC:CCD    TRACE#:091000019290431 EED:250523   IND ID:518089424394518              IND NAME:AUDIO PUBLISHERS ASSOC TRN: 1429290431TC,ACH_CREDIT,191.25,"47,691.61",,0,,,
CREDIT,5/27/2025,ORIG CO NAME:BANKCARD-8566          ORIG ID:1592126793 DESC DATE:250525 CO ENTRY DESCR:MTOT DEP  SEC:CCD    TRACE#:091000015374141 EED:250527   IND ID:518089424394518              IND NAME:AUDIO PUBLISHERS ASSOC TRN: 1475374141TC,ACH_CREDIT,150,"47,841.61",,0,,,
CREDIT,5/27/2025,ORIG CO NAME:BANKCARD-8566          ORIG ID:1592126793 DESC DATE:250526 CO ENTRY DESCR:MTOT DEP  SEC:CCD    TRACE#:091000015374143 EED:250527   IND ID:518089424394518              IND NAME:AUDIO PUBLISHERS ASSOC TRN: 1475374143TC,ACH_CREDIT,215,"48,056.61",,0,,,
CREDIT,5/27/2025,ORIG CO NAME:BANKCARD-8566          ORIG ID:1592126793 DESC DATE:250523 CO ENTRY DESCR:MTOT DEP  SEC:CCD    TRACE#:091000015374139 EED:250527   IND ID:518089424394518              IND NAME:AUDIO PUBLISHERS ASSOC TRN: 1475374139TC,ACH_CREDIT,"1,223.75","49,280.36",,0,,,
DEBIT,5/28/2025,Zelle payment to Black Spot 24923465292,QUICKPAY_DEBIT,-663.92,"48,616.44",,0,,,
DEBIT,5/28/2025,Zelle payment to Black Spot 24921939697,QUICKPAY_DEBIT,-663.92,"47,952.52",,0,,,
DEBIT,5/28/2025,Online ACH Payment 11174337181 To MicheleCobb (_######6800),ACH_PAYMENT,"-5,806.41","42,146.11",,0,,,
DEBIT,5/28/2025,Online ACH Payment 11174292813 To EdisonAudioMetricsLLC (_######2653),ACH_PAYMENT,"-38,750.00","3,396.11",,0,,,
DEBIT,5/28/2025,Online ACH Payment 11174304959 To OpenWater (_#####7501),ACH_PAYMENT,"-12,357.32","-8,961.21",,0,,,
CREDIT,5/28/2025,Online Transfer from MMA ...5639 transaction#: 24920929505,ACCT_XFER,"314,542.09","305,580.88",,0,,,
DEBIT,5/29/2025,Same-Day ACH Payment 11174461053 to Pelorus (_#####7365),ACH_PAYMENT,"-15,600.00","289,980.88",,0,,,
DEBIT,5/29/2025,ONLINE INTERNATIONAL WIRE TRANSFER A/C: COUTTS AND CO ESSEX UNITED KINGDOM SSO O-EJ GB REF: 25250450 BUSINESS EXPENSES/BNF/NONE TRN: 3108825149ES 05/29,WIRE_OUTGOING,"-5,500.00","284,480.88",,0,,,
CREDIT,5/29/2025,ORIG CO NAME:BANKCARD-8566          ORIG ID:1592126793 DESC DATE:250528 CO ENTRY DESCR:MTOT DEP  SEC:CCD    TRACE#:091000013703276 EED:250529   IND ID:518089424394518              IND NAME:AUDIO PUBLISHERS ASSOC TRN: 1493703276TC,ACH_CREDIT,123.75,"284,604.63",,0,,,
CREDIT,5/29/2025,Online Transfer from CHK ...7851 transaction#: 24929573579,ACCT_XFER,663.92,"285,268.55",,0,,,
CREDIT,5/30/2025,ORIG CO NAME:BANKCARD-8566          ORIG ID:1592126793 DESC DATE:250529 CO ENTRY DESCR:MTOT DEP  SEC:CCD    TRACE#:091000011235645 EED:250530   IND ID:518089424394518              IND NAME:AUDIO PUBLISHERS ASSOC TRN: 1491235645TC,ACH_CREDIT,715,"285,983.55",,0,,,
DEBIT,6/2/2025,ORIG CO NAME:BANKCARD-8566          ORIG ID:1592126793 DESC DATE:250531 CO ENTRY DESCR:MTOT DISC SEC:CCD    TRACE#:091000010665380 EED:250602   IND ID:518089424394518              IND NAME:AUDIO PUBLISHERS ASSOC TRN: 1530665380TC,ACH_DEBIT,-292.28,"285,691.27",,0,,,
DEBIT,6/2/2025,GOOGLE *GSUITE_audio cc@google.com CA        06/01,DEBIT_CARD,-80.9,"285,610.37",,0,,,
CREDIT,6/2/2025,ORIG CO NAME:BANKCARD-8566          ORIG ID:1592126793 DESC DATE:250530 CO ENTRY DESCR:MTOT DEP  SEC:CCD    TRACE#:091000018920647 EED:250602   IND ID:518089424394518              IND NAME:AUDIO PUBLISHERS ASSOC TRN: 1538920647TC,ACH_CREDIT,123.75,"285,734.12",,0,,,
CREDIT,6/2/2025,ORIG CO NAME:BANKCARD-8566          ORIG ID:1592126793 DESC DATE:250531 CO ENTRY DESCR:MTOT DEP  SEC:CCD    TRACE#:091000018920649 EED:250602   IND ID:518089424394518              IND NAME:AUDIO PUBLISHERS ASSOC TRN: 1538920649TC,ACH_CREDIT,215,"285,949.12",,0,,,
DEBIT,6/3/2025,INTUIT *QuickBooks CL.INTUIT.COM CA          06/03,DEBIT_CARD,"-1,087.66","284,861.46",,0,,,
DEBIT,6/3/2025,EIG*CONSTANTCONTACT.CO 855-2295506 MA        06/02,DEBIT_CARD,-190.54,"284,670.92",,0,,,
CREDIT,6/3/2025,ORIG CO NAME:BANKCARD-8566          ORIG ID:1592126793 DESC DATE:250602 CO ENTRY DESCR:MTOT DEP  SEC:CCD    TRACE#:091000010595582 EED:250603   IND ID:518089424394518              IND NAME:AUDIO PUBLISHERS ASSOC TRN: 1530595582TC,ACH_CREDIT,50,"284,720.92",,0,,,
CREDIT,6/3/2025,ORIG CO NAME:BANKCARD-8566          ORIG ID:1592126793 DESC DATE:250602 CO ENTRY DESCR:MTOT DEP  SEC:CCD    TRACE#:091000010595583 EED:250603   IND ID:518089424394518              IND NAME:AUDIO PUBLISHERS ASSOC TRN: 1530595583TC,ACH_CREDIT,522.5,"285,243.42",,0,,,
DEBIT,6/4/2025,SERVICE CHARGES FOR THE MONTH OF MAY,FEE_TRANSACTION,-170,"285,073.42",,0,,,
CREDIT,6/4/2025,ORIG CO NAME:BANKCARD-8566          ORIG ID:1592126793 DESC DATE:250603 CO ENTRY DESCR:MTOT DEP  SEC:CCD    TRACE#:091000014926488 EED:250604   IND ID:518089424394518              IND NAME:AUDIO PUBLISHERS ASSOC TRN: 1554926488TC,ACH_CREDIT,"2,437.50","287,510.92",,0,,,
DEBIT,6/5/2025,FEDEX         00011007 800-4633339 TN        06/04,DEBIT_CARD,-76.24,"287,434.68",,0,,,
CREDIT,6/5/2025,ORIG CO NAME:BANKCARD-8566          ORIG ID:1592126793 DESC DATE:250604 CO ENTRY DESCR:MTOT DEP  SEC:CCD    TRACE#:091000011042594 EED:250605   IND ID:518089424394518              IND NAME:AUDIO PUBLISHERS ASSOC TRN: 1551042594TC,ACH_CREDIT,"1,632.50","289,067.18",,0,,,
CREDIT,6/6/2025,ORIG CO NAME:BANKCARD-8566          ORIG ID:1592126793 DESC DATE:250605 CO ENTRY DESCR:MTOT DEP  SEC:CCD    TRACE#:091000015535332 EED:250606   IND ID:518089424394518              IND NAME:AUDIO PUBLISHERS ASSOC TRN: 1575535332TC,ACH_CREDIT,"1,075.00","290,142.18",,0,,,
CREDIT,6/9/2025,ORIG CO NAME:BANKCARD-8566          ORIG ID:1592126793 DESC DATE:250608 CO ENTRY DESCR:MTOT DEP  SEC:CCD    TRACE#:091000017600035 EED:250609   IND ID:518089424394518              IND NAME:AUDIO PUBLISHERS ASSOC TRN: 1607600035TC,ACH_CREDIT,110,"290,252.18",,0,,,
CREDIT,6/9/2025,ORIG CO NAME:BANKCARD-8566          ORIG ID:1592126793 DESC DATE:250606 CO ENTRY DESCR:MTOT DEP  SEC:CCD    TRACE#:091000018198119 EED:250609   IND ID:518089424394518              IND NAME:AUDIO PUBLISHERS ASSOC TRN: 1578198119TC,ACH_CREDIT,640,"290,892.18",,0,,,
CREDIT,6/9/2025,ORIG CO NAME:BANKCARD-8566          ORIG ID:1592126793 DESC DATE:250608 CO ENTRY DESCR:MTOT DEP  SEC:CCD    TRACE#:091000017600034 EED:250609   IND ID:518089424394518              IND NAME:AUDIO PUBLISHERS ASSOC TRN: 1607600034TC,ACH_CREDIT,950,"291,842.18",,0,,,
CREDIT,6/10/2025,ORIG CO NAME:BANKCARD-8566          ORIG ID:1592126793 DESC DATE:250609 CO ENTRY DESCR:MTOT DEP  SEC:CCD    TRACE#:091000017474134 EED:250610   IND ID:518089424394518              IND NAME:AUDIO PUBLISHERS ASSOC TRN: 1607474134TC,ACH_CREDIT,"1,200.00","293,042.18",,0,,,
CREDIT,6/11/2025,ORIG CO NAME:BANKCARD-8566          ORIG ID:1592126793 DESC DATE:250610 CO ENTRY DESCR:MTOT DEP  SEC:CCD    TRACE#:091000013760929 EED:250611   IND ID:518089424394518              IND NAME:AUDIO PUBLISHERS ASSOC TRN: 1613760929TC,ACH_CREDIT,210,"293,252.18",,0,,,
CREDIT,6/12/2025,ORIG CO NAME:BANKCARD-8566          ORIG ID:1592126793 DESC DATE:250611 CO ENTRY DESCR:MTOT DEP  SEC:CCD    TRACE#:091000011293622 EED:250612   IND ID:518089424394518              IND NAME:AUDIO PUBLISHERS ASSOC TRN: 1621293622TC,ACH_CREDIT,"1,293.75","294,545.93",,0,,,
DEBIT,6/13/2025,Online ACH Payment 11176469083 To Spotify (_#####1835),ACH_PAYMENT,"-10,000.00","284,545.93",,0,,,
CREDIT,6/13/2025,ORIG CO NAME:BANKCARD-8566          ORIG ID:1592126793 DESC DATE:250612 CO ENTRY DESCR:MTOT DEP  SEC:CCD    TRACE#:091000010503880 EED:250613   IND ID:518089424394518              IND NAME:AUDIO PUBLISHERS ASSOC TRN: 1630503880TC,ACH_CREDIT,777.5,"285,323.43",,0,,,
CREDIT,6/16/2025,ORIG CO NAME:BANKCARD-8566          ORIG ID:1592126793 DESC DATE:250615 CO ENTRY DESCR:MTOT DEP  SEC:CCD    TRACE#:091000019428153 EED:250616   IND ID:518089424394518              IND NAME:AUDIO PUBLISHERS ASSOC TRN: 1679428153TC,ACH_CREDIT,705,"286,028.43",,0,,,
CREDIT,6/16/2025,ORIG CO NAME:BANKCARD-8566          ORIG ID:1592126793 DESC DATE:250613 CO ENTRY DESCR:MTOT DEP  SEC:CCD    TRACE#:091000017632205 EED:250616   IND ID:518089424394518              IND NAME:AUDIO PUBLISHERS ASSOC TRN: 1647632205TC,ACH_CREDIT,581.25,"286,609.68",,0,,,
CREDIT,6/16/2025,ORIG CO NAME:GOOGLE                 ORIG ID:F770493581 DESC DATE:       CO ENTRY DESCR:ACCTVERIFYSEC:PPD    TRACE#:091000017738926 EED:250616   IND ID:US0046SNFI                   IND NAME:Audio Publishers Assoc                                                                                       014311036 CREDIT TRN: 1677738926TC,ACH_CREDIT,$0.02 ,"286,609.70",,,,,
CREDIT,6/17/2025,ORIG CO NAME:BANKCARD-8566          ORIG ID:1592126793 DESC DATE:250616 CO ENTRY DESCR:MTOT DEP  SEC:CCD    TRACE#:091000015253346 EED:250617   IND ID:518089424394518              IND NAME:AUDIO PUBLISHERS ASSOC TRN: 1675253346TC,ACH_CREDIT,220,"286,829.70",,,,,
DEBIT,6/18/2025,Online ACH Payment 11177031922 To CrisisPRFirm (_#########8182),ACH_PAYMENT,-7000,"279,829.70",,,,,
DEBIT,6/18/2025,Online ACH Payment 11176990619 To MicheleCobbBusiness (_######6800),ACH_PAYMENT,-16682.59,"263,147.11",,,,,
CREDIT,6/18/2025,ORIG CO NAME:BANKCARD-8566          ORIG ID:1592126793 DESC DATE:250617 CO ENTRY DESCR:MTOT DEP  SEC:CCD    TRACE#:091000018032741 EED:250618   IND ID:518089424394518              IND NAME:AUDIO PUBLISHERS ASSOC TRN: 1688032741TC,ACH_CREDIT,467.5,"263,614.61",,,,,
CREDIT,6/20/2025,ORIG CO NAME:BANKCARD-8566          ORIG ID:1592126793 DESC DATE:250619 CO ENTRY DESCR:MTOT DEP  SEC:CCD    TRACE#:091000012217961 EED:250620   IND ID:518089424394518              IND NAME:AUDIO PUBLISHERS ASSOC TRN: 1712217961TC,ACH_CREDIT,220,"263,834.61",,,,,
CREDIT,6/20/2025,ORIG CO NAME:BANKCARD-8566          ORIG ID:1592126793 DESC DATE:250618 CO ENTRY DESCR:MTOT DEP  SEC:CCD    TRACE#:091000017564386 EED:250620   IND ID:518089424394518              IND NAME:AUDIO PUBLISHERS ASSOC TRN: 1697564386TC,ACH_CREDIT,412.5,"264,247.11",,,,,
CREDIT,6/23/2025,ORIG CO NAME:BANKCARD-8566          ORIG ID:1592126793 DESC DATE:250622 CO ENTRY DESCR:MTOT DEP  SEC:CCD    TRACE#:091000011356499 EED:250623   IND ID:518089424394518              IND NAME:AUDIO PUBLISHERS ASSOC TRN: 1741356499TC,ACH_CREDIT,210,"264,457.11",,,,,
CREDIT,6/23/2025,ORIG CO NAME:BANKCARD-8566          ORIG ID:1592126793 DESC DATE:250622 CO ENTRY DESCR:MTOT DEP  SEC:CCD    TRACE#:091000011356498 EED:250623   IND ID:518089424394518              IND NAME:AUDIO PUBLISHERS ASSOC TRN: 1741356498TC,ACH_CREDIT,1720,"266,177.11",,,,,
CREDIT,6/23/2025,ORIG CO NAME:BANKCARD-8566          ORIG ID:1592126793 DESC DATE:250620 CO ENTRY DESCR:MTOT DEP  SEC:CCD    TRACE#:091000018638383 EED:250623   IND ID:518089424394518              IND NAME:AUDIO PUBLISHERS ASSOC TRN: 1718638383TC,ACH_CREDIT,2613.75,"268,790.86",,,,,
CREDIT,6/24/2025,ORIG CO NAME:BANKCARD-8566          ORIG ID:1592126793 DESC DATE:250623 CO ENTRY DESCR:MTOT DEP  SEC:CCD    TRACE#:091000016057443 EED:250624   IND ID:518089424394518              IND NAME:AUDIO PUBLISHERS ASSOC TRN: 1756057443TC,ACH_CREDIT,123.75,"268,914.61",,,,,
DEBIT,6/25/2025,ZOOM.COM 888-799-9666 ZOOM.US CA             06/24,DEBIT_CARD,-163.75,"268,750.86",,,,,
CREDIT,6/25/2025,ORIG CO NAME:BANKCARD-8566          ORIG ID:1592126793 DESC DATE:250624 CO ENTRY DESCR:MTOT DEP  SEC:CCD    TRACE#:091000010315404 EED:250625   IND ID:518089424394518              IND NAME:AUDIO PUBLISHERS ASSOC TRN: 1750315404TC,ACH_CREDIT,1383.75,"270,134.61",,,,,
CREDIT,6/26/2025,ORIG CO NAME:BANKCARD-8566          ORIG ID:1592126793 DESC DATE:250625 CO ENTRY DESCR:MTOT DEP  SEC:CCD    TRACE#:091000013632864 EED:250626   IND ID:518089424394518              IND NAME:AUDIO PUBLISHERS ASSOC TRN: 1773632864TC,ACH_CREDIT,385,"270,519.61",,,,,
CREDIT,6/27/2025,ORIG CO NAME:BANKCARD-8566          ORIG ID:1592126793 DESC DATE:250626 CO ENTRY DESCR:MTOT DEP  SEC:CCD    TRACE#:091000017953089 EED:250627   IND ID:518089424394518              IND NAME:AUDIO PUBLISHERS ASSOC TRN: 1777953089TC,ACH_CREDIT,965,"271,484.61",,,,,
DEBIT,6/30/2025,Online ACH Payment 11178191859 To ALA (_####0033),ACH_PAYMENT,-2341.31,"269,143.30",,,,,
DEBIT,6/30/2025,Online ACH Payment 11178201525 To Samonte (_######0176),ACH_PAYMENT,-35702.26,"233,441.04",,,,,
DEBIT,6/30/2025,Zelle payment to Janet Benson JPM99bdssgda,CHASE_TO_PARTNERFI,-29.55,"233,411.49",,,,,
CREDIT,6/30/2025,ORIG CO NAME:BANKCARD-8566          ORIG ID:1592126793 DESC DATE:250629 CO ENTRY DESCR:MTOT DEP  SEC:CCD    TRACE#:091000018655101 EED:250630   IND ID:518089424394518              IND NAME:AUDIO PUBLISHERS ASSOC TRN: 1818655101TC,ACH_CREDIT,330,"233,741.49",,,,,
CREDIT,6/30/2025,ORIG CO NAME:BANKCARD-8566          ORIG ID:1592126793 DESC DATE:250629 CO ENTRY DESCR:MTOT DEP  SEC:CCD    TRACE#:091000018655102 EED:250630   IND ID:518089424394518              IND NAME:AUDIO PUBLISHERS ASSOC TRN: 1818655102TC,ACH_CREDIT,698.75,"234,440.24",,,,,
CREDIT,6/30/2025,ORIG CO NAME:BANKCARD-8566          ORIG ID:1592126793 DESC DATE:250627 CO ENTRY DESCR:MTOT DEP  SEC:CCD    TRACE#:091000018655099 EED:250630   IND ID:518089424394518              IND NAME:AUDIO PUBLISHERS ASSOC TRN: 1818655099TC,ACH_CREDIT,975,"235,415.24",,,,,
